-- MySQL dump 10.13  Distrib 8.0.12, for Win64 (x86_64)
--
-- Host: localhost    Database: touroperator
-- ------------------------------------------------------
-- Server version	8.0.12

/*!40101 SET @OLD_CHARACTER_SET_CLIENT=@@CHARACTER_SET_CLIENT */;
/*!40101 SET @OLD_CHARACTER_SET_RESULTS=@@CHARACTER_SET_RESULTS */;
/*!40101 SET @OLD_COLLATION_CONNECTION=@@COLLATION_CONNECTION */;
 SET NAMES utf8 ;
/*!40103 SET @OLD_TIME_ZONE=@@TIME_ZONE */;
/*!40103 SET TIME_ZONE='+00:00' */;
/*!40014 SET @OLD_UNIQUE_CHECKS=@@UNIQUE_CHECKS, UNIQUE_CHECKS=0 */;
/*!40014 SET @OLD_FOREIGN_KEY_CHECKS=@@FOREIGN_KEY_CHECKS, FOREIGN_KEY_CHECKS=0 */;
/*!40101 SET @OLD_SQL_MODE=@@SQL_MODE, SQL_MODE='NO_AUTO_VALUE_ON_ZERO' */;
/*!40111 SET @OLD_SQL_NOTES=@@SQL_NOTES, SQL_NOTES=0 */;

--
-- Table structure for table `agent`
--

DROP TABLE IF EXISTS `agent`;
/*!40101 SET @saved_cs_client     = @@character_set_client */;
 SET character_set_client = utf8mb4 ;
CREATE TABLE `agent` (
  `ID_AGENT` int(8) NOT NULL,
  `NAME` varchar(45) DEFAULT NULL,
  `STREET` varchar(45) DEFAULT NULL,
  `NUMBER` int(4) DEFAULT NULL,
  `EMAIL` varchar(60) DEFAULT NULL,
  `PHONE` int(9) DEFAULT NULL,
  PRIMARY KEY (`ID_AGENT`)
) ENGINE=InnoDB DEFAULT CHARSET=utf8;
/*!40101 SET character_set_client = @saved_cs_client */;

--
-- Dumping data for table `agent`
--

LOCK TABLES `agent` WRITE;
/*!40000 ALTER TABLE `agent` DISABLE KEYS */;
INSERT INTO `agent` VALUES (1,'WEB_SITE','LOCAL',1,'LOCAL',1),(2,'OWN_AGENCY','LOCAL',2,'LOCAL',2),(12658574,'Nulla Cras Eu LLC            ','793-3813 Egestas C.               ',544,'Nunc.mauris@utaliquam.com                  ',237672708),(12658575,'Ultricies Ornare Ltd         ','109-716 Placerat Ctra.            ',750,'et.netus@variuseteuismod.ca               \"',121754209),(12658576,'Magna Industries             ','Apartado núm.: 527-7986 Nec C.    ',133,'venenatis@sodalespurusin.org              \"',209888766),(12658577,'Nulla Limited                ','Apartado núm.: 654                ',388,'scelerisque.neque.Nullam@sit.ca            ',343980033),(12658578,'Proin Vel Nisl Corp.         ','7273 Phasellus Carretera          ',451,'Cras.interdum.Nunc@maurisblandit.edu       ',328424707),(12658580,'Orci PC                      ','579-7666 Tincidunt C/             ',807,'imperdiet@magnaDuis.net                    ',465368427),(12658581,'Euismod Urna Ltd             ','977-9073 Aliquam Av.              ',509,'dui.Fusce.diam@nuncsit.edu                 ',111788912),(12658583,'Vel Corp.                    ','Apdo.:747-7861 Integer Calle      ',258,'diam@vehicula.ca                           ',880344611),(12658584,'Aliquet Odio Etiam Foundation','722-4411 In Carretera             ',272,'luctus.felis@turpis.com                    ',574406335),(12658585,'Dolor Inc.                   ','Apdo.:304-2885 Felis, Calle       ',431,'velit@amet.edu                             ',210610702),(12658586,'Luctus Sit Company           ','Apdo.:852-6226 Porttitor Carretera',948,'Mauris.non@lacusvarius.com                 ',509261926),(12658587,'Mi Enim Condimentum LLP      ','Apartado núm.: 374, 3732 Nulla C/ ',165,'volutpat.Nulla@sedorci.org                 ',426865023),(12658588,'Aenean Corporation           ','3160 Eget Av.                     ',714,'egestas.Aliquam.fringilla@temporaugue.co.uk',233105375),(12658589,'Dui Nec Company              ','Apartado núm.: 736, 6144 Ligula   ',457,'orci.Ut@Phasellus.com                      ',487937498),(12658590,'Etiam Vestibulum Corp.       ','Apdo.:488-9735 Egestas Avda.      ',449,'Vestibulum@tempus.com                      ',369233964);
/*!40000 ALTER TABLE `agent` ENABLE KEYS */;
UNLOCK TABLES;

--
-- Table structure for table `books`
--

DROP TABLE IF EXISTS `books`;
/*!40101 SET @saved_cs_client     = @@character_set_client */;
 SET character_set_client = utf8mb4 ;
CREATE TABLE `books` (
  `ID_CUST` varchar(10) NOT NULL,
  `BOOK_NUMBER` int(10) NOT NULL,
  `ID_PAY` int(2) DEFAULT NULL,
  `BOOK_DATE` date NOT NULL,
  `ID_AG` int(8) NOT NULL,
  PRIMARY KEY (`ID_CUST`,`BOOK_NUMBER`),
  KEY `FK_BOOK_PAY_idx` (`ID_PAY`),
  KEY `FK_BOOK_AG_idx` (`ID_AG`),
  KEY `FK_BOOK_TRA_idx` (`BOOK_NUMBER`),
  CONSTRAINT `FK_BOOK_AG` FOREIGN KEY (`ID_AG`) REFERENCES `agent` (`id_agent`),
  CONSTRAINT `FK_BOOK_CUST` FOREIGN KEY (`ID_CUST`) REFERENCES `customer` (`IDENTIFIER`),
  CONSTRAINT `FK_BOOK_PAY` FOREIGN KEY (`ID_PAY`) REFERENCES `payments` (`id_payment`),
  CONSTRAINT `FK_BOOK_TRA` FOREIGN KEY (`BOOK_NUMBER`) REFERENCES `travel` (`book_number`)
) ENGINE=InnoDB DEFAULT CHARSET=utf8;
/*!40101 SET character_set_client = @saved_cs_client */;

--
-- Dumping data for table `books`
--

LOCK TABLES `books` WRITE;
/*!40000 ALTER TABLE `books` DISABLE KEYS */;
INSERT INTO `books` VALUES ('161506187T',1000000003,1,'2019-01-02',12658577),('164303298L',1000000050,2,'2019-01-22',1),('164503117P',1000000008,1,'2019-01-04',12658577),('168307233H',1000000145,3,'2019-01-01',1),('168708190L',1000000133,3,'2019-01-12',2),('168711173M',1000000001,2,'2019-01-01',2),('168711173M',1000000073,3,'2019-01-02',12658583),('168711173M',1000000087,2,'2019-01-14',2),('168711173M',1000000092,2,'2019-01-09',2),('168711173M',1000000101,3,'2019-01-05',12658577),('168711173M',1000000131,2,'2019-01-07',1),('168711173M',1000000142,3,'2019-01-12',12658577),('168711173M',1000000160,2,'2019-01-11',2),('169112282N',1000000035,1,'2019-01-18',1),('X168403089',1000000019,1,'2019-01-08',2),('Y01494733X',1000000111,3,'2019-01-06',2),('Y161101258',1000000089,2,'2019-01-25',1),('Y162511112',1000000032,2,'2019-01-16',2),('Y166111058',1000000023,2,'2019-01-11',12658584),('Y166810097',1000000051,2,'2019-01-23',12658584),('Y166810097',1000000134,3,'2019-01-12',2),('Y166810097',1000000161,2,'2019-01-11',2),('Z162010193',1000000051,2,'2019-01-23',12658584),('Z162910059',1000000051,2,'2019-01-23',12658584),('Z164501288',1000000015,2,'2019-01-06',12658577),('Z164501288',1000000051,2,'2019-01-23',12658584),('Z168507294',1000000051,2,'2019-01-23',12658584);
/*!40000 ALTER TABLE `books` ENABLE KEYS */;
UNLOCK TABLES;

--
-- Table structure for table `buys`
--

DROP TABLE IF EXISTS `buys`;
/*!40101 SET @saved_cs_client     = @@character_set_client */;
 SET character_set_client = utf8mb4 ;
CREATE TABLE `buys` (
  `ID_SUB` varchar(10) NOT NULL,
  `ID_PRODU` int(9) NOT NULL,
  `BUY_DATE` date NOT NULL,
  `NO_VIP_SEATS` int(3) DEFAULT NULL,
  `NO_ECO_SEATS` int(3) DEFAULT NULL,
  PRIMARY KEY (`ID_SUB`,`ID_PRODU`,`BUY_DATE`),
  KEY `FK_BUY_PRODUCTS_idx` (`ID_PRODU`) /*!80000 INVISIBLE */,
  CONSTRAINT `FK_BUY_PRODUCTS` FOREIGN KEY (`ID_PRODU`) REFERENCES `products` (`id_products`),
  CONSTRAINT `FK_BUY_SUB` FOREIGN KEY (`ID_SUB`) REFERENCES `subcharter` (`id_subcharter`)
) ENGINE=InnoDB DEFAULT CHARSET=utf8;
/*!40101 SET character_set_client = @saved_cs_client */;

--
-- Dumping data for table `buys`
--

LOCK TABLES `buys` WRITE;
/*!40000 ALTER TABLE `buys` DISABLE KEYS */;
INSERT INTO `buys` VALUES ('FP09KTS4UR',100000117,'2019-01-01',0,15),('IB22NKG4EW',100000119,'2019-01-10',2,6),('MD70VZW4ZS',100000123,'2019-01-10',0,10),('MD70VZW4ZS',100000440,'2019-07-27',24,89),('MK64UBK0MT',100000124,'2019-01-20',4,20),('QZ27RGJ9VB',100000126,'2019-01-20',0,10),('WG25DRH5CL',100000129,'2019-01-30',4,20);
/*!40000 ALTER TABLE `buys` ENABLE KEYS */;
UNLOCK TABLES;

--
-- Table structure for table `cruise`
--

DROP TABLE IF EXISTS `cruise`;
/*!40101 SET @saved_cs_client     = @@character_set_client */;
 SET character_set_client = utf8mb4 ;
CREATE TABLE `cruise` (
  `ID_CRUISE` varchar(6) NOT NULL,
  `DEP_CRUISE_DATE` date DEFAULT NULL,
  `DEP_CRUISE_TIME` time DEFAULT NULL,
  `SHIP` varchar(45) DEFAULT NULL,
  `DEP_CITY` varchar(45) DEFAULT NULL,
  `DEP_PORT` varchar(45) DEFAULT NULL,
  `ARR_CITY` varchar(45) DEFAULT NULL,
  `ARR_PORT` varchar(45) DEFAULT NULL,
  `ARR_CRUISE_DATE` date DEFAULT NULL,
  `ARR_CRUISE_TIME` time DEFAULT NULL,
  `TOTAL_ROOM_EXT` int(3) DEFAULT NULL,
  `TOTAL_ROOM_INT` int(3) DEFAULT NULL,
  `PRICE_EXT` decimal(5,2) DEFAULT NULL,
  `PRICE_INT` decimal(5,2) DEFAULT NULL,
  PRIMARY KEY (`ID_CRUISE`)
) ENGINE=InnoDB DEFAULT CHARSET=utf8;
/*!40101 SET character_set_client = @saved_cs_client */;

--
-- Dumping data for table `cruise`
--

LOCK TABLES `cruise` WRITE;
/*!40000 ALTER TABLE `cruise` DISABLE KEYS */;
INSERT INTO `cruise` VALUES ('CR2001','2019-03-01','10:00:00','BALEARIA CRUISE   ','VALENCIA  ','PORT OF VALENCIA  ','VALENCIA  ','PORT OF VALENCIA  ','2019-03-21','10:00:00',150,220,150.00,115.00),('CR2002','2019-03-15','11:00:00','MEDITERRANEA   CRU','VALENCIA  ','PORT OF VALENCIA  ','BARCELONA ','PORT OF BARCELONA ','2019-03-30','11:00:00',150,230,175.00,145.00),('CR2003','2019-05-01','10:00:00','TUI CRUISE I      ','MALAGA    ','PORT OF MALAGA    ','MALAGA    ','PORT OF MALAGA    ','2019-05-18','10:00:00',150,240,150.00,100.00),('CR2004','2019-06-15','12:00:00','COSTA CRUCEROS    ','MALAGA    ','PORT OF MALAGA    ','VALENCIA  ','PORT OF VALENCIA  ','2019-06-22','12:00:00',212,260,165.00,135.00),('CR2005','2019-06-10','13:00:00','MSC CRUCEROS      ','BARCELONA ','PORT OF BARCELONA ','VENECIA   ','PORT OF VENECIA   ','2019-06-21','13:00:00',200,280,200.00,165.00),('CR2006','2019-07-01','18:00:00','COSTASOL CRUCEOS  ','MARBELLA  ','PORT OF MARBELLA  ','MALAGA    ','PORT OF MALAGA    ','2019-07-10','18:00:00',135,180,150.00,115.50),('CR2007','2019-07-20','10:00:00','NAUTALIA CRUCEROS ','VENECIA   ','PORT OF VENECIA   ','BARCELONA ','PORT OF BARCELONA ','2019-07-31','10:00:00',230,200,170.00,135.00),('CR2008','2019-08-01','09:00:00','TUI CRUISE II     ','ROTTERDAM ','PORT OF ROTTERDAM ','ROTTERDAM ','PORT OF ROTTERDAM ','2019-08-25','09:00:00',210,210,140.00,115.00),('CR2009','2019-08-10','11:00:00','PULLMANTUR CRUISE ','ROMA      ','PORT OF ROMA      ','ROMA      ','PORT OF ROMA      ','2019-09-01','11:00:00',260,200,180.00,145.00),('CR2010','2019-11-01','10:30:00','ROYAL CARIBEAN    ','COPENHAGUE','PORT OF COPENHAGUE','COPENHAGUE','PORT OF COPENHAGUE','2019-11-21','10:30:00',245,195,195.00,165.00);
/*!40000 ALTER TABLE `cruise` ENABLE KEYS */;
UNLOCK TABLES;

--
-- Table structure for table `customer`
--

DROP TABLE IF EXISTS `customer`;
/*!40101 SET @saved_cs_client     = @@character_set_client */;
 SET character_set_client = utf8mb4 ;
CREATE TABLE `customer` (
  `IDENTIFIER` varchar(10) NOT NULL,
  `ID_EMPLO` int(9) DEFAULT NULL,
  `CUST_NAME` varchar(50) DEFAULT NULL,
  `SURNAME` varchar(80) DEFAULT NULL,
  `DATE_BIRTH` date DEFAULT NULL,
  `STREET` varchar(60) DEFAULT NULL,
  `NUMBER` int(4) DEFAULT NULL,
  `NO_APART` int(4) DEFAULT NULL,
  `CITY` varchar(45) DEFAULT NULL,
  `COUNTRY` varchar(30) DEFAULT NULL,
  `MAIL` varchar(80) DEFAULT NULL,
  `PHONE` int(9) DEFAULT NULL,
  PRIMARY KEY (`IDENTIFIER`),
  KEY `FK_CUSTOM_EMPLO_idx` (`ID_EMPLO`),
  CONSTRAINT `FK_CUSTOM_EMPLO` FOREIGN KEY (`ID_EMPLO`) REFERENCES `employee` (`id_employee`)
) ENGINE=InnoDB DEFAULT CHARSET=utf8;
/*!40101 SET character_set_client = @saved_cs_client */;

--
-- Dumping data for table `customer`
--

LOCK TABLES `customer` WRITE;
/*!40000 ALTER TABLE `customer` DISABLE KEYS */;
INSERT INTO `customer` VALUES ('020742605D',NULL,'Maile     ','Short    ','1996-07-06','216-8783 Urna, Avenue               ',51,8,'Uijeongbu               ','Reunion             ','purus.accumsan@sodalesMaurisblandit.org        ',406774129),('161506187T',100000011,'Clarke    ','Jacobson ','1990-03-27','758-4105 Donec Av.                  ',44,16,'Pavone del Mella        ','Antarctica          ','sem@est.co.uk                                  ',138188526),('162005237I',NULL,'Geraldine ','Castillo ','1971-04-04','464-316 Lacinia Avenue              ',182,15,'Tourinnes-Saint-Lambert ','Mongolia            ','placerat.Cras.dictum@habitantmorbitristique.net',159565180),('164204159P',NULL,'Palmer    ','Compton  ','1988-02-13','3460 Nisl St.                       ',60,17,'Falciano del Massico    ','Botswana            ','ultricies.adipiscing@sit.co.uk                 ',905594681),('164303298L',NULL,'Kelly     ','Mckinney ','2004-05-06','4850 Quis, St.                      ',116,19,'Bonnyrigg               ','Andorra             ','metus@inconsectetuer.com                       ',496774010),('164410167Z',NULL,'Chaney    ','Cannon   ','1977-08-10','Ap #505-8788 Nascetur Avenue        ',109,14,'Southaven               ','Western Sahara      ','sit.amet.ante@blanditNam.org                   ',444076244),('164503117P',100000001,'Zephr     ','Deleon   ','2008-01-11','Ap #342-5875 Condimentum Av.        ',79,11,'Dover                   ','Nigeria             ','auctor.ullamcorper@sitametlorem.co.uk          ',158830889),('164905081Q',NULL,'Vernon    ','Whitaker ','1991-06-13','2621 Nibh Avenue                    ',57,12,'Gujrat                  ','Nicaragua           ','ante.dictum@utnisi.ca                          ',653172880),('166403213Z',NULL,'Davis     ','Fowler   ','2005-10-01','Ap #488-802 Ante Road               ',188,19,'Graven Grez-Doiceau     ','Ireland             ','eleifend@inceptos.ca                           ',304411629),('166604024H',NULL,'Burton    ','Mccall   ','1994-03-19','8801 Vitae Av.                      ',91,15,'Millesimo               ','Ecuador             ','faucibus.ut.nulla@maurisipsumporta.org         ',825645500),('166802085G',NULL,'Rama      ','Roth     ','1988-09-05','504-4786 Dignissim Rd.              ',134,11,'Adelaide                ','Costa Rica          ','purus.accumsan@atortorNunc.org                 ',740219592),('166908205B',NULL,'Boris     ','Burnett  ','1986-08-31','P.O. Box 863, 7075 A Avenue         ',67,5,'Recoleta                ','Algeria             ','ligula@ipsumdolorsit.net                       ',132882498),('167106145F',NULL,'Dean      ','Rosario  ','1976-08-21','1009 Vitae Rd.                      ',124,NULL,'Temploux                ','Dominica            ','Nunc.sed.orci@Crasconvallisconvallis.org       ',451906027),('167108061R',NULL,'Cora      ','Salazar  ','1989-04-26','P.O. Box 970, 5624 A St.            ',107,NULL,'Bedollo                 ','Italy               ','dui@Maecenasiaculis.com                        ',796316936),('167604256E',NULL,'Kuame     ','Hebert   ','1989-05-07','Ap #516-7015 Vel, Rd.               ',169,NULL,'Belogorsk               ','Burkina Faso        ','nunc.ac.mattis@duiSuspendisseac.ca             ',444659582),('167906293A',NULL,'Jesse     ','Bean     ','1991-05-18','P.O. Box 868, 4386 Vestibulum Avenue',63,19,'La Granja               ','Sint Maarten        ','nonummy@amet.org                               ',550384263),('168104167K',NULL,'Price     ','Snyder   ','2004-11-01','Ap #449-281 Accumsan Street         ',139,NULL,'Beausejour              ','Niger               ','odio@SuspendisseeleifendCras.ca                ',224178055),('168111232D',NULL,'Mona      ','Waters   ','2003-02-11','Ap #703-1444 Nec Street             ',100,7,'Green Bay               ','Spain               ','sem.Nulla.interdum@congueaaliquet.edu          ',309275322),('168202114T',NULL,'Dominique ','Jefferson','1992-10-31','Ap #145-6503 Augue Ave              ',41,NULL,'Hatfield                ','Palestine, State of ','est@non.ca                                     ',314590238),('168307233H',36985214,'Jayme     ','Morse    ','1981-10-25','1851 Mi Road                        ',186,15,'Pichidegua              ','Australia           ','faucibus@Fuscedolor.com                        ',913239120),('168606176R',NULL,'Glenna    ','Tate     ','1974-07-01','750-9158 Aptent Rd.                 ',131,NULL,'Sabadell                ','Malta               ','tortor.at.risus@eu.edu                         ',172510825),('168708190L',NULL,'Austin    ','Craig    ','1978-12-11','211-8470 In Av.                     ',105,16,'Ziano di Fiemme         ','Netherlands         ','imperdiet.ullamcorper.Duis@Suspendisse.edu     ',822700351),('168711173M',123658945,'Sylvester ','Horne    ','1979-11-28','Ap #340-9295 Erat. Ave              ',113,NULL,'Kharagpur               ','Guatemala           ','enim.Suspendisse@semsemper.net                 ',869404101),('169112282N',10112356,'Drew      ','Lee      ','1997-05-28','768-7362 Orci Road                  ',117,13,'Multan                  ','Gibraltar           ','dapibus.gravida.Aliquam@utcursus.org           ',709255715),('169306094M',NULL,'Cameron   ','Cervantes','1995-06-27','6139 Fames St.                      ',93,NULL,'South Jakarta           ','Angola              ','lorem.vitae.odio@Nullamlobortis.org            ',403258593),('169404239Y',NULL,'Ferris    ','Witt     ','1981-04-07','6899 Odio Road                      ',82,NULL,'Silvassa                ','Italy               ','dolor.Donec.fringilla@quisturpis.co.uk         ',667733194),('169409136T',NULL,'Garth     ','Skinner  ','2006-04-15','Ap #911-1391 Nam Ave                ',126,NULL,'Ofena                   ','Nicaragua           ','Cras@dolorQuisque.net                          ',715081623),('X160501174',NULL,'Zahir     ','Payne    ','2008-07-30','506-6432 Parturient Av.             ',49,18,'Sanliurfa               ','Chad                ','adipiscing.non.luctus@Duisatlacus.edu          ',115878287),('X164201083',NULL,'Nomlanga  ','Potts    ','1987-07-24','407-3378 Mauris St.                 ',175,6,'Cottbus                 ','Finland             ','magnis.dis.parturient@metuseuerat.edu          ',688619243),('X165510053',NULL,'Kessie    ','Ferrell  ','1987-02-20','Ap #458-3092 Imperdiet Av.          ',183,19,'Verrayes                ','Gabon               ','risus.Nulla.eget@Nullamfeugiatplacerat.co.uk   ',722327011),('X166206203',12965214,'Alfonso   ','Peters   ','1989-12-05','206-4436 Nullam St.                 ',110,9,'Penhold                 ','Seychelles          ','ornare.libero.at@temporaugueac.co.uk           ',386295037),('X166412153',NULL,'Donovan   ','Solomon  ','1976-12-31','584-4742 Mauris, Av.                ',36,12,'Shreveport              ','New Caledonia       ','placerat.orci@risusquisdiam.co.uk              ',236668107),('X168212306',NULL,'Adam      ','Wilson   ','1974-06-02','573-6624 Quisque Rd.                ',146,14,'West Vancouver          ','Falkland Islands    ','commodo.hendrerit@ultricesDuis.org             ',792406996),('X168403089',NULL,'Deanna    ','Mills    ','2007-03-02','597-9440 Nulla Av.                  ',142,16,'Grande Cache            ','Togo                ','fringilla.Donec@justo.com                      ',583761884),('X169005283',NULL,'Lucas     ','Sherman  ','1979-11-09','P.O. Box 505, 4487 Ultrices Rd.     ',174,12,'Daejeon                 ','Curaçao             ','lacus.Mauris@velit.com                         ',778773624),('Y01494733X',NULL,'Sopoline  ','Kirby    ','1987-05-12','851-355 Et, Street                  ',72,NULL,'Firenze                 ','Belgium             ','in@faucibusMorbivehicula.net                   ',774769694),('Y160210040',NULL,'Valentine ','Hudson   ','1997-02-24','329 Molestie Rd.                    ',135,18,'Smolensk                ','Mauritius           ','dictum.eleifend@posuereatvelit.edu             ',361334362),('Y160701023',945626321,'Zahir     ','Klein    ','2008-07-20','Ap #342-7360 Nec Rd.                ',138,4,'Lobnya                  ','Finland             ','ligula.Aliquam.erat@ornare.ca                  ',984343454),('Y161101258',123698547,'Charity   ','Bradley  ','1994-05-07','222-6405 Vel Street                 ',174,11,'Hamm                    ','Philippines         ','et@magnaSuspendisse.net                        ',749738416),('Y161102218',NULL,'India     ','Benton   ','2005-11-15','485-7203 Netus Ave                  ',147,8,'Township of Minden Hills','Slovenia            ','tristique.pellentesque.tellus@Nunc.net         ',994245349),('Y161910175',NULL,'Ferris    ','Hanson   ','2006-09-07','381-9071 Velit. Ave                 ',148,12,'Gary                    ','Venezuela           ','Aliquam.nec@Mauris.net                         ',709062472),('Y162511112',NULL,'Kiayada   ','Gaines   ','2006-09-14','P.O. Box 684, 8057 Vel, Street      ',104,11,'Niel-bij-As             ','Dominica            ','Cum.sociis@Suspendissetristiqueneque.co.uk     ',928893415),('Y165104288',NULL,'Lars      ','Mullen   ','1991-12-09','P.O. Box 890, 6228 Aenean Avenue    ',57,NULL,'Çesme                   ','Russian Federation  ','sem.magna@purusactellus.ca                     ',723998333),('Y166111058',NULL,'Emerson   ','Gonzalez ','1987-09-07','4749 Faucibus. Road                 ',56,19,'Hofstade                ','United Arab Emirates','tincidunt@fringillaestMauris.ca                ',616004550),('Y166810097',NULL,'Evangeline','Nielsen  ','1974-12-13','9363 Duis Rd.                       ',90,19,'Lions Bay               ','Bulgaria            ','libero@temporeratneque.net                     ',282937774),('Y169106290',NULL,'Lara      ','Fowler   ','2008-09-16','960-8269 Tellus. St.                ',53,14,'Nedlands                ','Mozambique          ','quis.accumsan.convallis@nibhlaciniaorci.co.uk  ',285127257),('Z162010193',NULL,'Travis    ','Vazquez  ','1970-05-12','1496 Curabitur Av.                  ',103,1,'Pinto                   ','Costa Rica          ','semper.tellus.id@diameu.edu                    ',218460115),('Z162910059',NULL,'Chava     ','Olsen    ','2005-03-18','Ap #414-5723 Suscipit St.           ',79,14,'Cache Creek             ','Kuwait              ','vulputate.ullamcorper@InfaucibusMorbi.com      ',273165416),('Z164501288',785231364,'Driscoll  ','Justice  ','1996-07-06','6338 Lacinia Road                   ',78,15,'Ingelheim               ','Madagascar          ','nibh.sit@dis.ca                                ',829372861),('Z168507294',NULL,'Patrick   ','Wolf     ','2005-02-08','881-1556 Nonummy Road               ',181,NULL,'Gasp?                   ','Burkina Faso        ','aliquet.Proin.velit@Phasellusdolor.net         ',684738718);
/*!40000 ALTER TABLE `customer` ENABLE KEYS */;
UNLOCK TABLES;

--
-- Table structure for table `employee`
--

DROP TABLE IF EXISTS `employee`;
/*!40101 SET @saved_cs_client     = @@character_set_client */;
 SET character_set_client = utf8mb4 ;
CREATE TABLE `employee` (
  `ID_EMPLOYEE` int(9) NOT NULL,
  `DEPARTMENT` varchar(45) DEFAULT NULL,
  `RANK` int(3) DEFAULT NULL,
  PRIMARY KEY (`ID_EMPLOYEE`)
) ENGINE=InnoDB DEFAULT CHARSET=utf8;
/*!40101 SET character_set_client = @saved_cs_client */;

--
-- Dumping data for table `employee`
--

LOCK TABLES `employee` WRITE;
/*!40000 ALTER TABLE `employee` DISABLE KEYS */;
INSERT INTO `employee` VALUES (12965214,'IT',8),(36985214,'PRODUCTS',8),(100000001,'PRESIDENT',1),(100000011,'FINANTIAL',5),(123658945,'ACCOUNTS',5),(123698547,'SALES',5),(785231364,'FLIGHT SPECIALIST',3),(945626321,'SERVICE DESK',7);
/*!40000 ALTER TABLE `employee` ENABLE KEYS */;
UNLOCK TABLES;

--
-- Table structure for table `employee_relative`
--

DROP TABLE IF EXISTS `employee_relative`;
/*!40101 SET @saved_cs_client     = @@character_set_client */;
 SET character_set_client = utf8mb4 ;
CREATE TABLE `employee_relative` (
  `ID_CUSTOMER` varchar(10) NOT NULL,
  `ID_EMPLO` int(9) DEFAULT NULL,
  `ID_REL` int(2) DEFAULT NULL,
  PRIMARY KEY (`ID_CUSTOMER`),
  KEY `FK_RELA_EMPLO_idx` (`ID_EMPLO`),
  KEY `FK_EMP_REL_REL_idx` (`ID_REL`),
  CONSTRAINT `FK_EMP_REL_EMPLO` FOREIGN KEY (`ID_EMPLO`) REFERENCES `employee` (`id_employee`),
  CONSTRAINT `FK_EMP_REL_REL` FOREIGN KEY (`ID_REL`) REFERENCES `relationships` (`id_relation`)
) ENGINE=InnoDB DEFAULT CHARSET=utf8;
/*!40101 SET character_set_client = @saved_cs_client */;

--
-- Dumping data for table `employee_relative`
--

LOCK TABLES `employee_relative` WRITE;
/*!40000 ALTER TABLE `employee_relative` DISABLE KEYS */;
INSERT INTO `employee_relative` VALUES ('162005237I',100000001,2),('166604024H',123698547,3),('166802085G',945626321,1),('168104167K',100000011,2),('168202114T',785231364,1),('X160501174',36985214,4),('Y161910175',12965214,2),('Y166810097',123658945,3);
/*!40000 ALTER TABLE `employee_relative` ENABLE KEYS */;
UNLOCK TABLES;

--
-- Table structure for table `flight`
--

DROP TABLE IF EXISTS `flight`;
/*!40101 SET @saved_cs_client     = @@character_set_client */;
 SET character_set_client = utf8mb4 ;
CREATE TABLE `flight` (
  `ID_FLIGHT` varchar(6) NOT NULL,
  `DEP_DATE_FLIGHT` date NOT NULL,
  `DEP_TIME_FLIGHT` time NOT NULL,
  `IATA_DEP` varchar(6) NOT NULL,
  `IATA_ARR` varchar(6) NOT NULL,
  `ARR_FLIGHT_DATE` date DEFAULT NULL,
  `ARR_FLIGHT_TIME` time DEFAULT NULL,
  `PLANE` varchar(45) DEFAULT NULL,
  `TOTAL_SEAT_VIP` int(3) DEFAULT NULL,
  `TOTAL_SEAT_ECO` int(3) DEFAULT NULL,
  `PRICE_VIP` decimal(5,2) DEFAULT NULL,
  `PRICE_ECO` decimal(5,2) DEFAULT NULL,
  PRIMARY KEY (`ID_FLIGHT`,`DEP_DATE_FLIGHT`,`DEP_TIME_FLIGHT`,`IATA_DEP`,`IATA_ARR`)
) ENGINE=InnoDB DEFAULT CHARSET=utf8;
/*!40101 SET character_set_client = @saved_cs_client */;

--
-- Dumping data for table `flight`
--

LOCK TABLES `flight` WRITE;
/*!40000 ALTER TABLE `flight` DISABLE KEYS */;
INSERT INTO `flight` VALUES ('AZ1010','2019-01-11','08:00:00','AGP','BRU','2019-01-11','10:00:00','BOEING 737 ',24,110,125.50,65.00),('AZ1010','2019-01-12','08:00:00','BRU','AGP','2019-01-12','10:00:00','BOEING 737 ',24,110,125.50,95.00),('AZ1010','2019-04-11','08:00:00','AGP','BRU','2019-04-11','10:00:00','BOEING 737 ',24,110,125.50,65.00),('AZ1010','2019-04-12','08:00:00','BRU','AGP','2019-04-12','10:00:00','BOEING 737 ',24,110,125.50,95.00),('AZ1010','2019-07-11','08:00:00','AGP','BRU','2019-07-11','10:00:00','BOEING 737 ',24,110,125.50,65.00),('AZ1010','2019-07-12','08:00:00','BRU','AGP','2019-07-12','10:00:00','BOEING 737 ',24,110,125.50,95.00),('AZ1010','2019-09-11','08:00:00','AGP','BRU','2019-09-11','10:00:00','BOEING 737 ',24,110,125.50,65.00),('AZ1010','2019-09-12','08:00:00','BRU','AGP','2019-09-12','10:00:00','BOEING 737 ',24,110,125.50,95.00),('AZ1011','2019-01-12','08:30:00','BRU','OST','2019-01-12','10:00:00','AIRBUR A350',24,130,125.50,75.00),('AZ1011','2019-01-13','08:30:00','OST','BRU','2019-01-13','10:00:00','AIRBUR A350',24,130,125.50,85.00),('AZ1011','2019-04-12','08:30:00','BRU','OST','2019-04-12','10:00:00','AIRBUR A350',24,130,125.50,75.00),('AZ1011','2019-04-13','08:30:00','OST','BRU','2019-04-13','10:00:00','AIRBUR A350',24,130,125.50,85.00),('AZ1011','2019-07-12','08:30:00','BRU','OST','2019-07-12','10:00:00','AIRBUR A350',24,130,125.50,75.00),('AZ1011','2019-07-13','08:30:00','OST','BRU','2019-07-13','10:00:00','AIRBUR A350',24,130,125.50,85.00),('AZ1011','2019-09-12','08:30:00','BRU','OST','2019-09-12','10:00:00','AIRBUR A350',24,130,125.50,75.00),('AZ1011','2019-09-13','08:30:00','OST','BRU','2019-09-13','10:00:00','AIRBUR A350',24,130,125.50,85.00),('AZ1012','2019-01-13','12:00:00','OST','AGP','2019-01-13','13:40:00','AIRBUS A320',24,120,225.50,70.00),('AZ1012','2019-01-14','12:00:00','AGP','OST','2019-01-14','13:40:00','AIRBUS A320',24,120,225.50,70.00),('AZ1012','2019-04-13','12:00:00','OST','AGP','2019-04-13','13:40:00','AIRBUS A320',24,120,225.50,70.00),('AZ1012','2019-04-14','12:00:00','AGP','OST','2019-04-14','13:40:00','AIRBUS A320',24,120,225.50,70.00),('AZ1012','2019-07-13','12:00:00','OST','AGP','2019-07-13','13:40:00','AIRBUS A320',24,120,225.50,70.00),('AZ1012','2019-07-14','12:00:00','AGP','OST','2019-07-14','13:40:00','AIRBUS A320',24,120,225.50,70.00),('AZ1012','2019-09-13','12:00:00','OST','AGP','2019-09-13','13:40:00','AIRBUS A320',24,120,225.50,70.00),('AZ1012','2019-09-14','12:00:00','AGP','OST','2019-09-14','13:40:00','AIRBUS A320',24,120,225.50,70.00),('AZ1013','2019-01-14','15:00:00','TFS','CDG','2019-01-14','16:50:00','BOEING 787 ',24,110,225.50,54.00),('AZ1013','2019-01-15','15:00:00','CDG','TFS','2019-01-15','16:50:00','BOEING 787 ',24,110,225.50,74.00),('AZ1013','2019-04-14','15:00:00','TFS','CDG','2019-04-14','16:50:00','BOEING 787 ',24,110,225.50,54.00),('AZ1013','2019-04-15','15:00:00','CDG','TFS','2019-04-15','16:50:00','BOEING 787 ',24,110,225.50,74.00),('AZ1013','2019-07-14','15:00:00','TFS','CDG','2019-07-14','16:50:00','BOEING 787 ',24,110,225.50,54.00),('AZ1013','2019-07-15','15:00:00','CDG','TFS','2019-07-15','16:50:00','BOEING 787 ',24,110,225.50,74.00),('AZ1013','2019-09-14','15:00:00','TFS','CDG','2019-09-14','16:50:00','BOEING 787 ',24,110,225.50,54.00),('AZ1013','2019-09-15','15:00:00','CDG','TFS','2019-09-15','16:50:00','BOEING 787 ',24,110,225.50,74.00),('AZ1014','2019-01-15','16:40:00','ALC','BRU','2019-01-15','18:00:00','BOEING M50 ',12,90,125.50,32.00),('AZ1014','2019-01-16','16:40:00','BRU','ALC','2019-01-16','18:00:00','BOEING M50 ',12,90,125.50,62.00),('AZ1014','2019-04-15','16:40:00','ALC','BRU','2019-04-15','18:00:00','BOEING M50 ',12,90,125.50,32.00),('AZ1014','2019-04-16','16:40:00','BRU','ALC','2019-04-16','18:00:00','BOEING M50 ',12,90,125.50,62.00),('AZ1014','2019-07-15','16:40:00','ALC','BRU','2019-07-15','18:00:00','BOEING M50 ',12,90,125.50,32.00),('AZ1014','2019-07-16','16:40:00','BRU','ALC','2019-07-16','18:00:00','BOEING M50 ',12,90,125.50,62.00),('AZ1014','2019-09-15','16:40:00','ALC','BRU','2019-09-15','18:00:00','BOEING M50 ',12,90,125.50,32.00),('AZ1014','2019-09-16','16:40:00','BRU','ALC','2019-09-16','18:00:00','BOEING M50 ',12,90,125.50,62.00),('AZ1015','2019-01-16','17:10:00','BRU','ALC','2019-01-16','18:45:00','BOEING M90 ',12,90,145.50,32.00),('AZ1015','2019-01-17','17:10:00','ALC','BRU','2019-01-17','18:45:00','BOEING M90 ',12,90,145.50,62.00),('AZ1015','2019-04-16','17:10:00','BRU','ALC','2019-04-16','18:45:00','BOEING M90 ',12,90,145.50,32.00),('AZ1015','2019-04-17','17:10:00','ALC','BRU','2019-04-17','18:45:00','BOEING M90 ',12,90,145.50,62.00),('AZ1015','2019-07-16','17:10:00','BRU','ALC','2019-07-16','18:45:00','BOEING M90 ',12,90,145.50,32.00),('AZ1015','2019-07-17','17:10:00','ALC','BRU','2019-07-17','18:45:00','BOEING M90 ',12,90,145.50,62.00),('AZ1015','2019-09-16','17:10:00','BRU','ALC','2019-09-16','18:45:00','BOEING M90 ',12,90,145.50,32.00),('AZ1015','2019-09-17','17:10:00','ALC','BRU','2019-09-17','18:45:00','BOEING M90 ',12,90,145.50,62.00),('AZ1016','2019-01-17','20:30:00','AGP','BRU','2019-01-17','22:10:00','BOEING N75 ',12,90,125.50,32.00),('AZ1016','2019-01-18','20:30:00','BRU','AGP','2019-01-18','22:10:00','BOEING N75 ',12,90,125.50,62.00),('AZ1016','2019-04-17','20:30:00','AGP','BRU','2019-04-17','22:10:00','BOEING N75 ',12,90,125.50,32.00),('AZ1016','2019-04-18','20:30:00','BRU','AGP','2019-04-18','22:10:00','BOEING N75 ',12,90,125.50,62.00),('AZ1016','2019-07-17','20:30:00','AGP','BRU','2019-07-17','22:10:00','BOEING N75 ',12,90,125.50,32.00),('AZ1016','2019-07-18','20:30:00','BRU','AGP','2019-07-18','22:10:00','BOEING N75 ',12,90,125.50,62.00),('AZ1016','2019-09-17','20:30:00','AGP','BRU','2019-09-17','22:10:00','BOEING N75 ',12,90,125.50,32.00),('AZ1016','2019-09-18','20:30:00','BRU','AGP','2019-09-18','22:10:00','BOEING N75 ',12,90,125.50,62.00),('AZ1017','2019-01-18','22:00:00','BRU','OST','2019-01-18','23:55:00','BOEING A320',24,110,125.50,70.00),('AZ1017','2019-01-19','22:00:00','OST','BRU','2019-01-19','23:55:00','BOEING A320',24,110,125.50,80.00),('AZ1017','2019-04-18','22:00:00','BRU','OST','2019-04-18','23:55:00','BOEING A320',24,110,125.50,70.00),('AZ1017','2019-04-19','22:00:00','OST','BRU','2019-04-19','23:55:00','BOEING A320',24,110,125.50,80.00),('AZ1017','2019-07-18','22:00:00','BRU','OST','2019-07-18','23:55:00','BOEING A320',24,110,125.50,70.00),('AZ1017','2019-07-19','22:00:00','OST','BRU','2019-07-19','23:55:00','BOEING A320',24,110,125.50,80.00),('AZ1017','2019-09-18','22:00:00','BRU','OST','2019-09-18','23:55:00','BOEING A320',24,110,125.50,70.00),('AZ1017','2019-09-19','22:00:00','OST','BRU','2019-09-19','23:55:00','BOEING A320',24,110,125.50,80.00),('AZ1018','2019-01-19','08:00:00','OST','AGP','2019-01-19','10:00:00','BOEING 737 ',24,110,125.50,54.00),('AZ1018','2019-01-20','08:00:00','AGP','OST','2019-01-20','10:00:00','BOEING 737 ',24,110,125.50,74.00),('AZ1018','2019-04-19','08:00:00','OST','AGP','2019-04-19','10:00:00','BOEING 737 ',24,110,125.50,54.00),('AZ1018','2019-04-20','08:00:00','AGP','OST','2019-04-20','10:00:00','BOEING 737 ',24,110,125.50,74.00),('AZ1018','2019-07-19','08:00:00','OST','AGP','2019-07-19','10:00:00','BOEING 737 ',24,110,125.50,54.00),('AZ1018','2019-07-20','08:00:00','AGP','OST','2019-07-20','10:00:00','BOEING 737 ',24,110,125.50,74.00),('AZ1018','2019-09-19','08:00:00','OST','AGP','2019-09-19','10:00:00','BOEING 737 ',24,110,125.50,54.00),('AZ1018','2019-09-20','08:00:00','AGP','OST','2019-09-20','10:00:00','BOEING 737 ',24,110,125.50,74.00),('AZ1019','2019-01-20','08:30:00','TFS','CDG','2019-01-20','10:00:00','AIRBUR A350',24,130,125.50,85.00),('AZ1019','2019-01-21','08:30:00','CDG','TFS','2019-01-21','10:00:00','AIRBUR A350',24,130,125.50,85.00),('AZ1019','2019-04-20','08:30:00','TFS','CDG','2019-04-20','10:00:00','AIRBUR A350',24,130,125.50,85.00),('AZ1019','2019-04-21','08:30:00','CDG','TFS','2019-04-21','10:00:00','AIRBUR A350',24,130,125.50,85.00),('AZ1019','2019-07-20','08:30:00','TFS','CDG','2019-07-20','10:00:00','AIRBUR A350',24,130,125.50,85.00),('AZ1019','2019-07-21','08:30:00','CDG','TFS','2019-07-21','10:00:00','AIRBUR A350',24,130,125.50,85.00),('AZ1019','2019-09-20','08:30:00','TFS','CDG','2019-09-20','10:00:00','AIRBUR A350',24,130,125.50,85.00),('AZ1019','2019-09-21','08:30:00','CDG','TFS','2019-09-21','10:00:00','AIRBUR A350',24,130,125.50,85.00),('AZ1020','2019-01-21','12:00:00','ALC','BRU','2019-01-21','13:40:00','AIRBUS A320',24,120,125.50,70.00),('AZ1020','2019-01-22','12:00:00','BRU','ALC','2019-01-22','13:40:00','AIRBUS A320',24,120,125.50,90.00),('AZ1020','2019-04-21','12:00:00','ALC','BRU','2019-04-21','13:40:00','AIRBUS A320',24,120,125.50,70.00),('AZ1020','2019-04-22','12:00:00','BRU','ALC','2019-04-22','13:40:00','AIRBUS A320',24,120,125.50,90.00),('AZ1020','2019-07-21','12:00:00','ALC','BRU','2019-07-21','13:40:00','AIRBUS A320',24,120,125.50,70.00),('AZ1020','2019-07-22','12:00:00','BRU','ALC','2019-07-22','13:40:00','AIRBUS A320',24,120,125.50,90.00),('AZ1020','2019-09-21','12:00:00','ALC','BRU','2019-09-21','13:40:00','AIRBUS A320',24,120,125.50,70.00),('AZ1020','2019-09-22','12:00:00','BRU','ALC','2019-09-22','13:40:00','AIRBUS A320',24,120,125.50,90.00),('AZ1021','2019-01-22','15:00:00','BRU','ALC','2019-01-22','16:50:00','BOEING 787 ',24,90,155.50,88.00),('AZ1021','2019-01-23','15:00:00','ALC','BRU','2019-01-23','16:50:00','BOEING 787 ',24,90,155.50,68.00),('AZ1021','2019-04-22','15:00:00','BRU','ALC','2019-04-22','16:50:00','BOEING 787 ',24,90,155.50,88.00),('AZ1021','2019-04-23','15:00:00','ALC','BRU','2019-04-23','16:50:00','BOEING 787 ',24,90,155.50,68.00),('AZ1021','2019-07-22','15:00:00','BRU','ALC','2019-07-22','16:50:00','BOEING 787 ',24,90,155.50,88.00),('AZ1021','2019-07-23','15:00:00','ALC','BRU','2019-07-23','16:50:00','BOEING 787 ',24,90,155.50,68.00),('AZ1021','2019-09-22','15:00:00','BRU','ALC','2019-09-22','16:50:00','BOEING 787 ',24,90,155.50,88.00),('AZ1021','2019-09-23','15:00:00','ALC','BRU','2019-09-23','16:50:00','BOEING 787 ',24,90,155.50,68.00),('AZ1022','2019-01-23','16:40:00','AGP','BRU','2019-01-23','18:00:00','BOEING M50 ',12,90,125.50,74.00),('AZ1022','2019-01-24','16:40:00','BRU','AGP','2019-01-24','18:00:00','BOEING M50 ',12,90,125.50,64.00),('AZ1022','2019-04-23','16:40:00','AGP','BRU','2019-04-23','18:00:00','BOEING M50 ',12,90,125.50,74.00),('AZ1022','2019-04-24','16:40:00','BRU','AGP','2019-04-24','18:00:00','BOEING M50 ',12,90,125.50,64.00),('AZ1022','2019-07-23','16:40:00','AGP','BRU','2019-07-23','18:00:00','BOEING M50 ',12,90,125.50,74.00),('AZ1022','2019-07-24','16:40:00','BRU','AGP','2019-07-24','18:00:00','BOEING M50 ',12,90,125.50,64.00),('AZ1022','2019-09-23','16:40:00','AGP','BRU','2019-09-23','18:00:00','BOEING M50 ',12,90,125.50,74.00),('AZ1022','2019-09-24','16:40:00','BRU','AGP','2019-09-24','18:00:00','BOEING M50 ',12,90,125.50,64.00),('AZ1023','2019-01-24','17:10:00','BRU','OST','2019-01-24','18:45:00','BOEING M90 ',12,90,125.50,94.00),('AZ1023','2019-01-25','17:10:00','OST','BRU','2019-01-25','18:45:00','BOEING M90 ',12,90,125.50,64.00),('AZ1023','2019-04-24','17:10:00','BRU','OST','2019-04-24','18:45:00','BOEING M90 ',12,90,125.50,94.00),('AZ1023','2019-04-25','17:10:00','OST','BRU','2019-04-25','18:45:00','BOEING M90 ',12,90,125.50,64.00),('AZ1023','2019-07-24','17:10:00','BRU','OST','2019-07-24','18:45:00','BOEING M90 ',12,90,125.50,94.00),('AZ1023','2019-07-25','17:10:00','OST','BRU','2019-07-25','18:45:00','BOEING M90 ',12,90,125.50,64.00),('AZ1023','2019-09-24','17:10:00','BRU','OST','2019-09-24','18:45:00','BOEING M90 ',12,90,125.50,94.00),('AZ1023','2019-09-25','17:10:00','OST','BRU','2019-09-25','18:45:00','BOEING M90 ',12,90,125.50,64.00),('AZ1024','2019-01-25','20:30:00','OST','AGP','2019-01-25','22:10:00','BOEING N75 ',12,90,125.50,60.00),('AZ1024','2019-01-26','20:30:00','AGP','OST','2019-01-26','22:10:00','BOEING N75 ',12,90,125.50,60.00),('AZ1024','2019-04-25','20:30:00','OST','AGP','2019-04-25','22:10:00','BOEING N75 ',12,90,125.50,60.00),('AZ1024','2019-04-26','20:30:00','AGP','OST','2019-04-26','22:10:00','BOEING N75 ',12,90,125.50,60.00),('AZ1024','2019-07-25','20:30:00','OST','AGP','2019-07-25','22:10:00','BOEING N75 ',12,90,125.50,60.00),('AZ1024','2019-07-26','20:30:00','AGP','OST','2019-07-26','22:10:00','BOEING N75 ',12,90,125.50,60.00),('AZ1024','2019-09-25','20:30:00','OST','AGP','2019-09-25','22:10:00','BOEING N75 ',12,90,125.50,60.00),('AZ1024','2019-09-26','20:30:00','AGP','OST','2019-09-26','22:10:00','BOEING N75 ',12,90,125.50,60.00),('AZ1025','2019-01-26','22:00:00','TFS','CDG','2019-01-26','23:55:00','BOEING A320',24,120,125.50,70.00),('AZ1025','2019-01-27','22:00:00','CDG','TFS','2019-01-27','23:55:00','BOEING A320',24,120,125.50,80.00),('AZ1025','2019-04-26','22:00:00','TFS','CDG','2019-04-26','23:55:00','BOEING A320',24,120,125.50,70.00),('AZ1025','2019-04-27','22:00:00','CDG','TFS','2019-04-27','23:55:00','BOEING A320',24,120,125.50,80.00),('AZ1025','2019-07-26','22:00:00','TFS','CDG','2019-07-26','23:55:00','BOEING A320',24,120,125.50,70.00),('AZ1025','2019-07-27','22:00:00','CDG','TFS','2019-07-27','23:55:00','BOEING A320',24,120,125.50,80.00),('AZ1025','2019-09-26','22:00:00','TFS','CDG','2019-09-26','23:55:00','BOEING A320',24,120,125.50,70.00),('AZ1025','2019-09-27','22:00:00','CDG','TFS','2019-09-27','23:55:00','BOEING A320',24,120,125.50,80.00),('AZ1026','2019-01-27','08:00:00','ALC','BRU','2019-01-27','10:00:00','BOEING M91 ',24,90,125.50,65.00),('AZ1026','2019-01-28','08:00:00','BRU','ALC','2019-01-28','10:00:00','BOEING M91 ',24,90,125.50,75.00),('AZ1026','2019-04-27','08:00:00','ALC','BRU','2019-04-27','10:00:00','BOEING M91 ',24,90,125.50,65.00),('AZ1026','2019-04-28','08:00:00','BRU','ALC','2019-04-28','10:00:00','BOEING M91 ',24,90,125.50,75.00),('AZ1026','2019-07-27','08:00:00','ALC','BRU','2019-07-27','10:00:00','BOEING M91 ',24,90,125.50,65.00),('AZ1026','2019-07-28','08:00:00','BRU','ALC','2019-07-28','10:00:00','BOEING M91 ',24,90,125.50,75.00),('AZ1026','2019-09-27','08:00:00','ALC','BRU','2019-09-27','10:00:00','BOEING M91 ',24,90,125.50,65.00),('AZ1026','2019-09-28','08:00:00','BRU','ALC','2019-09-28','10:00:00','BOEING M91 ',24,90,125.50,75.00),('AZ1027','2019-02-10','08:00:00','TFS','MAD','2019-02-10','11:00:00','BOEING A320 ',24,110,165.50,95.00),('AZ1027','2019-02-10','12:00:00','MAD','TFS','2019-02-10','15:00:00','BOEING A320 ',24,110,165.50,95.00),('AZ1027','2019-05-10','08:00:00','TFS','MAD','2019-05-10','11:00:00','BOEING A320 ',24,110,165.50,95.00),('AZ1027','2019-05-10','12:00:00','MAD','TFS','2019-05-10','15:00:00','BOEING A320 ',24,110,165.50,95.00),('AZ1027','2019-08-10','08:00:00','TFS','MAD','2019-08-10','11:00:00','BOEING A320 ',24,110,165.50,95.00),('AZ1027','2019-08-10','12:00:00','MAD','TFS','2019-08-10','15:00:00','BOEING A320 ',24,110,165.50,95.00),('AZ1027','2019-10-10','08:00:00','TFS','MAD','2019-10-10','11:00:00','BOEING A320 ',24,110,165.50,95.00),('AZ1027','2019-10-10','12:00:00','MAD','TFS','2019-10-10','15:00:00','BOEING A320 ',24,110,165.50,95.00),('YM8506','2019-01-28','08:30:00','CDG','BEL','2019-01-28','10:00:00','BOEING N76 ',12,90,125.50,94.00),('YM8506','2019-01-29','08:30:00','BEL','CDG','2019-01-29','10:00:00','BOEING N76 ',12,90,125.50,74.00),('YM8506','2019-04-28','08:30:00','CDG','BEL','2019-04-28','10:00:00','BOEING N76 ',12,90,125.50,94.00),('YM8506','2019-04-29','08:30:00','BEL','CDG','2019-04-29','10:00:00','BOEING N76 ',12,90,125.50,74.00),('YM8506','2019-07-28','08:30:00','CDG','BEL','2019-07-28','10:00:00','BOEING N76 ',12,90,125.50,94.00),('YM8506','2019-07-29','08:30:00','BEL','CDG','2019-07-29','10:00:00','BOEING N76 ',12,90,125.50,74.00),('YM8506','2019-09-28','08:30:00','CDG','BEL','2019-09-28','10:00:00','BOEING N76 ',12,90,125.50,94.00),('YM8506','2019-09-29','08:30:00','BEL','CDG','2019-09-29','10:00:00','BOEING N76 ',12,90,125.50,74.00),('YM8507','2019-01-29','12:00:00','BEL','LIL','2019-01-29','13:40:00','BOEING A321',24,90,175.50,94.00),('YM8507','2019-01-30','12:00:00','LIL','BEL','2019-01-30','13:40:00','BOEING A321',24,90,175.50,74.00),('YM8507','2019-04-29','12:00:00','BEL','LIL','2019-04-29','13:40:00','BOEING A321',24,90,175.50,94.00),('YM8507','2019-04-30','12:00:00','LIL','BEL','2019-04-30','13:40:00','BOEING A321',24,90,175.50,74.00),('YM8507','2019-07-29','12:00:00','BEL','LIL','2019-07-29','13:40:00','BOEING A321',24,90,175.50,94.00),('YM8507','2019-07-30','12:00:00','LIL','BEL','2019-07-30','13:40:00','BOEING A321',24,90,175.50,74.00),('YM8507','2019-09-29','12:00:00','BEL','LIL','2019-09-29','13:40:00','BOEING A321',24,90,175.50,94.00),('YM8507','2019-09-30','12:00:00','LIL','BEL','2019-09-30','13:40:00','BOEING A321',24,90,175.50,74.00),('YM8508','2019-01-30','15:00:00','LIL','TFS','2019-01-30','16:50:00','BOEING M92 ',12,90,125.50,94.00),('YM8508','2019-01-31','15:00:00','TFS','LIL','2019-01-31','16:50:00','BOEING M92 ',12,90,125.50,74.00),('YM8508','2019-04-30','15:00:00','LIL','TFS','2019-04-30','16:50:00','BOEING M92 ',12,90,125.50,94.00),('YM8508','2019-07-30','15:00:00','LIL','TFS','2019-07-30','16:50:00','BOEING M92 ',12,90,125.50,94.00),('YM8508','2019-07-31','15:00:00','TFS','LIL','2019-07-31','16:50:00','BOEING M92 ',12,90,125.50,74.00),('YM8508','2019-09-30','15:00:00','LIL','TFS','2019-09-30','16:50:00','BOEING M92 ',12,90,125.50,94.00),('YM8509','2019-01-31','16:40:00','CUN','BRU','2019-02-01','18:00:00','AIRBUS A380',24,250,325.50,70.00),('YM8509','2019-02-01','16:40:00','BRU','CUN','2019-02-02','18:00:00','AIRBUS A380',24,250,325.50,80.00),('YM8509','2019-05-01','16:40:00','BRU','CUN','2019-05-02','18:00:00','AIRBUS A380',24,250,325.50,80.00),('YM8509','2019-07-31','16:40:00','CUN','BRU','2019-08-01','18:00:00','AIRBUS A380',24,250,325.50,70.00),('YM8509','2019-08-01','16:40:00','BRU','CUN','2019-08-02','18:00:00','AIRBUS A380',24,250,325.50,80.00),('YM8509','2019-10-01','16:40:00','BRU','CUN','2019-10-02','18:00:00','AIRBUS A380',24,250,325.50,80.00),('YM8510','2019-02-01','17:10:00','BRU','MIA','2019-02-02','18:45:00','AIRBUR A350',24,130,125.50,75.00),('YM8510','2019-02-02','17:10:00','MIA','BRU','2019-02-03','18:45:00','AIRBUR A350',24,130,125.50,85.00),('YM8510','2019-05-01','17:10:00','BRU','MIA','2019-05-02','18:45:00','AIRBUR A350',24,130,125.50,75.00),('YM8510','2019-05-02','17:10:00','MIA','BRU','2019-05-03','18:45:00','AIRBUR A350',24,130,125.50,85.00),('YM8510','2019-08-01','17:10:00','BRU','MIA','2019-08-02','18:45:00','AIRBUR A350',24,130,125.50,75.00),('YM8510','2019-08-02','17:10:00','MIA','BRU','2019-08-03','18:45:00','AIRBUR A350',24,130,125.50,85.00),('YM8510','2019-10-01','17:10:00','BRU','MIA','2019-10-02','18:45:00','AIRBUR A350',24,130,125.50,75.00),('YM8510','2019-10-02','17:10:00','MIA','BRU','2019-10-03','18:45:00','AIRBUR A350',24,130,125.50,85.00),('YM8511','2019-02-02','20:30:00','CUN','MIA','2019-02-02','22:10:00','AIRBUS A380',48,250,325.50,80.00),('YM8511','2019-02-03','20:30:00','MIA','CUN','2019-02-04','22:10:00','AIRBUS A380',48,250,325.50,80.00),('YM8511','2019-05-02','20:30:00','CUN','MIA','2019-05-02','22:10:00','AIRBUS A380',48,250,325.50,80.00),('YM8511','2019-05-03','20:30:00','MIA','CUN','2019-05-04','22:10:00','AIRBUS A380',48,250,325.50,80.00),('YM8511','2019-08-02','20:30:00','CUN','MIA','2019-08-02','22:10:00','AIRBUS A380',48,250,325.50,80.00),('YM8511','2019-08-03','20:30:00','MIA','CUN','2019-08-04','22:10:00','AIRBUS A380',48,250,325.50,80.00),('YM8511','2019-10-02','20:30:00','CUN','MIA','2019-10-02','22:10:00','AIRBUS A380',48,250,325.50,80.00),('YM8511','2019-10-03','20:30:00','MIA','CUN','2019-10-04','22:10:00','AIRBUS A380',48,250,325.50,80.00),('YM8512','2019-02-03','22:00:00','BRU','LAX','2019-02-04','23:55:00','AIRBUR A350',24,130,100.50,85.00),('YM8512','2019-02-04','22:00:00','LAX','BRU','2019-02-05','23:55:00','AIRBUR A350',24,130,100.50,85.00),('YM8512','2019-05-03','22:00:00','BRU','LAX','2019-05-04','23:55:00','AIRBUR A350',24,130,100.50,85.00),('YM8512','2019-05-04','22:00:00','LAX','BRU','2019-05-05','23:55:00','AIRBUR A350',24,130,100.50,85.00),('YM8512','2019-08-03','22:00:00','BRU','LAX','2019-08-04','23:55:00','AIRBUR A350',24,130,100.50,85.00),('YM8512','2019-08-04','22:00:00','LAX','BRU','2019-08-05','23:55:00','AIRBUR A350',24,130,100.50,85.00),('YM8512','2019-10-03','22:00:00','BRU','LAX','2019-10-04','23:55:00','AIRBUR A350',24,130,100.50,85.00),('YM8512','2019-10-04','22:00:00','LAX','BRU','2019-10-05','23:55:00','AIRBUR A350',24,130,100.50,85.00),('YM8513','2019-02-04','08:00:00','CDG','BEL','2019-02-04','10:00:00','AIRBUS A380',48,250,125.50,90.00),('YM8513','2019-02-05','08:00:00','BEL','CDG','2019-02-05','10:00:00','AIRBUS A380',48,250,125.50,80.00),('YM8513','2019-05-04','08:00:00','CDG','BEL','2019-05-04','10:00:00','AIRBUS A380',48,250,125.50,90.00),('YM8513','2019-05-05','08:00:00','BEL','CDG','2019-05-05','10:00:00','AIRBUS A380',48,250,125.50,80.00),('YM8513','2019-08-04','08:00:00','CDG','BEL','2019-08-04','10:00:00','AIRBUS A380',48,250,125.50,90.00),('YM8513','2019-08-05','08:00:00','BEL','CDG','2019-08-05','10:00:00','AIRBUS A380',48,250,125.50,80.00),('YM8513','2019-10-04','08:00:00','CDG','BEL','2019-10-04','10:00:00','AIRBUS A380',48,250,125.50,90.00),('YM8513','2019-10-05','08:00:00','BEL','CDG','2019-10-05','10:00:00','AIRBUS A380',48,250,125.50,80.00),('YM8514','2019-02-05','08:30:00','BEL','LIL','2019-02-05','10:00:00','AIRBUR A350',24,130,125.50,75.00),('YM8514','2019-02-06','08:30:00','LIL','BEL','2019-02-06','10:00:00','AIRBUR A350',24,130,125.50,85.00),('YM8514','2019-05-05','08:30:00','BEL','LIL','2019-05-05','10:00:00','AIRBUR A350',24,130,125.50,75.00),('YM8514','2019-05-06','08:30:00','LIL','BEL','2019-05-06','10:00:00','AIRBUR A350',24,130,125.50,85.00),('YM8514','2019-08-05','08:30:00','BEL','LIL','2019-08-05','10:00:00','AIRBUR A350',24,130,125.50,75.00),('YM8514','2019-08-06','08:30:00','LIL','BEL','2019-08-06','10:00:00','AIRBUR A350',24,130,125.50,85.00),('YM8514','2019-10-05','08:30:00','BEL','LIL','2019-10-05','10:00:00','AIRBUR A350',24,130,125.50,75.00),('YM8514','2019-10-06','08:30:00','LIL','BEL','2019-10-06','10:00:00','AIRBUR A350',24,130,125.50,85.00),('YM8515','2019-02-06','12:00:00','LIL','TFS','2019-02-06','13:40:00','AIRBUR A350',24,130,115.50,75.00),('YM8515','2019-02-07','12:00:00','TFS','LIL','2019-02-07','13:40:00','AIRBUR A350',24,130,115.50,95.00),('YM8515','2019-05-06','12:00:00','LIL','TFS','2019-05-06','13:40:00','AIRBUR A350',24,130,115.50,75.00),('YM8515','2019-05-07','12:00:00','TFS','LIL','2019-05-07','13:40:00','AIRBUR A350',24,130,115.50,95.00),('YM8515','2019-08-06','12:00:00','LIL','TFS','2019-08-06','13:40:00','AIRBUR A350',24,130,115.50,75.00),('YM8515','2019-08-07','12:00:00','TFS','LIL','2019-08-07','13:40:00','AIRBUR A350',24,130,115.50,95.00),('YM8515','2019-10-06','12:00:00','LIL','TFS','2019-10-06','13:40:00','AIRBUR A350',24,130,115.50,75.00),('YM8515','2019-10-07','12:00:00','TFS','LIL','2019-10-07','13:40:00','AIRBUR A350',24,130,115.50,95.00),('YM8516','2019-02-07','15:00:00','CUN','BRU','2019-02-08','16:50:00','AIRBUS A320',24,120,125.50,80.00),('YM8516','2019-02-08','15:00:00','BRU','CUN','2019-02-09','16:50:00','AIRBUS A320',24,120,125.50,90.00),('YM8516','2019-05-07','15:00:00','CUN','BRU','2019-05-08','16:50:00','AIRBUS A320',24,120,125.50,80.00),('YM8516','2019-05-08','15:00:00','BRU','CUN','2019-05-09','16:50:00','AIRBUS A320',24,120,125.50,90.00),('YM8516','2019-08-07','15:00:00','CUN','BRU','2019-08-08','16:50:00','AIRBUS A320',24,120,125.50,80.00),('YM8516','2019-08-08','15:00:00','BRU','CUN','2019-08-09','16:50:00','AIRBUS A320',24,120,125.50,90.00),('YM8516','2019-10-07','15:00:00','CUN','BRU','2019-10-08','16:50:00','AIRBUS A320',24,120,125.50,80.00),('YM8516','2019-10-08','15:00:00','BRU','CUN','2019-10-09','16:50:00','AIRBUS A320',24,120,125.50,90.00),('YM8517','2019-02-08','16:40:00','BRU','MIA','2019-02-09','18:00:00','AIRBUS A380',48,250,425.50,160.00),('YM8517','2019-02-09','16:40:00','MIA','BRU','2019-02-10','18:00:00','AIRBUS A380',48,250,425.50,120.00),('YM8517','2019-05-08','16:40:00','BRU','MIA','2019-05-09','18:00:00','AIRBUS A380',48,250,425.50,95.00),('YM8517','2019-05-09','16:40:00','MIA','BRU','2019-05-10','18:00:00','AIRBUS A380',48,250,425.50,85.00),('YM8517','2019-08-08','16:40:00','BRU','MIA','2019-08-09','18:00:00','AIRBUS A380',48,250,425.50,135.00),('YM8517','2019-08-09','16:40:00','MIA','BRU','2019-08-10','18:00:00','AIRBUS A380',48,250,425.50,142.00),('YM8517','2019-10-08','16:40:00','BRU','MIA','2019-10-09','18:00:00','AIRBUS A380',48,250,425.50,110.00),('YM8517','2019-10-09','16:40:00','MIA','BRU','2019-10-10','18:00:00','AIRBUS A380',48,250,425.50,90.00),('YM8518','2019-02-09','17:10:00','CUN','MIA','2019-02-10','18:45:00','AIRBUR A350',24,130,125.50,85.00),('YM8518','2019-02-10','17:10:00','MIA','CUN','2019-02-11','18:45:00','AIRBUR A350',24,130,125.50,95.00),('YM8518','2019-05-09','17:10:00','CUN','MIA','2019-05-10','18:45:00','AIRBUR A350',24,130,125.50,85.00),('YM8518','2019-05-10','17:10:00','MIA','CUN','2019-05-11','18:45:00','AIRBUR A350',24,130,125.50,95.00),('YM8518','2019-08-09','17:10:00','CUN','MIA','2019-08-10','18:45:00','AIRBUR A350',24,130,125.50,85.00),('YM8518','2019-08-10','17:10:00','MIA','CUN','2019-08-11','18:45:00','AIRBUR A350',24,130,125.50,95.00),('YM8518','2019-10-09','17:10:00','CUN','MIA','2019-10-10','18:45:00','AIRBUR A350',24,130,125.50,85.00),('YM8518','2019-10-10','17:10:00','MIA','CUN','2019-10-11','18:45:00','AIRBUR A350',24,130,125.50,95.00),('YM8519','2019-02-10','20:30:00','BRU','LAX','2019-02-11','22:10:00','AIRBUR A350',24,130,125.50,85.00),('YM8519','2019-02-11','20:30:00','LAX','BRU','2019-02-12','22:10:00','AIRBUR A350',24,130,125.50,95.00),('YM8519','2019-05-10','20:30:00','BRU','LAX','2019-05-11','22:10:00','AIRBUR A350',24,130,125.50,85.00),('YM8519','2019-05-11','20:30:00','LAX','BRU','2019-05-12','22:10:00','AIRBUR A350',24,130,125.50,95.00),('YM8519','2019-08-10','20:30:00','BRU','LAX','2019-08-11','22:10:00','AIRBUR A350',24,130,125.50,85.00),('YM8519','2019-08-11','20:30:00','LAX','BRU','2019-08-12','22:10:00','AIRBUR A350',24,130,125.50,95.00),('YM8519','2019-10-10','20:30:00','BRU','LAX','2019-10-11','22:10:00','AIRBUR A350',24,130,125.50,85.00),('YM8519','2019-10-11','20:30:00','LAX','BRU','2019-10-12','22:10:00','AIRBUR A350',24,130,125.50,95.00),('YM8520','2019-02-11','22:00:00','CDG','BEL','2019-02-11','23:55:00','AIRBUS A320',24,120,165.50,90.00),('YM8520','2019-02-12','22:00:00','BEL','CDG','2019-02-12','23:55:00','AIRBUS A320',24,120,165.50,70.00),('YM8520','2019-05-11','22:00:00','CDG','BEL','2019-05-11','23:55:00','AIRBUS A320',24,120,165.50,90.00),('YM8520','2019-05-12','22:00:00','BEL','CDG','2019-05-12','23:55:00','AIRBUS A320',24,120,165.50,70.00),('YM8520','2019-08-11','22:00:00','CDG','BEL','2019-08-11','23:55:00','AIRBUS A320',24,120,165.50,90.00),('YM8520','2019-08-12','22:00:00','BEL','CDG','2019-08-12','23:55:00','AIRBUS A320',24,120,165.50,70.00),('YM8520','2019-10-11','22:00:00','CDG','BEL','2019-10-11','23:55:00','AIRBUS A320',24,120,165.50,90.00),('YM8520','2019-10-12','22:00:00','BEL','CDG','2019-10-12','23:55:00','AIRBUS A320',24,120,165.50,70.00),('YM8521','2019-02-12','08:00:00','BEL','LIL','2019-02-12','10:00:00','AIRBUR A350',24,130,125.50,85.00),('YM8521','2019-02-13','08:00:00','LIL','BEL','2019-02-13','10:00:00','AIRBUR A350',24,130,125.50,75.00),('YM8521','2019-05-12','08:00:00','BEL','LIL','2019-05-12','10:00:00','AIRBUR A350',24,130,125.50,85.00),('YM8521','2019-05-13','08:00:00','LIL','BEL','2019-05-13','10:00:00','AIRBUR A350',24,130,125.50,75.00),('YM8521','2019-08-12','08:00:00','BEL','LIL','2019-08-12','10:00:00','AIRBUR A350',24,130,125.50,85.00),('YM8521','2019-08-13','08:00:00','LIL','BEL','2019-08-13','10:00:00','AIRBUR A350',24,130,125.50,75.00),('YM8521','2019-10-12','08:00:00','BEL','LIL','2019-10-12','10:00:00','AIRBUR A350',24,130,125.50,85.00),('YM8521','2019-10-13','08:00:00','LIL','BEL','2019-10-13','10:00:00','AIRBUR A350',24,130,125.50,75.00),('YM8522','2019-02-13','08:30:00','LIL','TFS','2019-02-13','10:00:00','AIRBUS A320',24,120,125.50,80.00),('YM8522','2019-02-14','08:30:00','TFS','LIL','2019-02-14','10:00:00','AIRBUS A320',24,120,125.50,70.00),('YM8522','2019-05-13','08:30:00','LIL','TFS','2019-05-13','10:00:00','AIRBUS A320',24,120,125.50,80.00),('YM8522','2019-05-14','08:30:00','TFS','LIL','2019-05-14','10:00:00','AIRBUS A320',24,120,125.50,70.00),('YM8522','2019-08-13','08:30:00','LIL','TFS','2019-08-13','10:00:00','AIRBUS A320',24,120,125.50,80.00),('YM8522','2019-08-14','08:30:00','TFS','LIL','2019-08-14','10:00:00','AIRBUS A320',24,120,125.50,70.00),('YM8522','2019-10-13','08:30:00','LIL','TFS','2019-10-13','10:00:00','AIRBUS A320',24,120,125.50,80.00),('YM8522','2019-10-14','08:30:00','TFS','LIL','2019-10-14','10:00:00','AIRBUS A320',24,120,125.50,70.00),('YM8523','2019-02-14','12:00:00','CUN','BRU','2019-02-14','13:40:00','AIRBUS A380',48,250,425.50,70.00),('YM8523','2019-02-15','12:00:00','BRU','CUN','2019-02-16','13:40:00','AIRBUS A380',48,250,425.50,70.00),('YM8523','2019-05-14','12:00:00','CUN','BRU','2019-05-14','13:40:00','AIRBUS A380',48,250,425.50,70.00),('YM8523','2019-05-15','12:00:00','BRU','CUN','2019-05-16','13:40:00','AIRBUS A380',48,250,425.50,70.00),('YM8523','2019-08-14','12:00:00','CUN','BRU','2019-08-14','13:40:00','AIRBUS A380',48,250,425.50,70.00),('YM8523','2019-08-15','12:00:00','BRU','CUN','2019-08-16','13:40:00','AIRBUS A380',48,250,425.50,70.00),('YM8523','2019-10-14','12:00:00','CUN','BRU','2019-10-14','13:40:00','AIRBUS A380',48,250,425.50,70.00),('YM8523','2019-10-15','12:00:00','BRU','CUN','2019-10-16','13:40:00','AIRBUS A380',48,250,425.50,70.00),('YM8524','2019-02-15','15:00:00','BRU','MIA','2019-02-15','16:50:00','AIRBUR A350',24,130,125.50,85.00),('YM8524','2019-02-16','15:00:00','MIA','BRU','2019-02-16','16:50:00','AIRBUR A350',24,130,125.50,95.00),('YM8524','2019-05-15','15:00:00','BRU','MIA','2019-05-15','16:50:00','AIRBUR A350',24,130,125.50,85.00),('YM8524','2019-05-16','15:00:00','MIA','BRU','2019-05-16','16:50:00','AIRBUR A350',24,130,125.50,95.00),('YM8524','2019-08-15','15:00:00','BRU','MIA','2019-08-15','16:50:00','AIRBUR A350',24,130,125.50,85.00),('YM8524','2019-08-16','15:00:00','MIA','BRU','2019-08-16','16:50:00','AIRBUR A350',24,130,125.50,95.00),('YM8524','2019-10-15','15:00:00','BRU','MIA','2019-10-15','16:50:00','AIRBUR A350',24,130,125.50,85.00),('YM8524','2019-10-16','15:00:00','MIA','BRU','2019-10-16','16:50:00','AIRBUR A350',24,130,125.50,95.00),('YM8525','2019-02-16','16:40:00','CUN','MIA','2019-02-16','18:00:00','AIRBUR A350',24,130,185.50,85.00),('YM8525','2019-02-17','16:40:00','MIA','CUN','2019-02-18','18:00:00','AIRBUR A350',24,130,185.50,95.00),('YM8525','2019-05-16','16:40:00','CUN','MIA','2019-05-16','18:00:00','AIRBUR A350',24,130,185.50,85.00),('YM8525','2019-05-17','16:40:00','MIA','CUN','2019-05-18','18:00:00','AIRBUR A350',24,130,185.50,95.00),('YM8525','2019-08-16','16:40:00','CUN','MIA','2019-08-16','18:00:00','AIRBUR A350',24,130,185.50,85.00),('YM8525','2019-08-17','16:40:00','MIA','CUN','2019-08-18','18:00:00','AIRBUR A350',24,130,185.50,95.00),('YM8525','2019-10-16','16:40:00','CUN','MIA','2019-10-16','18:00:00','AIRBUR A350',24,130,185.50,85.00),('YM8525','2019-10-17','16:40:00','MIA','CUN','2019-10-18','18:00:00','AIRBUR A350',24,130,185.50,95.00),('YM8526','2019-02-17','17:10:00','BRU','LAX','2019-02-17','18:45:00','AIRBUS A320',24,110,125.50,70.00),('YM8526','2019-02-18','17:10:00','LAX','BRU','2019-02-19','18:45:00','AIRBUS A320',24,110,125.50,90.00),('YM8526','2019-05-17','17:10:00','BRU','LAX','2019-05-17','18:45:00','AIRBUS A320',24,110,125.50,70.00),('YM8526','2019-05-18','17:10:00','LAX','BRU','2019-05-19','18:45:00','AIRBUS A320',24,110,125.50,90.00),('YM8526','2019-08-17','17:10:00','BRU','LAX','2019-08-17','18:45:00','AIRBUS A320',24,110,125.50,70.00),('YM8526','2019-08-18','17:10:00','LAX','BRU','2019-08-19','18:45:00','AIRBUS A320',24,110,125.50,90.00),('YM8526','2019-10-17','17:10:00','BRU','LAX','2019-10-17','18:45:00','AIRBUS A320',24,110,125.50,70.00),('YM8526','2019-10-18','17:10:00','LAX','BRU','2019-10-19','18:45:00','AIRBUS A320',24,110,125.50,90.00),('YM8527','2019-02-18','20:30:00','CDG','BEL','2019-02-18','22:10:00','AIRBUS A380',48,200,125.50,90.00),('YM8527','2019-02-19','20:30:00','BEL','CDG','2019-02-19','22:10:00','AIRBUS A380',48,200,125.50,90.00),('YM8527','2019-05-18','20:30:00','CDG','BEL','2019-05-18','22:10:00','AIRBUS A380',48,200,125.50,90.00),('YM8527','2019-05-19','20:30:00','BEL','CDG','2019-05-19','22:10:00','AIRBUS A380',48,200,125.50,90.00),('YM8527','2019-08-18','20:30:00','CDG','BEL','2019-08-18','22:10:00','AIRBUS A380',48,200,125.50,90.00),('YM8527','2019-08-19','20:30:00','BEL','CDG','2019-08-19','22:10:00','AIRBUS A380',48,200,125.50,90.00),('YM8527','2019-10-18','20:30:00','CDG','BEL','2019-10-18','22:10:00','AIRBUS A380',48,200,125.50,90.00),('YM8527','2019-10-19','20:30:00','BEL','CDG','2019-10-19','22:10:00','AIRBUS A380',48,200,125.50,90.00),('YM8528','2019-02-19','22:00:00','BEL','LIL','2019-02-19','23:55:00','AIRBUR A350',24,130,125.50,95.00),('YM8528','2019-02-20','22:00:00','LIL','BEL','2019-02-20','23:55:00','AIRBUR A350',24,130,125.50,85.00),('YM8528','2019-05-19','22:00:00','BEL','LIL','2019-05-19','23:55:00','AIRBUR A350',24,130,125.50,95.00),('YM8528','2019-05-20','22:00:00','LIL','BEL','2019-05-20','23:55:00','AIRBUR A350',24,130,125.50,85.00),('YM8528','2019-08-19','22:00:00','BEL','LIL','2019-08-19','23:55:00','AIRBUR A350',24,130,125.50,95.00),('YM8528','2019-08-20','22:00:00','LIL','BEL','2019-08-20','23:55:00','AIRBUR A350',24,130,125.50,85.00),('YM8528','2019-10-19','22:00:00','BEL','LIL','2019-10-19','23:55:00','AIRBUR A350',24,130,125.50,95.00),('YM8528','2019-10-20','22:00:00','LIL','BEL','2019-10-20','23:55:00','AIRBUR A350',24,130,125.50,85.00);
/*!40000 ALTER TABLE `flight` ENABLE KEYS */;
UNLOCK TABLES;

--
-- Table structure for table `hotel`
--

DROP TABLE IF EXISTS `hotel`;
/*!40101 SET @saved_cs_client     = @@character_set_client */;
 SET character_set_client = utf8mb4 ;
CREATE TABLE `hotel` (
  `ID_HOTEL` varchar(6) NOT NULL,
  `HOTEL` varchar(45) DEFAULT NULL,
  `STREET` varchar(45) DEFAULT NULL,
  `NUMBER` int(4) DEFAULT NULL,
  `CITY` varchar(45) DEFAULT NULL,
  `COUNTRY` varchar(45) DEFAULT NULL,
  `HOTEL_RATING` varchar(15) DEFAULT NULL,
  `PHONE` int(9) DEFAULT NULL,
  `EMAIL` varchar(60) DEFAULT NULL,
  `TOTAL_SUITE` int(3) DEFAULT NULL,
  `TOTAL_COMMON` int(3) DEFAULT NULL,
  `PRICE_SUITE` decimal(5,2) DEFAULT NULL,
  `PRICE_COMMON` decimal(5,2) DEFAULT NULL,
  PRIMARY KEY (`ID_HOTEL`)
) ENGINE=InnoDB DEFAULT CHARSET=utf8;
/*!40101 SET character_set_client = @saved_cs_client */;

--
-- Dumping data for table `hotel`
--

LOCK TABLES `hotel` WRITE;
/*!40000 ALTER TABLE `hotel` DISABLE KEYS */;
INSERT INTO `hotel` VALUES ('HT1001','HOTEL GRAN NACIONAL     ','Apdo.:636-9359 Risus. Av.                  ',120,'MADRID              ','SPAIN           ','5 STARS',936506303,'nunc.ullamcorper@lorem.ca                    ',10,300,400.00,75.00),('HT1002','HOTEL PLAYA             ','275 Nam C.                                 ',109,'MALAGA              ','SPAIN           ','5 STARS',858034461,'fermentum@consequatdolor.org                 ',10,300,400.00,75.00),('HT1003','HOTEL CENTRAL           ','Apartado núm.: 765, 5485 Mi Ctra.          ',154,'MALAGA              ','SPAIN           ','4 STARS',248523923,'Aenean@egestas.ca                            ',8,180,250.00,65.50),('HT1004','HOTEL INTERNACIONAL     ','Apartado núm.: 719, 9973 Fusce Avenida     ',41,'MALAGA              ','SPAIN           ','5 STARS',911022475,'penatibus.et@netus.org                       ',10,300,400.00,75.00),('HT1005','HOTEL PLATJA            ','Apartado núm.: 685, 4778 Nunc Ctra.        ',133,'VALENCIA            ','SPAIN           ','4 STARS',936176393,'lectus.Nullam.suscipit@Proinvel.com          ',8,180,250.00,65.50),('HT1006','HOTEL INTERCONTINENTAL  ','864-8941 Mi Carretera                      ',57,'BARCELONA           ','SPAIN           ','5 STARS',411441509,'ullamcorper.magna.Sed@sitametconsectetuer.edu',10,300,400.00,185.00),('HT1007','HOTEL URBAN             ','427-9507 At Avda.                          ',64,'BARCELONA           ','SPAIN           ','5 STARS',389095663,'scelerisque@laoreetposuere.ca                ',10,300,400.00,75.00),('HT1008','HOTEL EL RESPLANDOR     ','Apartado núm.: 843, 9438 Lorem, Av.        ',164,'CIUDAD REAL         ','SPAIN           ','5 STARS',625835532,'bibendum.fermentum@anteMaecenas.net          ',10,300,400.00,75.00),('HT1009','HOTEL LOS ALAMOS        ','4109 Eleifend                              ',105,'SEGOVIA             ','SPAIN           ','5 STARS',149802677,'Phasellus@Proinnislsem.org                   ',10,300,400.00,75.00),('HT1010','HOTEL IBERIA            ','Apartado núm.: 427, 6005 Mi, C/            ',108,'MADRID              ','SPAIN           ','3 STARS',902493515,'Nullam.ut@acmattis.co.uk                     ',0,250,0.00,35.50),('HT1011','HOTEL PARIS             ','309-8968 Elit C/                           ',65,'PARIS               ','FRANCE          ','4 STARS',702130514,'eu.nibh.vulputate@at.ca                      ',8,180,250.00,65.50),('HT1012','HOTEL BRUSSELLS         ','3469 Augue Ctra.                           ',94,'BRUSELAS            ','BELGIUM         ','4 STARS',452488320,'neque@estmauris.co.uk                        ',8,180,250.00,65.50),('HT1013','HOTEL BERLINAE          ','Apdo.:621-2048 Quis, C.                    ',112,'BERLIN              ','GERMANY         ','4 STARS',628246201,'ac.fermentum@feugiat.net                     ',8,180,250.00,65.50),('HT1014','HOTEL COLISEUM          ','Apdo.:832-5052 Gravida. Ctra.              ',131,'ROMA                ','ITALY           ','4 STARS',796211327,'ultrices@senectus.ca                         ',8,180,250.00,65.50),('HT1015','HOTEL PIAZZA SAN ANTONIO','574-4222 Enim. Av.                         ',116,'ROMA                ','ITALY           ','3 STARS',876476720,'Cras@velesttempor.edu                        ',0,250,0.00,35.50),('HT1016','HOTEL L\'TOUR            ','Apdo.:428-1453 Ut                          ',133,'PARIS               ','FRANCE          ','3 STARS',237571630,'nec@vitaealiquet.co.uk                       ',0,250,0.00,35.50),('HT1017','HOTEL PRAGHA CENTRAL    ','Apartado núm.: 226, 2193 Rutrum Carretera  ',140,'PRAGA               ','CZECK REPUBLIC  ','3 STARS',637601674,'iaculis@ultricessit.co.uk                    ',0,250,0.00,35.50),('HT1018','HOTEL SOLEAR            ','8081 Scelerisque Calle                     ',44,'TORREMOLINOS        ','SPAIN           ','3 STARS',138170975,'nec.cursus.a@sedsapienNunc.ca                ',0,250,0.00,35.50),('HT1019','HOTEL COSTA DEL SOL     ','Apdo.:752-2249 Lobortis Carretera          ',165,'MIJAS               ','SPAIN           ','3 STARS',120268485,'Cum.sociis.natoque@eratVivamusnisi.co.uk     ',0,250,0.00,35.50),('HT1020','HOTEL MARBESOL          ','3638 Ut Av.                                ',132,'MARBELLA            ','SPAIN           ','5 STARS',704860751,'lectus.Nullam@Pellentesque.ca                ',10,300,400.00,75.00),('HT1021','HOTEL DON QUIXOTE       ','133-8680 Tristique Avda.                   ',46,'TALAVERA DE LA REINA','SPAIN           ','5 STARS',487034187,'gravida.sagittis@Aenean.com                  ',10,300,400.00,75.00),('HT1022','HOTEL DULCINEA          ','1033 Nec, C.                               ',102,'TOLEDO              ','SPAIN           ','5 STARS',453253850,'fermentum.fermentum.arcu@Naminterdum.net     ',10,300,400.00,75.00),('HT1023','HOTEL MERCURY           ','5944 Ante Av.                              ',89,'OSTENDE             ','BELGIUM         ','3 STARS',299293791,'turpis.non@a.edu                             ',0,250,0.00,35.50),('HT1024','HOTEL MONDO             ','260-164 Tellus Avda.                       ',151,'OSTENDE             ','BELGIUM         ','3 STARS',465721216,'lorem.semper@ullamcorper.ca                  ',0,250,0.00,35.50),('HT1025','HOTEL NOVO              ','974-433 Orci                               ',161,'MALAGA              ','SPAIN           ','3 STARS',657243454,'amet.luctus@nonluctus.edu                    ',0,250,0.00,35.50),('HT1026','HOTEL STELLAR           ','5190 Natoque C.                            ',118,'BRUSELAS            ','BELGIUM         ','3 STARS',391943729,'In.mi@estcongue.com                          ',0,250,0.00,35.50),('HT1027','HOTEL DUE PIAZZAS       ','215-774 Mi                                 ',139,'ROMA                ','ITALY           ','3 STARS',832958344,'vel.arcu.Curabitur@bibendum.net              ',0,250,0.00,35.50),('HT1028','HOTEL LE FRANCAISE      ','Apdo.:658-3639 Sed Avda.                   ',39,'PARIS               ','FRANCE          ','4 STARS',162699160,'dictum@semper.com                            ',8,180,250.00,65.50),('HT1029','HOTEL MADRID CENTRAL    ','Apdo.:480-5731 Tellus. C.                  ',57,'MADRID              ','SPAIN           ','4 STARS',716230994,'eget@fermentummetusAenean.ca                 ',8,180,250.00,65.50),('HT1030','HOTEL SEGOVIANO         ','Apdo.:934-7783 Ipsum Avda.                 ',159,'SEGOVIA             ','SPAIN           ','3 STARS',132792373,'Nullam.vitae.diam@duiFuscealiquam.org        ',0,250,0.00,35.50),('HT1031','HOTEL GIJONENCO         ','3469 Sagittis. C.                          ',108,'GIJON               ','SPAIN           ','2 STARS',427275272,'luctus@Aenean.co.uk                          ',0,50,0.00,35.50),('HT1032','HOTEL OVIETUM           ','Apartado núm.: 278, 5494 Malesuada Calle   ',69,'OVIEDO              ','SPAIN           ','2 STARS',586409652,'luctus@SedmolestieSed.co.uk                  ',0,50,0.00,35.50),('HT1033','HOTEL GRAND INTERCONT   ','Apdo.:342-7463 Nec, Calle                  ',155,'BARCELONA           ','SPAIN           ','5 STARS',700873087,'posuere.enim@aliquamiaculislacus.co.uk       ',10,300,400.00,75.00),('HT1034','HOTEL INTERNATIONAL     ','123-383 Nam C.                             ',141,'TARRAGONA           ','SPAIN           ','5 STARS',987662026,'eleifend.non.dapibus@ultrices.co.uk          ',10,300,400.00,75.00),('HT1035','HOTEL NATIONAL          ','6490 Purus Carretera                       ',67,'MILAN               ','ITALY           ','5 STARS',376173434,'nisl@Nullamscelerisque.net                   ',10,300,400.00,75.00),('HT1036','HOTEL CITY EXPRESS      ','Apdo.:597-5905 Nam Avda.                   ',134,'PARIS               ','FRANCE          ','2 STARS',844122553,'ante.Nunc@tellusPhaselluselit.com            ',0,50,0.00,35.50),('HT1037','HOTEL IBIS              ','Apartado núm.: 943, 2547 Vitae C/          ',102,'MALAGA              ','SPAIN           ','3 STARS',978337549,'mauris@et.edu                                ',0,250,0.00,35.50),('HT1038','HOTEL MELIÁ             ','814 Sollicitudin                           ',75,'VALENCIA            ','SPAIN           ','4 STARS',711294266,'ac.turpis@egetipsum.edu                      ',8,180,250.00,65.50),('HT1039','HOTEL RIU PLAYA         ','449-9408 Vehicula C/                       ',41,'MARBELLA            ','SPAIN           ','4 STARS',532447355,'Vivamus.sit@nonmagnaNam.com                  ',8,180,250.00,65.50),('HT1040','HOTEL RITZ              ','Apdo.:929-7787 Nunc Ctra.                  ',76,'MADRID              ','SPAIN           ','5 STARS',406794586,'magna.et@pellentesquemassa.org               ',10,300,400.00,75.00),('HT1041','HOTEL PARIS             ','Apdo.:970-4790 Ac Ctra.                    ',98,'MADRID              ','SPAIN           ','4 STARS',487770915,'ipsum@amet.net                               ',8,180,250.00,65.50),('HT1042','HOTEL BERLIN            ','Apdo.:579-4515 Molestie Carretera          ',50,'BERLIN              ','GERMANY         ','3 STARS',419487220,'vitae.mauris@eleifendCras.com                ',0,250,0.00,35.50),('HT1043','HOTEL ROMANO            ','Apdo.:939-3241 Orci                        ',135,'ROMA                ','ITALY           ','3 STARS',212542206,'enim.sit@scelerisquemollisPhasellus.com      ',0,250,0.00,35.50),('HT1044','HOTEL MILANO            ','Apdo.:743-8833 Eu Carretera                ',36,'MILAN               ','ITALY           ','4 STARS',425162643,'egestas.lacinia.Sed@at.edu                   ',8,180,250.00,65.50),('HT1045','HOTEL VALENçIA	        ','724-513 Fusce Ctra.                        ',134,'VALENCIA            ','SPAIN           ','4 STARS',416245127,'orci@sitamet.net                             ',8,180,250.00,65.50),('HT1046','HOTEL SALMANTINO        ','876-5348 Sollicitudin Avenida              ',87,'SALAMANCA           ','SPAIN           ','2 STARS',326508454,'vitae.odio.sagittis@molestietellus.edu       ',0,50,0.00,35.50),('HT1047','HOTEL EL CORDOBES       ','4498 A Carretera                           ',43,'CORDOBA             ','SPAIN           ','2 STARS',130365127,'lorem.vitae@laoreet.ca                       ',0,50,0.00,35.50),('HT1048','HOTEL LA SEVILLANA      ','Apdo.:228-6006 Sed Calle                   ',110,'SEVILLA             ','SPAIN           ','2 STARS',248844199,'augue@convallisdolorQuisque.ca               ',0,50,0.00,35.50),('HT1049','HOTEL JIENENSE          ','5123 Viverra.                              ',78,'ÚBEDA               ','SPAIN           ','3 STARS',281206522,'orci.luctus@semper.ca                        ',0,250,0.00,35.50);
/*!40000 ALTER TABLE `hotel` ENABLE KEYS */;
UNLOCK TABLES;

--
-- Table structure for table `languages`
--

DROP TABLE IF EXISTS `languages`;
/*!40101 SET @saved_cs_client     = @@character_set_client */;
 SET character_set_client = utf8mb4 ;
CREATE TABLE `languages` (
  `ID_LANGUAGE` int(2) NOT NULL,
  `DESCRIPTION` varchar(45) DEFAULT NULL,
  PRIMARY KEY (`ID_LANGUAGE`)
) ENGINE=InnoDB DEFAULT CHARSET=utf8;
/*!40101 SET character_set_client = @saved_cs_client */;

--
-- Dumping data for table `languages`
--

LOCK TABLES `languages` WRITE;
/*!40000 ALTER TABLE `languages` DISABLE KEYS */;
INSERT INTO `languages` VALUES (1,'ENGLISH  '),(2,'FRENCH   '),(3,'SPANISH  '),(4,'DUTCH    '),(5,'CHINESE  '),(6,'JAPANESE '),(7,'ITALIAN  '),(8,'RUSSIAN  ');
/*!40000 ALTER TABLE `languages` ENABLE KEYS */;
UNLOCK TABLES;

--
-- Table structure for table `locations`
--

DROP TABLE IF EXISTS `locations`;
/*!40101 SET @saved_cs_client     = @@character_set_client */;
 SET character_set_client = utf8mb4 ;
CREATE TABLE `locations` (
  `ID_SEAS` int(2) NOT NULL,
  `CONTINENT` varchar(50) DEFAULT NULL,
  PRIMARY KEY (`ID_SEAS`),
  CONSTRAINT `FK_LOCA_SEAS` FOREIGN KEY (`ID_SEAS`) REFERENCES `season` (`id_season`)
) ENGINE=InnoDB DEFAULT CHARSET=utf8;
/*!40101 SET character_set_client = @saved_cs_client */;

--
-- Dumping data for table `locations`
--

LOCK TABLES `locations` WRITE;
/*!40000 ALTER TABLE `locations` DISABLE KEYS */;
INSERT INTO `locations` VALUES (1,'EUROPE       '),(2,'NORTH-AMERICA'),(3,'SOUTH-AMERICA'),(4,'ASSSIA         ');
/*!40000 ALTER TABLE `locations` ENABLE KEYS */;
UNLOCK TABLES;

--
-- Table structure for table `payments`
--

DROP TABLE IF EXISTS `payments`;
/*!40101 SET @saved_cs_client     = @@character_set_client */;
 SET character_set_client = utf8mb4 ;
CREATE TABLE `payments` (
  `ID_PAYMENT` int(2) NOT NULL,
  `DESCRIPTION` varchar(45) DEFAULT NULL,
  PRIMARY KEY (`ID_PAYMENT`)
) ENGINE=InnoDB DEFAULT CHARSET=utf8;
/*!40101 SET character_set_client = @saved_cs_client */;

--
-- Dumping data for table `payments`
--

LOCK TABLES `payments` WRITE;
/*!40000 ALTER TABLE `payments` DISABLE KEYS */;
INSERT INTO `payments` VALUES (1,'ACCOUNT    '),(2,'CREDIT-CARD'),(3,'DEBIT-CARD '),(4,'PENDING    '),(5,'CANCEL     '),(6,'SUBCHARTER ');
/*!40000 ALTER TABLE `payments` ENABLE KEYS */;
UNLOCK TABLES;

--
-- Table structure for table `ports_of_call`
--

DROP TABLE IF EXISTS `ports_of_call`;
/*!40101 SET @saved_cs_client     = @@character_set_client */;
 SET character_set_client = utf8mb4 ;
CREATE TABLE `ports_of_call` (
  `ID_PORT_CRUISE` varchar(6) NOT NULL,
  `PORT_CALL` varchar(45) NOT NULL,
  `DATE_PORT` date NOT NULL,
  `TIME_PORT` time NOT NULL,
  PRIMARY KEY (`ID_PORT_CRUISE`,`PORT_CALL`,`DATE_PORT`,`TIME_PORT`),
  CONSTRAINT `FK_PORT_CUISE` FOREIGN KEY (`ID_PORT_CRUISE`) REFERENCES `cruise` (`id_cruise`)
) ENGINE=InnoDB DEFAULT CHARSET=utf8;
/*!40101 SET character_set_client = @saved_cs_client */;

--
-- Dumping data for table `ports_of_call`
--

LOCK TABLES `ports_of_call` WRITE;
/*!40000 ALTER TABLE `ports_of_call` DISABLE KEYS */;
INSERT INTO `ports_of_call` VALUES ('CR2001','BARCELONA    ','2019-03-18','13:00:00'),('CR2001','CRETA        ','2019-03-16','12:00:00'),('CR2001','MARSELLA     ','2019-03-04','10:00:00'),('CR2001','ROMA         ','2019-03-12','10:00:00'),('CR2001','VENECIA      ','2019-03-08','11:00:00'),('CR2002','EL CAIRO     ','2019-03-19','18:00:00'),('CR2002','LA VALETA    ','2019-03-25','09:00:00'),('CR2002','MYKONOS      ','2019-03-23','10:00:00'),('CR2002','ROMA         ','2019-03-27','11:00:00'),('CR2003','EL CAIRO     ','2019-03-04','10:30:00'),('CR2003','LA VALETA    ','2019-03-11','11:00:00'),('CR2003','ROMA         ','2019-03-13','10:00:00'),('CR2003','SANTORINI    ','2019-03-07','10:00:00'),('CR2003','VENECIA      ','2019-03-15','12:00:00'),('CR2004','BARCELONA    ','2019-03-17','13:00:00'),('CR2004','EL CAIRO     ','2019-03-21','10:00:00'),('CR2004','ROMA         ','2019-03-29','18:00:00'),('CR2005','EL CAIRO     ','2019-03-14','09:00:00'),('CR2005','MALAGA       ','2019-03-18','10:30:00'),('CR2005','TENERIFE     ','2019-03-16','11:00:00'),('CR2006','CADIZ        ','2019-03-08','10:00:00'),('CR2006','LAS PALMAS   ','2019-03-04','10:00:00'),('CR2006','TENERIFE     ','2019-03-06','11:00:00'),('CR2007','MALAGA       ','2019-03-28','10:00:00'),('CR2007','MARSELLA     ','2019-03-26','18:00:00'),('CR2007','MONACO       ','2019-03-24','13:00:00'),('CR2007','ROMA         ','2019-03-22','12:00:00'),('CR2008','COPENHAGUE   ','2019-03-07','09:00:00'),('CR2008','OSLO         ','2019-03-12','11:00:00'),('CR2008','ST. PETESBURG','2019-03-16','10:30:00'),('CR2009','EL PIREO     ','2019-03-15','11:00:00'),('CR2009','MALLORCA     ','2019-03-21','10:00:00'),('CR2009','NAPOLES      ','2019-03-11','10:00:00'),('CR2009','VENECIA      ','2019-03-27','12:00:00'),('CR2010','OSLO         ','2019-03-17','18:00:00'),('CR2010','SOUTHAMPTON  ','2019-03-19','10:00:00'),('CR2010','STOCKHOLM    ','2019-03-09','13:00:00');
/*!40000 ALTER TABLE `ports_of_call` ENABLE KEYS */;
UNLOCK TABLES;

--
-- Table structure for table `products`
--

DROP TABLE IF EXISTS `products`;
/*!40101 SET @saved_cs_client     = @@character_set_client */;
 SET character_set_client = utf8mb4 ;
CREATE TABLE `products` (
  `ID_PRODUCTS` int(9) NOT NULL,
  `PRODUCT_TYPE` varchar(1) NOT NULL,
  PRIMARY KEY (`ID_PRODUCTS`)
) ENGINE=InnoDB DEFAULT CHARSET=utf8;
/*!40101 SET character_set_client = @saved_cs_client */;

--
-- Dumping data for table `products`
--

LOCK TABLES `products` WRITE;
/*!40000 ALTER TABLE `products` DISABLE KEYS */;
INSERT INTO `products` VALUES (100000110,'1'),(100000111,'1'),(100000112,'1'),(100000113,'1'),(100000114,'1'),(100000115,'1'),(100000116,'1'),(100000117,'1'),(100000118,'1'),(100000119,'1'),(100000120,'1'),(100000121,'1'),(100000122,'1'),(100000123,'1'),(100000124,'1'),(100000125,'1'),(100000126,'1'),(100000127,'1'),(100000128,'1'),(100000129,'1'),(100000130,'1'),(100000131,'1'),(100000132,'1'),(100000133,'1'),(100000134,'1'),(100000135,'1'),(100000136,'1'),(100000137,'1'),(100000138,'1'),(100000139,'1'),(100000140,'1'),(100000141,'1'),(100000142,'1'),(100000143,'1'),(100000144,'1'),(100000145,'1'),(100000146,'1'),(100000147,'1'),(100000148,'1'),(100000149,'1'),(100000150,'1'),(100000151,'1'),(100000152,'1'),(100000153,'1'),(100000154,'1'),(100000155,'1'),(100000156,'1'),(100000157,'1'),(100000158,'1'),(100000159,'1'),(100000160,'1'),(100000161,'1'),(100000162,'1'),(100000163,'1'),(100000164,'1'),(100000165,'1'),(100000166,'1'),(100000167,'1'),(100000168,'1'),(100000169,'1'),(100000170,'1'),(100000171,'1'),(100000172,'1'),(100000173,'1'),(100000174,'1'),(100000175,'1'),(100000176,'1'),(100000177,'1'),(100000178,'1'),(100000179,'1'),(100000180,'1'),(100000181,'1'),(100000182,'1'),(100000183,'1'),(100000184,'1'),(100000185,'1'),(100000186,'1'),(100000187,'1'),(100000188,'1'),(100000189,'1'),(100000190,'2'),(100000191,'2'),(100000192,'2'),(100000193,'2'),(100000194,'2'),(100000195,'2'),(100000196,'2'),(100000197,'2'),(100000198,'2'),(100000199,'2'),(100000200,'2'),(100000201,'2'),(100000202,'2'),(100000203,'2'),(100000204,'2'),(100000205,'2'),(100000206,'2'),(100000207,'2'),(100000208,'2'),(100000209,'2'),(100000210,'2'),(100000211,'2'),(100000212,'2'),(100000213,'2'),(100000214,'2'),(100000215,'2'),(100000216,'2'),(100000217,'2'),(100000218,'2'),(100000219,'2'),(100000220,'2'),(100000221,'2'),(100000222,'2'),(100000223,'2'),(100000224,'2'),(100000225,'2'),(100000226,'2'),(100000227,'2'),(100000228,'2'),(100000229,'2'),(100000230,'2'),(100000231,'2'),(100000232,'2'),(100000233,'2'),(100000234,'2'),(100000235,'2'),(100000236,'2'),(100000237,'2'),(100000238,'2'),(100000239,'2'),(100000240,'2'),(100000241,'2'),(100000242,'2'),(100000243,'2'),(100000244,'2'),(100000245,'2'),(100000246,'2'),(100000247,'2'),(100000248,'2'),(100000249,'2'),(100000250,'2'),(100000251,'2'),(100000252,'2'),(100000253,'2'),(100000254,'2'),(100000255,'2'),(100000256,'2'),(100000257,'2'),(100000258,'2'),(100000259,'2'),(100000260,'2'),(100000261,'2'),(100000262,'1'),(100000263,'1'),(100000264,'1'),(100000265,'1'),(100000266,'1'),(100000267,'1'),(100000268,'1'),(100000269,'1'),(100000270,'1'),(100000271,'1'),(100000272,'1'),(100000273,'1'),(100000274,'1'),(100000275,'1'),(100000276,'1'),(100000277,'1'),(100000278,'1'),(100000279,'1'),(100000280,'1'),(100000281,'1'),(100000282,'1'),(100000283,'1'),(100000284,'1'),(100000285,'1'),(100000286,'1'),(100000287,'1'),(100000288,'1'),(100000289,'1'),(100000290,'1'),(100000291,'1'),(100000292,'1'),(100000293,'1'),(100000294,'1'),(100000295,'1'),(100000296,'1'),(100000297,'1'),(100000298,'1'),(100000299,'1'),(100000300,'1'),(100000301,'1'),(100000302,'1'),(100000303,'1'),(100000304,'1'),(100000305,'1'),(100000306,'1'),(100000307,'1'),(100000308,'1'),(100000309,'1'),(100000310,'1'),(100000311,'1'),(100000312,'1'),(100000313,'1'),(100000314,'1'),(100000315,'1'),(100000316,'1'),(100000317,'1'),(100000318,'1'),(100000319,'1'),(100000320,'1'),(100000321,'1'),(100000322,'1'),(100000323,'1'),(100000324,'1'),(100000325,'1'),(100000326,'1'),(100000327,'1'),(100000328,'1'),(100000329,'1'),(100000330,'1'),(100000331,'1'),(100000332,'1'),(100000333,'1'),(100000334,'1'),(100000335,'1'),(100000336,'1'),(100000337,'1'),(100000338,'1'),(100000339,'1'),(100000340,'1'),(100000341,'1'),(100000342,'1'),(100000343,'1'),(100000344,'1'),(100000345,'1'),(100000346,'1'),(100000347,'1'),(100000348,'1'),(100000349,'1'),(100000350,'1'),(100000351,'1'),(100000352,'1'),(100000353,'1'),(100000354,'1'),(100000355,'1'),(100000356,'1'),(100000357,'1'),(100000358,'1'),(100000359,'1'),(100000360,'1'),(100000361,'1'),(100000362,'1'),(100000363,'1'),(100000364,'1'),(100000365,'1'),(100000366,'1'),(100000367,'1'),(100000368,'1'),(100000369,'1'),(100000370,'1'),(100000371,'1'),(100000372,'1'),(100000373,'1'),(100000374,'1'),(100000375,'1'),(100000376,'1'),(100000377,'1'),(100000378,'1'),(100000379,'1'),(100000380,'1'),(100000381,'1'),(100000382,'1'),(100000383,'1'),(100000384,'1'),(100000385,'1'),(100000386,'1'),(100000387,'1'),(100000388,'1'),(100000389,'1'),(100000390,'1'),(100000391,'1'),(100000392,'1'),(100000393,'1'),(100000394,'1'),(100000395,'1'),(100000396,'1'),(100000397,'1'),(100000398,'1'),(100000399,'1'),(100000400,'1'),(100000401,'1'),(100000402,'1'),(100000403,'1'),(100000404,'1'),(100000405,'1'),(100000406,'1'),(100000407,'1'),(100000408,'1'),(100000409,'1'),(100000410,'1'),(100000411,'1'),(100000412,'1'),(100000413,'1'),(100000414,'1'),(100000415,'1'),(100000416,'1'),(100000417,'1'),(100000418,'1'),(100000419,'1'),(100000420,'1'),(100000421,'1'),(100000422,'1'),(100000423,'1'),(100000424,'1'),(100000425,'1'),(100000426,'1'),(100000427,'1'),(100000428,'1'),(100000429,'1'),(100000430,'1'),(100000431,'1'),(100000432,'1'),(100000433,'1'),(100000434,'1'),(100000435,'1'),(100000436,'1'),(100000437,'1'),(100000438,'1'),(100000439,'1'),(100000440,'1'),(100000441,'1'),(100000442,'1'),(100000443,'1'),(100000444,'1'),(100000445,'1'),(100000446,'1'),(100000447,'1'),(100000448,'1'),(100000449,'1'),(100000450,'1'),(100000451,'1'),(100000452,'1'),(100000453,'1'),(100000454,'1'),(100000455,'1'),(100000456,'1'),(100000457,'1'),(100000458,'1'),(100000459,'1'),(100000460,'1'),(100000461,'1'),(100000462,'1'),(100000463,'1'),(100000464,'1'),(100000465,'1'),(100000466,'1'),(100000467,'1'),(100000468,'1'),(100000469,'1'),(100000470,'1'),(100000471,'1'),(100000472,'1'),(100000473,'1'),(100000474,'1'),(100000475,'1'),(100000476,'1'),(100000477,'1'),(100000478,'1'),(100000479,'1'),(100000480,'1'),(100000481,'1'),(100000482,'1'),(100000483,'1'),(100000484,'1'),(100000485,'1'),(100000486,'1'),(100000487,'1'),(100000488,'1'),(100000489,'1'),(100000490,'1'),(100000491,'1'),(100000492,'1'),(100000493,'1'),(100000494,'1'),(100000495,'1'),(100000496,'1'),(100000497,'1'),(100000498,'1'),(100000499,'1'),(100000500,'1'),(100000501,'1'),(100000502,'1'),(100000503,'1'),(100000504,'1'),(100000505,'1'),(100000506,'1'),(100000507,'1'),(100000508,'1'),(100000509,'1'),(100000510,'1'),(100000511,'1'),(100000512,'1'),(100000513,'1'),(100000514,'1'),(100000515,'1'),(100000516,'1'),(100000517,'1'),(100000518,'1'),(100000519,'1'),(100000520,'1'),(100000521,'1'),(100000522,'1'),(100000523,'1'),(100000524,'1'),(100000525,'1'),(100000526,'1'),(100000527,'1'),(100000528,'1'),(100000529,'1'),(100000530,'1'),(100000531,'1'),(100000532,'1'),(100000533,'1'),(100000534,'1'),(100000535,'1'),(100000536,'1'),(100000537,'1'),(100000538,'1'),(100000539,'1'),(100000540,'1'),(100000541,'1'),(100000542,'1'),(100000543,'1'),(100000544,'1'),(100000545,'1'),(100000546,'1'),(100000547,'1'),(100000548,'1'),(100000549,'1'),(100000550,'1'),(100000551,'1'),(100000552,'1'),(100000553,'1'),(100000554,'1'),(100000555,'1'),(100000556,'1'),(100000557,'1'),(100000558,'1'),(100000559,'1'),(100000560,'1'),(100000561,'1'),(100000562,'1'),(100000563,'1'),(100000564,'1'),(100000565,'1'),(100000566,'1'),(100000567,'1'),(100000568,'1'),(100000569,'1'),(100000570,'1'),(100000571,'1'),(100000572,'1'),(100000573,'1'),(100000574,'1'),(100000575,'1'),(100000576,'1'),(100000577,'1'),(100000578,'1'),(100000579,'1'),(100000580,'1'),(100000581,'1'),(100000582,'1'),(100000583,'1'),(100000584,'1'),(100000585,'1'),(100000586,'1'),(100000587,'1'),(100000588,'1'),(100000589,'1'),(100000590,'1'),(100000591,'1'),(100000592,'1'),(100000593,'1'),(100000594,'1'),(100000595,'1'),(100000596,'1'),(100000597,'1'),(100000598,'1'),(100000599,'1'),(100000600,'1'),(100000601,'1'),(100000602,'1'),(100000603,'1'),(100000604,'1'),(100000605,'1'),(100000606,'1'),(100000607,'1'),(100000608,'1'),(100000609,'1'),(100000610,'1'),(100000611,'1'),(100000612,'1'),(100000613,'1'),(100000614,'1'),(100000615,'1'),(100000616,'1'),(100000617,'1'),(100000618,'1'),(100000619,'1'),(100000620,'1'),(100000621,'1'),(100000622,'1'),(100000623,'1'),(100000624,'1'),(100000625,'1'),(100000626,'1'),(100000627,'1'),(100000628,'1'),(100000629,'1'),(100000630,'1'),(100000631,'1'),(100000632,'1'),(100000633,'1'),(100000634,'1'),(100000635,'1'),(100000636,'1'),(100000637,'1'),(100000638,'1'),(100000639,'1'),(100000640,'1'),(100000641,'1'),(100000642,'1'),(100000643,'1'),(100000644,'1'),(100000645,'1'),(100000646,'1'),(100000647,'1'),(100000648,'1'),(100000649,'1'),(100000650,'1'),(100000651,'1'),(100000652,'1'),(100000653,'1'),(100000654,'1'),(100000655,'1'),(100000656,'1'),(100000657,'1'),(100000658,'1'),(100000659,'1'),(100000660,'1'),(100000661,'1'),(100000662,'1'),(100000663,'1'),(100000664,'1'),(100000665,'1'),(100000666,'1'),(100000667,'1'),(100000668,'1'),(100000669,'1'),(100000670,'1'),(100000671,'1'),(100000672,'1'),(100000673,'1'),(100000674,'1'),(100000675,'1'),(100000676,'1'),(100000677,'1'),(100000678,'1'),(100000679,'1'),(100000680,'1'),(100000681,'1'),(100000682,'1'),(100000683,'1'),(100000684,'1'),(100000685,'1'),(100000686,'1'),(100000687,'1'),(100000688,'1'),(100000689,'1'),(100000690,'1'),(100000691,'1'),(100000692,'1'),(100000693,'1'),(100000694,'1'),(100000695,'1'),(100000696,'1'),(100000697,'1'),(100000698,'1'),(100000699,'1'),(100000700,'1'),(100000701,'1'),(100000702,'1'),(100000703,'1'),(100000704,'1'),(100000705,'1'),(100000706,'1'),(100000707,'1'),(100000708,'1'),(100000709,'1'),(100000710,'1'),(100000711,'1'),(100000712,'1'),(100000713,'1'),(100000714,'1'),(100000715,'1'),(100000716,'1'),(100000717,'1'),(100000718,'1'),(100000719,'1'),(100000720,'1'),(100000721,'1'),(100000722,'1'),(100000723,'1'),(100000724,'1'),(100000725,'1'),(100000726,'1'),(100000727,'1'),(100000728,'1'),(100000729,'1'),(100000730,'1'),(100000731,'1'),(100000732,'1'),(100000733,'1'),(100000734,'1'),(100000735,'1'),(100000736,'1'),(100000737,'1'),(100000738,'1'),(100000739,'1'),(100000740,'1'),(100000741,'1'),(100000742,'1'),(100000743,'1'),(100000744,'1'),(100000745,'1'),(100000746,'1'),(100000747,'1'),(100000748,'1'),(100000749,'1'),(100000750,'1'),(100000751,'1'),(100000752,'1'),(100000753,'1'),(100000754,'1'),(100000755,'1'),(100000756,'1'),(100000757,'1'),(100000758,'1'),(100000759,'1'),(100000760,'1'),(100000761,'1'),(100000762,'1'),(100000763,'1'),(100000764,'1'),(100000765,'1'),(100000766,'1'),(100000767,'1'),(100000768,'1'),(100000769,'1'),(100000770,'1'),(100000771,'1'),(100000772,'1'),(100000773,'1'),(100000774,'1'),(100000775,'1'),(100000776,'1'),(100000777,'1'),(100000778,'1'),(100000779,'1'),(100000780,'1'),(100000781,'1'),(100000782,'1'),(100000783,'1'),(100000784,'1'),(100000785,'1'),(100000786,'1'),(100000787,'1'),(100000788,'1'),(100000789,'1'),(100000790,'1'),(100000791,'1'),(100000792,'1'),(100000793,'1'),(100000794,'1'),(100000795,'1'),(100000796,'1'),(100000797,'1'),(100000798,'1'),(100000799,'1'),(100000800,'1'),(100000801,'1'),(100000802,'1'),(100000803,'1'),(100000804,'1'),(100000805,'1'),(100000806,'1'),(100000807,'1'),(100000808,'1'),(100000809,'1'),(100000810,'1'),(100000811,'1'),(100000812,'1'),(100000813,'1'),(100000814,'1'),(100000815,'1'),(100000816,'1'),(100000817,'1'),(100000818,'1'),(100000819,'1'),(100000820,'1'),(100000821,'1'),(100000822,'1'),(100000823,'1'),(100000824,'1'),(100000825,'1'),(100000826,'1'),(100000827,'1'),(100001342,'3'),(100001343,'3'),(100001344,'3'),(100001345,'3'),(100001346,'3'),(100001347,'3'),(100001348,'3'),(100001349,'3'),(100001350,'3'),(100001351,'3'),(100001352,'3'),(100001353,'3'),(100001354,'3'),(100001355,'3'),(100001356,'3'),(100001357,'3'),(100001358,'3'),(100001359,'3'),(100001360,'3'),(100001361,'3'),(100001362,'4'),(100001363,'4'),(100001364,'4'),(100001365,'4'),(100001366,'4'),(100001367,'4'),(100001368,'4'),(100001369,'4'),(100001370,'4'),(100001371,'4'),(100001372,'4'),(100001373,'4'),(100001374,'4'),(100001375,'4'),(100001376,'4'),(100001377,'4'),(100001378,'4'),(100001379,'4'),(100001380,'4'),(100001381,'4'),(100001382,'4'),(100001383,'4'),(100001384,'4'),(100001385,'4'),(100001386,'4'),(100001387,'4'),(100001388,'4'),(100001389,'4'),(100001390,'4'),(100001391,'4'),(100001392,'4'),(100001393,'4'),(100001394,'4'),(100001395,'4'),(100001396,'4'),(100001397,'4'),(100001398,'4'),(100001399,'4'),(100001400,'4'),(100001401,'4'),(100001402,'4'),(100001403,'4'),(100001404,'4'),(100001405,'4'),(100001406,'4'),(100001407,'4'),(100001408,'4'),(100001409,'4'),(100001410,'4'),(100001411,'4'),(100001412,'4'),(100001413,'4'),(100001414,'4'),(100001415,'4'),(100001416,'4'),(100001417,'4'),(100001418,'4'),(100001419,'4'),(100001420,'4'),(100001421,'4'),(100001422,'4'),(100001423,'4'),(100001424,'4'),(100001425,'4'),(100001426,'4'),(100001427,'4'),(100001428,'4'),(100001429,'4'),(100001430,'4'),(100001431,'4'),(100001432,'4'),(100001433,'4'),(100001434,'4'),(100001435,'4'),(100001436,'4'),(100001437,'4'),(100001438,'4'),(100001439,'4'),(100001440,'4'),(100001441,'4'),(100001442,'4'),(100001443,'4'),(100001444,'4'),(100001445,'4'),(100001446,'4'),(100001447,'4'),(100001448,'4'),(100001449,'4'),(100001450,'4'),(100001451,'4'),(100001452,'4'),(100001453,'4'),(100001454,'4'),(100001455,'4'),(100001456,'4'),(100001457,'4'),(100001458,'4'),(100001459,'4');
/*!40000 ALTER TABLE `products` ENABLE KEYS */;
UNLOCK TABLES;

--
-- Table structure for table `relationships`
--

DROP TABLE IF EXISTS `relationships`;
/*!40101 SET @saved_cs_client     = @@character_set_client */;
 SET character_set_client = utf8mb4 ;
CREATE TABLE `relationships` (
  `ID_RELATION` int(2) NOT NULL,
  `DESCRIPTION` varchar(45) DEFAULT NULL,
  PRIMARY KEY (`ID_RELATION`)
) ENGINE=InnoDB DEFAULT CHARSET=utf8;
/*!40101 SET character_set_client = @saved_cs_client */;

--
-- Dumping data for table `relationships`
--

LOCK TABLES `relationships` WRITE;
/*!40000 ALTER TABLE `relationships` DISABLE KEYS */;
INSERT INTO `relationships` VALUES (1,'FATHER-MOTHER'),(2,'WIFE-HUSBAND '),(3,'SON-DAUGHTER '),(4,'OTHERS       ');
/*!40000 ALTER TABLE `relationships` ENABLE KEYS */;
UNLOCK TABLES;

--
-- Table structure for table `rooms`
--

DROP TABLE IF EXISTS `rooms`;
/*!40101 SET @saved_cs_client     = @@character_set_client */;
 SET character_set_client = utf8mb4 ;
CREATE TABLE `rooms` (
  `ID_PRODU` int(9) NOT NULL,
  `ID_ALLOT` varchar(6) NOT NULL,
  `TYPE_ROOM` varchar(1) NOT NULL,
  PRIMARY KEY (`ID_PRODU`,`TYPE_ROOM`,`ID_ALLOT`),
  KEY `FK_ROOM_HOTEL` (`ID_ALLOT`),
  CONSTRAINT `FK_ROOM_CRUISE` FOREIGN KEY (`ID_ALLOT`) REFERENCES `cruise` (`id_cruise`),
  CONSTRAINT `FK_ROOM_HOTEL` FOREIGN KEY (`ID_ALLOT`) REFERENCES `hotel` (`ID_HOTEL`),
  CONSTRAINT `FK_ROOM_PROD` FOREIGN KEY (`ID_PRODU`) REFERENCES `products` (`id_products`)
) ENGINE=InnoDB DEFAULT CHARSET=utf8;
/*!40101 SET character_set_client = @saved_cs_client */;

--
-- Dumping data for table `rooms`
--

LOCK TABLES `rooms` WRITE;
/*!40000 ALTER TABLE `rooms` DISABLE KEYS */;
INSERT INTO `rooms` VALUES (100001342,'CR2001','V'),(100001352,'CR2001','E'),(100001343,'CR2002','V'),(100001353,'CR2002','E'),(100001344,'CR2003','V'),(100001354,'CR2003','E'),(100001345,'CR2004','V'),(100001355,'CR2004','E'),(100001346,'CR2005','V'),(100001356,'CR2005','E'),(100001347,'CR2006','V'),(100001357,'CR2006','E'),(100001348,'CR2007','V'),(100001358,'CR2007','E'),(100001349,'CR2008','V'),(100001359,'CR2008','E'),(100001350,'CR2009','V'),(100001360,'CR2009','E'),(100001351,'CR2010','V'),(100001361,'CR2010','E'),(100001362,'HT1001','V'),(100001411,'HT1001','E'),(100001363,'HT1002','V'),(100001412,'HT1002','E'),(100001364,'HT1003','V'),(100001413,'HT1003','E'),(100001365,'HT1004','V'),(100001414,'HT1004','E'),(100001366,'HT1005','V'),(100001415,'HT1005','E'),(100001367,'HT1006','V'),(100001416,'HT1006','E'),(100001368,'HT1007','V'),(100001417,'HT1007','E'),(100001369,'HT1008','V'),(100001418,'HT1008','E'),(100001370,'HT1009','V'),(100001419,'HT1009','E'),(100001371,'HT1010','V'),(100001420,'HT1010','E'),(100001372,'HT1011','V'),(100001421,'HT1011','E'),(100001373,'HT1012','V'),(100001422,'HT1012','E'),(100001374,'HT1013','V'),(100001423,'HT1013','E'),(100001375,'HT1014','V'),(100001424,'HT1014','E'),(100001376,'HT1015','V'),(100001425,'HT1015','E'),(100001377,'HT1016','V'),(100001426,'HT1016','E'),(100001378,'HT1017','V'),(100001427,'HT1017','E'),(100001379,'HT1018','V'),(100001428,'HT1018','E'),(100001380,'HT1019','V'),(100001429,'HT1019','E'),(100001381,'HT1020','V'),(100001430,'HT1020','E'),(100001382,'HT1021','V'),(100001431,'HT1021','E'),(100001383,'HT1022','V'),(100001432,'HT1022','E'),(100001384,'HT1023','V'),(100001433,'HT1023','E'),(100001385,'HT1024','V'),(100001434,'HT1024','E'),(100001386,'HT1025','V'),(100001435,'HT1025','E'),(100001387,'HT1026','V'),(100001436,'HT1026','E'),(100001388,'HT1027','V'),(100001437,'HT1027','E'),(100001389,'HT1028','V'),(100001438,'HT1028','E'),(100001390,'HT1029','V'),(100001439,'HT1029','E'),(100001391,'HT1030','V'),(100001440,'HT1030','E'),(100001392,'HT1031','V'),(100001441,'HT1031','E'),(100001393,'HT1032','V'),(100001442,'HT1032','E'),(100001394,'HT1033','V'),(100001443,'HT1033','E'),(100001395,'HT1034','V'),(100001444,'HT1034','E'),(100001396,'HT1035','V'),(100001445,'HT1035','E'),(100001397,'HT1036','V'),(100001446,'HT1036','E'),(100001398,'HT1037','V'),(100001447,'HT1037','E'),(100001399,'HT1038','V'),(100001448,'HT1038','E'),(100001400,'HT1039','V'),(100001449,'HT1039','E'),(100001401,'HT1040','V'),(100001450,'HT1040','E'),(100001402,'HT1041','V'),(100001451,'HT1041','E'),(100001403,'HT1042','V'),(100001452,'HT1042','E'),(100001404,'HT1043','V'),(100001453,'HT1043','E'),(100001405,'HT1044','V'),(100001454,'HT1044','E'),(100001406,'HT1045','V'),(100001455,'HT1045','E'),(100001407,'HT1046','V'),(100001456,'HT1046','E'),(100001408,'HT1047','V'),(100001457,'HT1047','E'),(100001409,'HT1048','V'),(100001458,'HT1048','E'),(100001410,'HT1049','V'),(100001459,'HT1049','E');
/*!40000 ALTER TABLE `rooms` ENABLE KEYS */;
UNLOCK TABLES;

--
-- Table structure for table `season`
--

DROP TABLE IF EXISTS `season`;
/*!40101 SET @saved_cs_client     = @@character_set_client */;
 SET character_set_client = utf8mb4 ;
CREATE TABLE `season` (
  `ID_SEASON` int(2) NOT NULL,
  `START_DATE` date NOT NULL,
  `END_DATE` date NOT NULL,
  `PRICE_MODIFIER` decimal(3,2) NOT NULL,
  PRIMARY KEY (`ID_SEASON`)
) ENGINE=InnoDB DEFAULT CHARSET=utf8;
/*!40101 SET character_set_client = @saved_cs_client */;

--
-- Dumping data for table `season`
--

LOCK TABLES `season` WRITE;
/*!40000 ALTER TABLE `season` DISABLE KEYS */;
INSERT INTO `season` VALUES (1,'2019-10-01','2020-01-31',1.05),(2,'2019-02-01','2019-04-30',1.15),(3,'2019-05-01','2019-06-15',1.25),(4,'2019-06-16','2020-09-30',1.35);
/*!40000 ALTER TABLE `season` ENABLE KEYS */;
UNLOCK TABLES;

--
-- Table structure for table `seats`
--

DROP TABLE IF EXISTS `seats`;
/*!40101 SET @saved_cs_client     = @@character_set_client */;
 SET character_set_client = utf8mb4 ;
CREATE TABLE `seats` (
  `ID_PROD` int(9) NOT NULL,
  `ID_TRANSPORT` varchar(6) NOT NULL,
  `TYPE_SEAT` varchar(1) NOT NULL,
  `DATE_SEAT` date NOT NULL,
  `TIME_SEAT` time NOT NULL,
  `ORIGIN` varchar(6) NOT NULL,
  `DEST` varchar(6) NOT NULL,
  PRIMARY KEY (`ID_PROD`,`ID_TRANSPORT`,`TYPE_SEAT`,`DATE_SEAT`,`TIME_SEAT`,`ORIGIN`,`DEST`),
  KEY `FK_SEAT_TRAINS` (`ID_TRANSPORT`,`DATE_SEAT`,`TIME_SEAT`,`ORIGIN`,`DEST`),
  CONSTRAINT `FK_SEAT_FLIGHT` FOREIGN KEY (`ID_TRANSPORT`, `DATE_SEAT`, `TIME_SEAT`, `ORIGIN`, `DEST`) REFERENCES `flight` (`id_flight`, `dep_date_flight`, `dep_time_flight`, `iata_dep`, `iata_arr`),
  CONSTRAINT `FK_SEAT_PROD` FOREIGN KEY (`ID_PROD`) REFERENCES `products` (`id_products`),
  CONSTRAINT `FK_SEAT_TRAINS` FOREIGN KEY (`ID_TRANSPORT`, `DATE_SEAT`, `TIME_SEAT`, `ORIGIN`, `DEST`) REFERENCES `train` (`id_train`, `dep_train_date`, `dep_train_time`, `dep_station`, `arr_station`)
) ENGINE=InnoDB DEFAULT CHARSET=utf8;
/*!40101 SET character_set_client = @saved_cs_client */;

--
-- Dumping data for table `seats`
--

LOCK TABLES `seats` WRITE;
/*!40000 ALTER TABLE `seats` DISABLE KEYS */;
INSERT INTO `seats` VALUES (100000190,'AVE019','V','2019-01-20','08:30:00','MAD','BAR'),(100000226,'AVE019','E','2019-01-20','08:30:00','MAD','BAR'),(100000191,'AVE020','V','2019-01-20','09:00:00','BAR','MAD'),(100000227,'AVE020','E','2019-01-20','09:00:00','BAR','MAD'),(100000192,'AVE021','V','2019-01-22','15:00:00','MAD','SEV'),(100000228,'AVE021','E','2019-01-22','15:00:00','MAD','SEV'),(100000193,'AVE022','V','2019-01-22','16:40:00','SEV','MAD'),(100000229,'AVE022','E','2019-01-22','16:40:00','SEV','MAD'),(100000194,'AVE023','V','2019-01-24','17:10:00','MAD','MAL'),(100000230,'AVE023','E','2019-01-24','17:10:00','MAD','MAL'),(100000195,'AVE024','V','2019-01-24','18:30:00','MAL','MAD'),(100000231,'AVE024','E','2019-01-24','18:30:00','MAL','MAD'),(100000196,'AVE025','V','2019-01-26','20:00:00','MAD','VAL'),(100000232,'AVE025','E','2019-01-26','20:00:00','MAD','VAL'),(100000197,'AVE026','V','2019-01-26','22:30:00','VAL','MAD'),(100000233,'AVE026','E','2019-01-26','22:30:00','VAL','MAD'),(100000198,'AVE506','V','2019-01-28','08:30:00','COR','SEV'),(100000234,'AVE506','E','2019-01-28','08:30:00','COR','SEV'),(100000199,'AVE507','V','2019-01-28','09:00:00','SEV','COR'),(100000235,'AVE507','E','2019-01-28','09:00:00','SEV','COR'),(100000110,'AZ1010','V','2019-01-11','08:00:00','AGP','BRU'),(100000150,'AZ1010','E','2019-01-11','08:00:00','AGP','BRU'),(100000748,'AZ1010','V','2019-01-12','08:00:00','BRU','AGP'),(100000788,'AZ1010','E','2019-01-12','08:00:00','BRU','AGP'),(100000262,'AZ1010','V','2019-04-11','08:00:00','AGP','BRU'),(100000343,'AZ1010','E','2019-04-11','08:00:00','AGP','BRU'),(100000304,'AZ1010','V','2019-04-12','08:00:00','BRU','AGP'),(100000385,'AZ1010','E','2019-04-12','08:00:00','BRU','AGP'),(100000424,'AZ1010','V','2019-07-11','08:00:00','AGP','BRU'),(100000505,'AZ1010','E','2019-07-11','08:00:00','AGP','BRU'),(100000466,'AZ1010','V','2019-07-12','08:00:00','BRU','AGP'),(100000547,'AZ1010','E','2019-07-12','08:00:00','BRU','AGP'),(100000586,'AZ1010','V','2019-09-11','08:00:00','AGP','BRU'),(100000667,'AZ1010','E','2019-09-11','08:00:00','AGP','BRU'),(100000628,'AZ1010','V','2019-09-12','08:00:00','BRU','AGP'),(100000709,'AZ1010','E','2019-09-12','08:00:00','BRU','AGP'),(100000111,'AZ1011','V','2019-01-12','08:30:00','BRU','OST'),(100000151,'AZ1011','E','2019-01-12','08:30:00','BRU','OST'),(100000749,'AZ1011','V','2019-01-13','08:30:00','OST','BRU'),(100000789,'AZ1011','E','2019-01-13','08:30:00','OST','BRU'),(100000263,'AZ1011','V','2019-04-12','08:30:00','BRU','OST'),(100000344,'AZ1011','E','2019-04-12','08:30:00','BRU','OST'),(100000305,'AZ1011','V','2019-04-13','08:30:00','OST','BRU'),(100000386,'AZ1011','E','2019-04-13','08:30:00','OST','BRU'),(100000425,'AZ1011','V','2019-07-12','08:30:00','BRU','OST'),(100000506,'AZ1011','E','2019-07-12','08:30:00','BRU','OST'),(100000467,'AZ1011','V','2019-07-13','08:30:00','OST','BRU'),(100000548,'AZ1011','E','2019-07-13','08:30:00','OST','BRU'),(100000587,'AZ1011','V','2019-09-12','08:30:00','BRU','OST'),(100000668,'AZ1011','E','2019-09-12','08:30:00','BRU','OST'),(100000629,'AZ1011','V','2019-09-13','08:30:00','OST','BRU'),(100000710,'AZ1011','E','2019-09-13','08:30:00','OST','BRU'),(100000112,'AZ1012','V','2019-01-13','12:00:00','OST','AGP'),(100000152,'AZ1012','E','2019-01-13','12:00:00','OST','AGP'),(100000750,'AZ1012','V','2019-01-14','12:00:00','AGP','OST'),(100000790,'AZ1012','E','2019-01-14','12:00:00','AGP','OST'),(100000264,'AZ1012','V','2019-04-13','12:00:00','OST','AGP'),(100000345,'AZ1012','E','2019-04-13','12:00:00','OST','AGP'),(100000306,'AZ1012','V','2019-04-14','12:00:00','AGP','OST'),(100000387,'AZ1012','E','2019-04-14','12:00:00','AGP','OST'),(100000426,'AZ1012','V','2019-07-13','12:00:00','OST','AGP'),(100000507,'AZ1012','E','2019-07-13','12:00:00','OST','AGP'),(100000468,'AZ1012','V','2019-07-14','12:00:00','AGP','OST'),(100000549,'AZ1012','E','2019-07-14','12:00:00','AGP','OST'),(100000588,'AZ1012','V','2019-09-13','12:00:00','OST','AGP'),(100000669,'AZ1012','E','2019-09-13','12:00:00','OST','AGP'),(100000630,'AZ1012','V','2019-09-14','12:00:00','AGP','OST'),(100000711,'AZ1012','E','2019-09-14','12:00:00','AGP','OST'),(100000113,'AZ1013','V','2019-01-14','15:00:00','TFS','CDG'),(100000153,'AZ1013','E','2019-01-14','15:00:00','TFS','CDG'),(100000751,'AZ1013','V','2019-01-15','15:00:00','CDG','TFS'),(100000791,'AZ1013','E','2019-01-15','15:00:00','CDG','TFS'),(100000265,'AZ1013','V','2019-04-14','15:00:00','TFS','CDG'),(100000346,'AZ1013','E','2019-04-14','15:00:00','TFS','CDG'),(100000307,'AZ1013','V','2019-04-15','15:00:00','CDG','TFS'),(100000388,'AZ1013','E','2019-04-15','15:00:00','CDG','TFS'),(100000427,'AZ1013','V','2019-07-14','15:00:00','TFS','CDG'),(100000508,'AZ1013','E','2019-07-14','15:00:00','TFS','CDG'),(100000469,'AZ1013','V','2019-07-15','15:00:00','CDG','TFS'),(100000550,'AZ1013','E','2019-07-15','15:00:00','CDG','TFS'),(100000589,'AZ1013','V','2019-09-14','15:00:00','TFS','CDG'),(100000670,'AZ1013','E','2019-09-14','15:00:00','TFS','CDG'),(100000631,'AZ1013','V','2019-09-15','15:00:00','CDG','TFS'),(100000712,'AZ1013','E','2019-09-15','15:00:00','CDG','TFS'),(100000114,'AZ1014','V','2019-01-15','16:40:00','ALC','BRU'),(100000154,'AZ1014','E','2019-01-15','16:40:00','ALC','BRU'),(100000752,'AZ1014','V','2019-01-16','16:40:00','BRU','ALC'),(100000792,'AZ1014','E','2019-01-16','16:40:00','BRU','ALC'),(100000266,'AZ1014','V','2019-04-15','16:40:00','ALC','BRU'),(100000347,'AZ1014','E','2019-04-15','16:40:00','ALC','BRU'),(100000308,'AZ1014','V','2019-04-16','16:40:00','BRU','ALC'),(100000389,'AZ1014','E','2019-04-16','16:40:00','BRU','ALC'),(100000428,'AZ1014','V','2019-07-15','16:40:00','ALC','BRU'),(100000509,'AZ1014','E','2019-07-15','16:40:00','ALC','BRU'),(100000470,'AZ1014','V','2019-07-16','16:40:00','BRU','ALC'),(100000551,'AZ1014','E','2019-07-16','16:40:00','BRU','ALC'),(100000590,'AZ1014','V','2019-09-15','16:40:00','ALC','BRU'),(100000671,'AZ1014','E','2019-09-15','16:40:00','ALC','BRU'),(100000632,'AZ1014','V','2019-09-16','16:40:00','BRU','ALC'),(100000713,'AZ1014','E','2019-09-16','16:40:00','BRU','ALC'),(100000115,'AZ1015','V','2019-01-16','17:10:00','BRU','ALC'),(100000155,'AZ1015','E','2019-01-16','17:10:00','BRU','ALC'),(100000753,'AZ1015','V','2019-01-17','17:10:00','ALC','BRU'),(100000793,'AZ1015','E','2019-01-17','17:10:00','ALC','BRU'),(100000267,'AZ1015','V','2019-04-16','17:10:00','BRU','ALC'),(100000348,'AZ1015','E','2019-04-16','17:10:00','BRU','ALC'),(100000309,'AZ1015','V','2019-04-17','17:10:00','ALC','BRU'),(100000390,'AZ1015','E','2019-04-17','17:10:00','ALC','BRU'),(100000429,'AZ1015','V','2019-07-16','17:10:00','BRU','ALC'),(100000510,'AZ1015','E','2019-07-16','17:10:00','BRU','ALC'),(100000471,'AZ1015','V','2019-07-17','17:10:00','ALC','BRU'),(100000552,'AZ1015','E','2019-07-17','17:10:00','ALC','BRU'),(100000591,'AZ1015','V','2019-09-16','17:10:00','BRU','ALC'),(100000672,'AZ1015','E','2019-09-16','17:10:00','BRU','ALC'),(100000633,'AZ1015','V','2019-09-17','17:10:00','ALC','BRU'),(100000714,'AZ1015','E','2019-09-17','17:10:00','ALC','BRU'),(100000116,'AZ1016','V','2019-01-17','20:30:00','AGP','BRU'),(100000156,'AZ1016','E','2019-01-17','20:30:00','AGP','BRU'),(100000754,'AZ1016','V','2019-01-18','20:30:00','BRU','AGP'),(100000794,'AZ1016','E','2019-01-18','20:30:00','BRU','AGP'),(100000268,'AZ1016','V','2019-04-17','20:30:00','AGP','BRU'),(100000349,'AZ1016','E','2019-04-17','20:30:00','AGP','BRU'),(100000310,'AZ1016','V','2019-04-18','20:30:00','BRU','AGP'),(100000391,'AZ1016','E','2019-04-18','20:30:00','BRU','AGP'),(100000430,'AZ1016','V','2019-07-17','20:30:00','AGP','BRU'),(100000511,'AZ1016','E','2019-07-17','20:30:00','AGP','BRU'),(100000472,'AZ1016','V','2019-07-18','20:30:00','BRU','AGP'),(100000553,'AZ1016','E','2019-07-18','20:30:00','BRU','AGP'),(100000592,'AZ1016','V','2019-09-17','20:30:00','AGP','BRU'),(100000673,'AZ1016','E','2019-09-17','20:30:00','AGP','BRU'),(100000634,'AZ1016','V','2019-09-18','20:30:00','BRU','AGP'),(100000715,'AZ1016','E','2019-09-18','20:30:00','BRU','AGP'),(100000117,'AZ1017','V','2019-01-18','22:00:00','BRU','OST'),(100000157,'AZ1017','E','2019-01-18','22:00:00','BRU','OST'),(100000755,'AZ1017','V','2019-01-19','22:00:00','OST','BRU'),(100000795,'AZ1017','E','2019-01-19','22:00:00','OST','BRU'),(100000269,'AZ1017','V','2019-04-18','22:00:00','BRU','OST'),(100000350,'AZ1017','E','2019-04-18','22:00:00','BRU','OST'),(100000311,'AZ1017','V','2019-04-19','22:00:00','OST','BRU'),(100000392,'AZ1017','E','2019-04-19','22:00:00','OST','BRU'),(100000431,'AZ1017','V','2019-07-18','22:00:00','BRU','OST'),(100000512,'AZ1017','E','2019-07-18','22:00:00','BRU','OST'),(100000473,'AZ1017','V','2019-07-19','22:00:00','OST','BRU'),(100000554,'AZ1017','E','2019-07-19','22:00:00','OST','BRU'),(100000593,'AZ1017','V','2019-09-18','22:00:00','BRU','OST'),(100000674,'AZ1017','E','2019-09-18','22:00:00','BRU','OST'),(100000635,'AZ1017','V','2019-09-19','22:00:00','OST','BRU'),(100000716,'AZ1017','E','2019-09-19','22:00:00','OST','BRU'),(100000118,'AZ1018','V','2019-01-19','08:00:00','OST','AGP'),(100000158,'AZ1018','E','2019-01-19','08:00:00','OST','AGP'),(100000756,'AZ1018','V','2019-01-20','08:00:00','AGP','OST'),(100000796,'AZ1018','E','2019-01-20','08:00:00','AGP','OST'),(100000270,'AZ1018','V','2019-04-19','08:00:00','OST','AGP'),(100000351,'AZ1018','E','2019-04-19','08:00:00','OST','AGP'),(100000312,'AZ1018','V','2019-04-20','08:00:00','AGP','OST'),(100000393,'AZ1018','E','2019-04-20','08:00:00','AGP','OST'),(100000432,'AZ1018','V','2019-07-19','08:00:00','OST','AGP'),(100000513,'AZ1018','E','2019-07-19','08:00:00','OST','AGP'),(100000474,'AZ1018','V','2019-07-20','08:00:00','AGP','OST'),(100000555,'AZ1018','E','2019-07-20','08:00:00','AGP','OST'),(100000594,'AZ1018','V','2019-09-19','08:00:00','OST','AGP'),(100000675,'AZ1018','E','2019-09-19','08:00:00','OST','AGP'),(100000636,'AZ1018','V','2019-09-20','08:00:00','AGP','OST'),(100000717,'AZ1018','E','2019-09-20','08:00:00','AGP','OST'),(100000119,'AZ1019','V','2019-01-20','08:30:00','TFS','CDG'),(100000159,'AZ1019','E','2019-01-20','08:30:00','TFS','CDG'),(100000757,'AZ1019','V','2019-01-21','08:30:00','CDG','TFS'),(100000797,'AZ1019','E','2019-01-21','08:30:00','CDG','TFS'),(100000271,'AZ1019','V','2019-04-20','08:30:00','TFS','CDG'),(100000352,'AZ1019','E','2019-04-20','08:30:00','TFS','CDG'),(100000313,'AZ1019','V','2019-04-21','08:30:00','CDG','TFS'),(100000394,'AZ1019','E','2019-04-21','08:30:00','CDG','TFS'),(100000433,'AZ1019','V','2019-07-20','08:30:00','TFS','CDG'),(100000514,'AZ1019','E','2019-07-20','08:30:00','TFS','CDG'),(100000475,'AZ1019','V','2019-07-21','08:30:00','CDG','TFS'),(100000556,'AZ1019','E','2019-07-21','08:30:00','CDG','TFS'),(100000595,'AZ1019','V','2019-09-20','08:30:00','TFS','CDG'),(100000676,'AZ1019','E','2019-09-20','08:30:00','TFS','CDG'),(100000637,'AZ1019','V','2019-09-21','08:30:00','CDG','TFS'),(100000718,'AZ1019','E','2019-09-21','08:30:00','CDG','TFS'),(100000120,'AZ1020','V','2019-01-21','12:00:00','ALC','BRU'),(100000160,'AZ1020','E','2019-01-21','12:00:00','ALC','BRU'),(100000758,'AZ1020','V','2019-01-22','12:00:00','BRU','ALC'),(100000798,'AZ1020','E','2019-01-22','12:00:00','BRU','ALC'),(100000272,'AZ1020','V','2019-04-21','12:00:00','ALC','BRU'),(100000353,'AZ1020','E','2019-04-21','12:00:00','ALC','BRU'),(100000314,'AZ1020','V','2019-04-22','12:00:00','BRU','ALC'),(100000395,'AZ1020','E','2019-04-22','12:00:00','BRU','ALC'),(100000434,'AZ1020','V','2019-07-21','12:00:00','ALC','BRU'),(100000515,'AZ1020','E','2019-07-21','12:00:00','ALC','BRU'),(100000476,'AZ1020','V','2019-07-22','12:00:00','BRU','ALC'),(100000557,'AZ1020','E','2019-07-22','12:00:00','BRU','ALC'),(100000596,'AZ1020','V','2019-09-21','12:00:00','ALC','BRU'),(100000677,'AZ1020','E','2019-09-21','12:00:00','ALC','BRU'),(100000638,'AZ1020','V','2019-09-22','12:00:00','BRU','ALC'),(100000719,'AZ1020','E','2019-09-22','12:00:00','BRU','ALC'),(100000121,'AZ1021','V','2019-01-22','15:00:00','BRU','ALC'),(100000161,'AZ1021','E','2019-01-22','15:00:00','BRU','ALC'),(100000759,'AZ1021','V','2019-01-23','15:00:00','ALC','BRU'),(100000799,'AZ1021','E','2019-01-23','15:00:00','ALC','BRU'),(100000273,'AZ1021','V','2019-04-22','15:00:00','BRU','ALC'),(100000354,'AZ1021','E','2019-04-22','15:00:00','BRU','ALC'),(100000315,'AZ1021','V','2019-04-23','15:00:00','ALC','BRU'),(100000396,'AZ1021','E','2019-04-23','15:00:00','ALC','BRU'),(100000435,'AZ1021','V','2019-07-22','15:00:00','BRU','ALC'),(100000516,'AZ1021','E','2019-07-22','15:00:00','BRU','ALC'),(100000477,'AZ1021','V','2019-07-23','15:00:00','ALC','BRU'),(100000558,'AZ1021','E','2019-07-23','15:00:00','ALC','BRU'),(100000597,'AZ1021','V','2019-09-22','15:00:00','BRU','ALC'),(100000678,'AZ1021','E','2019-09-22','15:00:00','BRU','ALC'),(100000639,'AZ1021','V','2019-09-23','15:00:00','ALC','BRU'),(100000720,'AZ1021','E','2019-09-23','15:00:00','ALC','BRU'),(100000122,'AZ1022','V','2019-01-23','16:40:00','AGP','BRU'),(100000162,'AZ1022','E','2019-01-23','16:40:00','AGP','BRU'),(100000760,'AZ1022','V','2019-01-24','16:40:00','BRU','AGP'),(100000800,'AZ1022','E','2019-01-24','16:40:00','BRU','AGP'),(100000274,'AZ1022','V','2019-04-23','16:40:00','AGP','BRU'),(100000355,'AZ1022','E','2019-04-23','16:40:00','AGP','BRU'),(100000316,'AZ1022','V','2019-04-24','16:40:00','BRU','AGP'),(100000397,'AZ1022','E','2019-04-24','16:40:00','BRU','AGP'),(100000436,'AZ1022','V','2019-07-23','16:40:00','AGP','BRU'),(100000517,'AZ1022','E','2019-07-23','16:40:00','AGP','BRU'),(100000478,'AZ1022','V','2019-07-24','16:40:00','BRU','AGP'),(100000559,'AZ1022','E','2019-07-24','16:40:00','BRU','AGP'),(100000598,'AZ1022','V','2019-09-23','16:40:00','AGP','BRU'),(100000679,'AZ1022','E','2019-09-23','16:40:00','AGP','BRU'),(100000640,'AZ1022','V','2019-09-24','16:40:00','BRU','AGP'),(100000721,'AZ1022','E','2019-09-24','16:40:00','BRU','AGP'),(100000123,'AZ1023','V','2019-01-24','17:10:00','BRU','OST'),(100000163,'AZ1023','E','2019-01-24','17:10:00','BRU','OST'),(100000761,'AZ1023','V','2019-01-25','17:10:00','OST','BRU'),(100000801,'AZ1023','E','2019-01-25','17:10:00','OST','BRU'),(100000275,'AZ1023','V','2019-04-24','17:10:00','BRU','OST'),(100000356,'AZ1023','E','2019-04-24','17:10:00','BRU','OST'),(100000317,'AZ1023','V','2019-04-25','17:10:00','OST','BRU'),(100000398,'AZ1023','E','2019-04-25','17:10:00','OST','BRU'),(100000437,'AZ1023','V','2019-07-24','17:10:00','BRU','OST'),(100000518,'AZ1023','E','2019-07-24','17:10:00','BRU','OST'),(100000479,'AZ1023','V','2019-07-25','17:10:00','OST','BRU'),(100000560,'AZ1023','E','2019-07-25','17:10:00','OST','BRU'),(100000599,'AZ1023','V','2019-09-24','17:10:00','BRU','OST'),(100000680,'AZ1023','E','2019-09-24','17:10:00','BRU','OST'),(100000641,'AZ1023','V','2019-09-25','17:10:00','OST','BRU'),(100000722,'AZ1023','E','2019-09-25','17:10:00','OST','BRU'),(100000124,'AZ1024','V','2019-01-25','20:30:00','OST','AGP'),(100000164,'AZ1024','E','2019-01-25','20:30:00','OST','AGP'),(100000762,'AZ1024','V','2019-01-26','20:30:00','AGP','OST'),(100000802,'AZ1024','E','2019-01-26','20:30:00','AGP','OST'),(100000276,'AZ1024','V','2019-04-25','20:30:00','OST','AGP'),(100000357,'AZ1024','E','2019-04-25','20:30:00','OST','AGP'),(100000318,'AZ1024','V','2019-04-26','20:30:00','AGP','OST'),(100000399,'AZ1024','E','2019-04-26','20:30:00','AGP','OST'),(100000438,'AZ1024','V','2019-07-25','20:30:00','OST','AGP'),(100000519,'AZ1024','E','2019-07-25','20:30:00','OST','AGP'),(100000480,'AZ1024','V','2019-07-26','20:30:00','AGP','OST'),(100000561,'AZ1024','E','2019-07-26','20:30:00','AGP','OST'),(100000600,'AZ1024','V','2019-09-25','20:30:00','OST','AGP'),(100000681,'AZ1024','E','2019-09-25','20:30:00','OST','AGP'),(100000642,'AZ1024','V','2019-09-26','20:30:00','AGP','OST'),(100000723,'AZ1024','E','2019-09-26','20:30:00','AGP','OST'),(100000125,'AZ1025','V','2019-01-26','22:00:00','TFS','CDG'),(100000165,'AZ1025','E','2019-01-26','22:00:00','TFS','CDG'),(100000763,'AZ1025','V','2019-01-27','22:00:00','CDG','TFS'),(100000803,'AZ1025','E','2019-01-27','22:00:00','CDG','TFS'),(100000277,'AZ1025','V','2019-04-26','22:00:00','TFS','CDG'),(100000358,'AZ1025','E','2019-04-26','22:00:00','TFS','CDG'),(100000319,'AZ1025','V','2019-04-27','22:00:00','CDG','TFS'),(100000400,'AZ1025','E','2019-04-27','22:00:00','CDG','TFS'),(100000439,'AZ1025','V','2019-07-26','22:00:00','TFS','CDG'),(100000520,'AZ1025','E','2019-07-26','22:00:00','TFS','CDG'),(100000481,'AZ1025','V','2019-07-27','22:00:00','CDG','TFS'),(100000562,'AZ1025','E','2019-07-27','22:00:00','CDG','TFS'),(100000601,'AZ1025','V','2019-09-26','22:00:00','TFS','CDG'),(100000682,'AZ1025','E','2019-09-26','22:00:00','TFS','CDG'),(100000643,'AZ1025','V','2019-09-27','22:00:00','CDG','TFS'),(100000724,'AZ1025','E','2019-09-27','22:00:00','CDG','TFS'),(100000126,'AZ1026','V','2019-01-27','08:00:00','ALC','BRU'),(100000166,'AZ1026','E','2019-01-27','08:00:00','ALC','BRU'),(100000764,'AZ1026','V','2019-01-28','08:00:00','BRU','ALC'),(100000804,'AZ1026','E','2019-01-28','08:00:00','BRU','ALC'),(100000278,'AZ1026','V','2019-04-27','08:00:00','ALC','BRU'),(100000359,'AZ1026','E','2019-04-27','08:00:00','ALC','BRU'),(100000320,'AZ1026','V','2019-04-28','08:00:00','BRU','ALC'),(100000401,'AZ1026','E','2019-04-28','08:00:00','BRU','ALC'),(100000440,'AZ1026','V','2019-07-27','08:00:00','ALC','BRU'),(100000521,'AZ1026','E','2019-07-27','08:00:00','ALC','BRU'),(100000482,'AZ1026','V','2019-07-28','08:00:00','BRU','ALC'),(100000563,'AZ1026','E','2019-07-28','08:00:00','BRU','ALC'),(100000602,'AZ1026','V','2019-09-27','08:00:00','ALC','BRU'),(100000683,'AZ1026','E','2019-09-27','08:00:00','ALC','BRU'),(100000644,'AZ1026','V','2019-09-28','08:00:00','BRU','ALC'),(100000725,'AZ1026','E','2019-09-28','08:00:00','BRU','ALC'),(100000279,'AZ1027','V','2019-05-10','08:00:00','TFS','MAD'),(100000360,'AZ1027','E','2019-05-10','08:00:00','TFS','MAD'),(100000280,'AZ1027','V','2019-05-10','12:00:00','MAD','TFS'),(100000361,'AZ1027','E','2019-05-10','12:00:00','MAD','TFS'),(100000441,'AZ1027','V','2019-08-10','08:00:00','TFS','MAD'),(100000522,'AZ1027','E','2019-08-10','08:00:00','TFS','MAD'),(100000442,'AZ1027','V','2019-08-10','12:00:00','MAD','TFS'),(100000523,'AZ1027','E','2019-08-10','12:00:00','MAD','TFS'),(100000603,'AZ1027','V','2019-10-10','08:00:00','TFS','MAD'),(100000684,'AZ1027','E','2019-10-10','08:00:00','TFS','MAD'),(100000604,'AZ1027','V','2019-10-10','12:00:00','MAD','TFS'),(100000685,'AZ1027','E','2019-10-10','12:00:00','MAD','TFS'),(100000200,'INT517','V','2019-02-09','08:40:00','MAD','PAR'),(100000236,'INT517','E','2019-02-09','08:40:00','MAD','PAR'),(100000201,'INT518','V','2019-02-09','22:10:00','PAR','MAD'),(100000237,'INT518','E','2019-02-09','22:10:00','PAR','MAD'),(100000202,'INT519','V','2019-02-10','10:30:00','BRU','PAR'),(100000238,'INT519','E','2019-02-10','10:30:00','BRU','PAR'),(100000203,'INT520','V','2019-02-10','12:00:00','PAR','BRU'),(100000239,'INT520','E','2019-02-10','12:00:00','PAR','BRU'),(100000204,'INT521','V','2019-02-11','08:00:00','ROM','MAD'),(100000240,'INT521','E','2019-02-11','08:00:00','ROM','MAD'),(100000205,'INT522','V','2019-02-11','23:30:00','MAD','ROM'),(100000241,'INT522','E','2019-02-11','23:30:00','MAD','ROM'),(100000206,'INT523','V','2019-02-12','10:00:00','BER','BRU'),(100000242,'INT523','E','2019-02-12','10:00:00','BER','BRU'),(100000207,'INT524','V','2019-02-12','18:00:00','BRU','BER'),(100000243,'INT524','E','2019-02-12','18:00:00','BRU','BER'),(100000208,'INT525','V','2019-02-16','09:30:00','MIL','PRA'),(100000244,'INT525','E','2019-02-16','09:30:00','MIL','PRA'),(100000209,'INT526','V','2019-02-16','19:00:00','PRA','MIL'),(100000245,'INT526','E','2019-02-16','19:00:00','PRA','MIL'),(100000210,'REG508','V','2019-01-30','15:00:00','CRE','TOL'),(100000246,'REG508','E','2019-01-30','15:00:00','CRE','TOL'),(100000211,'REG509','V','2019-01-30','16:40:00','TOL','CRE'),(100000247,'REG509','E','2019-01-30','16:40:00','TOL','CRE'),(100000212,'REG510','V','2019-02-01','17:10:00','JAE','COR'),(100000248,'REG510','E','2019-02-01','17:10:00','JAE','COR'),(100000213,'REG511','V','2019-02-01','18:30:00','COR','JAE'),(100000249,'REG511','E','2019-02-01','18:30:00','COR','JAE'),(100000214,'REG512','V','2019-02-03','20:00:00','BAR','TAR'),(100000250,'REG512','E','2019-02-03','20:00:00','BAR','TAR'),(100000215,'REG513','V','2019-02-03','20:20:00','TAR','BAR'),(100000251,'REG513','E','2019-02-03','20:20:00','TAR','BAR'),(100000216,'REG514','V','2019-02-05','08:30:00','OVI','GIJ'),(100000252,'REG514','E','2019-02-05','08:30:00','OVI','GIJ'),(100000217,'REG515','V','2019-02-05','09:00:00','GIJ','OVI'),(100000253,'REG515','E','2019-02-05','09:00:00','GIJ','OVI'),(100000218,'TAL011','V','2019-01-11','08:30:00','SEG','MAD'),(100000254,'TAL011','E','2019-01-11','08:30:00','SEG','MAD'),(100000219,'TAL012','V','2019-01-12','12:00:00','MAD','CDZ'),(100000255,'TAL012','E','2019-01-12','12:00:00','MAD','CDZ'),(100000220,'TAL013','V','2019-01-12','15:00:00','CDZ','MAD'),(100000256,'TAL013','E','2019-01-12','15:00:00','CDZ','MAD'),(100000221,'TAL014','V','2019-01-15','16:40:00','MAD','SEV'),(100000257,'TAL014','E','2019-01-15','16:40:00','MAD','SEV'),(100000222,'TAL015','V','2019-01-15','17:10:00','SEV','MAD'),(100000258,'TAL015','E','2019-01-15','17:10:00','SEV','MAD'),(100000223,'TAL016','V','2019-01-17','20:30:00','COR','SEV'),(100000259,'TAL016','E','2019-01-17','20:30:00','COR','SEV'),(100000224,'TAL017','V','2019-01-17','22:00:00','SEV','COR'),(100000260,'TAL017','E','2019-01-17','22:00:00','SEV','COR'),(100000225,'TAL111','V','2019-01-11','08:00:00','MAD','SEG'),(100000261,'TAL111','E','2019-01-11','08:00:00','MAD','SEG'),(100000127,'YM8506','V','2019-01-28','08:30:00','CDG','BEL'),(100000167,'YM8506','E','2019-01-28','08:30:00','CDG','BEL'),(100000765,'YM8506','V','2019-01-29','08:30:00','BEL','CDG'),(100000805,'YM8506','E','2019-01-29','08:30:00','BEL','CDG'),(100000281,'YM8506','V','2019-04-28','08:30:00','CDG','BEL'),(100000362,'YM8506','E','2019-04-28','08:30:00','CDG','BEL'),(100000321,'YM8506','V','2019-04-29','08:30:00','BEL','CDG'),(100000402,'YM8506','E','2019-04-29','08:30:00','BEL','CDG'),(100000443,'YM8506','V','2019-07-28','08:30:00','CDG','BEL'),(100000524,'YM8506','E','2019-07-28','08:30:00','CDG','BEL'),(100000483,'YM8506','V','2019-07-29','08:30:00','BEL','CDG'),(100000564,'YM8506','E','2019-07-29','08:30:00','BEL','CDG'),(100000605,'YM8506','V','2019-09-28','08:30:00','CDG','BEL'),(100000686,'YM8506','E','2019-09-28','08:30:00','CDG','BEL'),(100000645,'YM8506','V','2019-09-29','08:30:00','BEL','CDG'),(100000726,'YM8506','E','2019-09-29','08:30:00','BEL','CDG'),(100000128,'YM8507','V','2019-01-29','12:00:00','BEL','LIL'),(100000168,'YM8507','E','2019-01-29','12:00:00','BEL','LIL'),(100000766,'YM8507','V','2019-01-30','12:00:00','LIL','BEL'),(100000806,'YM8507','E','2019-01-30','12:00:00','LIL','BEL'),(100000282,'YM8507','V','2019-04-29','12:00:00','BEL','LIL'),(100000363,'YM8507','E','2019-04-29','12:00:00','BEL','LIL'),(100000322,'YM8507','V','2019-04-30','12:00:00','LIL','BEL'),(100000403,'YM8507','E','2019-04-30','12:00:00','LIL','BEL'),(100000444,'YM8507','V','2019-07-29','12:00:00','BEL','LIL'),(100000525,'YM8507','E','2019-07-29','12:00:00','BEL','LIL'),(100000484,'YM8507','V','2019-07-30','12:00:00','LIL','BEL'),(100000565,'YM8507','E','2019-07-30','12:00:00','LIL','BEL'),(100000606,'YM8507','V','2019-09-29','12:00:00','BEL','LIL'),(100000687,'YM8507','E','2019-09-29','12:00:00','BEL','LIL'),(100000646,'YM8507','V','2019-09-30','12:00:00','LIL','BEL'),(100000727,'YM8507','E','2019-09-30','12:00:00','LIL','BEL'),(100000129,'YM8508','V','2019-01-30','15:00:00','LIL','TFS'),(100000169,'YM8508','E','2019-01-30','15:00:00','LIL','TFS'),(100000767,'YM8508','V','2019-01-31','15:00:00','TFS','LIL'),(100000807,'YM8508','E','2019-01-31','15:00:00','TFS','LIL'),(100000283,'YM8508','V','2019-04-30','15:00:00','LIL','TFS'),(100000364,'YM8508','E','2019-04-30','15:00:00','LIL','TFS'),(100000445,'YM8508','V','2019-07-30','15:00:00','LIL','TFS'),(100000526,'YM8508','E','2019-07-30','15:00:00','LIL','TFS'),(100000607,'YM8508','V','2019-09-30','15:00:00','LIL','TFS'),(100000688,'YM8508','E','2019-09-30','15:00:00','LIL','TFS'),(100000130,'YM8509','V','2019-01-31','16:40:00','CUN','BRU'),(100000170,'YM8509','E','2019-01-31','16:40:00','CUN','BRU'),(100000768,'YM8509','V','2019-02-01','16:40:00','BRU','CUN'),(100000808,'YM8509','E','2019-02-01','16:40:00','BRU','CUN'),(100000323,'YM8509','V','2019-05-01','16:40:00','BRU','CUN'),(100000404,'YM8509','E','2019-05-01','16:40:00','BRU','CUN'),(100000446,'YM8509','V','2019-07-31','16:40:00','CUN','BRU'),(100000527,'YM8509','E','2019-07-31','16:40:00','CUN','BRU'),(100000485,'YM8509','V','2019-08-01','16:40:00','BRU','CUN'),(100000566,'YM8509','E','2019-08-01','16:40:00','BRU','CUN'),(100000647,'YM8509','V','2019-10-01','16:40:00','BRU','CUN'),(100000728,'YM8509','E','2019-10-01','16:40:00','BRU','CUN'),(100000131,'YM8510','V','2019-02-01','17:10:00','BRU','MIA'),(100000171,'YM8510','E','2019-02-01','17:10:00','BRU','MIA'),(100000769,'YM8510','V','2019-02-02','17:10:00','MIA','BRU'),(100000809,'YM8510','E','2019-02-02','17:10:00','MIA','BRU'),(100000285,'YM8510','V','2019-05-01','17:10:00','BRU','MIA'),(100000366,'YM8510','E','2019-05-01','17:10:00','BRU','MIA'),(100000324,'YM8510','V','2019-05-02','17:10:00','MIA','BRU'),(100000405,'YM8510','E','2019-05-02','17:10:00','MIA','BRU'),(100000447,'YM8510','V','2019-08-01','17:10:00','BRU','MIA'),(100000528,'YM8510','E','2019-08-01','17:10:00','BRU','MIA'),(100000486,'YM8510','V','2019-08-02','17:10:00','MIA','BRU'),(100000567,'YM8510','E','2019-08-02','17:10:00','MIA','BRU'),(100000609,'YM8510','V','2019-10-01','17:10:00','BRU','MIA'),(100000690,'YM8510','E','2019-10-01','17:10:00','BRU','MIA'),(100000648,'YM8510','V','2019-10-02','17:10:00','MIA','BRU'),(100000729,'YM8510','E','2019-10-02','17:10:00','MIA','BRU'),(100000132,'YM8511','V','2019-02-02','20:30:00','CUN','MIA'),(100000172,'YM8511','E','2019-02-02','20:30:00','CUN','MIA'),(100000770,'YM8511','V','2019-02-03','20:30:00','MIA','CUN'),(100000810,'YM8511','E','2019-02-03','20:30:00','MIA','CUN'),(100000286,'YM8511','V','2019-05-02','20:30:00','CUN','MIA'),(100000367,'YM8511','E','2019-05-02','20:30:00','CUN','MIA'),(100000325,'YM8511','V','2019-05-03','20:30:00','MIA','CUN'),(100000406,'YM8511','E','2019-05-03','20:30:00','MIA','CUN'),(100000448,'YM8511','V','2019-08-02','20:30:00','CUN','MIA'),(100000529,'YM8511','E','2019-08-02','20:30:00','CUN','MIA'),(100000487,'YM8511','V','2019-08-03','20:30:00','MIA','CUN'),(100000568,'YM8511','E','2019-08-03','20:30:00','MIA','CUN'),(100000610,'YM8511','V','2019-10-02','20:30:00','CUN','MIA'),(100000691,'YM8511','E','2019-10-02','20:30:00','CUN','MIA'),(100000649,'YM8511','V','2019-10-03','20:30:00','MIA','CUN'),(100000730,'YM8511','E','2019-10-03','20:30:00','MIA','CUN'),(100000133,'YM8512','V','2019-02-03','22:00:00','BRU','LAX'),(100000173,'YM8512','E','2019-02-03','22:00:00','BRU','LAX'),(100000771,'YM8512','V','2019-02-04','22:00:00','LAX','BRU'),(100000811,'YM8512','E','2019-02-04','22:00:00','LAX','BRU'),(100000287,'YM8512','V','2019-05-03','22:00:00','BRU','LAX'),(100000368,'YM8512','E','2019-05-03','22:00:00','BRU','LAX'),(100000326,'YM8512','V','2019-05-04','22:00:00','LAX','BRU'),(100000407,'YM8512','E','2019-05-04','22:00:00','LAX','BRU'),(100000449,'YM8512','V','2019-08-03','22:00:00','BRU','LAX'),(100000530,'YM8512','E','2019-08-03','22:00:00','BRU','LAX'),(100000488,'YM8512','V','2019-08-04','22:00:00','LAX','BRU'),(100000569,'YM8512','E','2019-08-04','22:00:00','LAX','BRU'),(100000611,'YM8512','V','2019-10-03','22:00:00','BRU','LAX'),(100000692,'YM8512','E','2019-10-03','22:00:00','BRU','LAX'),(100000650,'YM8512','V','2019-10-04','22:00:00','LAX','BRU'),(100000731,'YM8512','E','2019-10-04','22:00:00','LAX','BRU'),(100000134,'YM8513','V','2019-02-04','08:00:00','CDG','BEL'),(100000174,'YM8513','E','2019-02-04','08:00:00','CDG','BEL'),(100000772,'YM8513','V','2019-02-05','08:00:00','BEL','CDG'),(100000812,'YM8513','E','2019-02-05','08:00:00','BEL','CDG'),(100000288,'YM8513','V','2019-05-04','08:00:00','CDG','BEL'),(100000369,'YM8513','E','2019-05-04','08:00:00','CDG','BEL'),(100000327,'YM8513','V','2019-05-05','08:00:00','BEL','CDG'),(100000408,'YM8513','E','2019-05-05','08:00:00','BEL','CDG'),(100000450,'YM8513','V','2019-08-04','08:00:00','CDG','BEL'),(100000531,'YM8513','E','2019-08-04','08:00:00','CDG','BEL'),(100000489,'YM8513','V','2019-08-05','08:00:00','BEL','CDG'),(100000570,'YM8513','E','2019-08-05','08:00:00','BEL','CDG'),(100000612,'YM8513','V','2019-10-04','08:00:00','CDG','BEL'),(100000693,'YM8513','E','2019-10-04','08:00:00','CDG','BEL'),(100000651,'YM8513','V','2019-10-05','08:00:00','BEL','CDG'),(100000732,'YM8513','E','2019-10-05','08:00:00','BEL','CDG'),(100000135,'YM8514','V','2019-02-05','08:30:00','BEL','LIL'),(100000175,'YM8514','E','2019-02-05','08:30:00','BEL','LIL'),(100000773,'YM8514','V','2019-02-06','08:30:00','LIL','BEL'),(100000813,'YM8514','E','2019-02-06','08:30:00','LIL','BEL'),(100000289,'YM8514','V','2019-05-05','08:30:00','BEL','LIL'),(100000370,'YM8514','E','2019-05-05','08:30:00','BEL','LIL'),(100000328,'YM8514','V','2019-05-06','08:30:00','LIL','BEL'),(100000409,'YM8514','E','2019-05-06','08:30:00','LIL','BEL'),(100000451,'YM8514','V','2019-08-05','08:30:00','BEL','LIL'),(100000532,'YM8514','E','2019-08-05','08:30:00','BEL','LIL'),(100000490,'YM8514','V','2019-08-06','08:30:00','LIL','BEL'),(100000571,'YM8514','E','2019-08-06','08:30:00','LIL','BEL'),(100000613,'YM8514','V','2019-10-05','08:30:00','BEL','LIL'),(100000694,'YM8514','E','2019-10-05','08:30:00','BEL','LIL'),(100000652,'YM8514','V','2019-10-06','08:30:00','LIL','BEL'),(100000733,'YM8514','E','2019-10-06','08:30:00','LIL','BEL'),(100000136,'YM8515','V','2019-02-06','12:00:00','LIL','TFS'),(100000176,'YM8515','E','2019-02-06','12:00:00','LIL','TFS'),(100000774,'YM8515','V','2019-02-07','12:00:00','TFS','LIL'),(100000814,'YM8515','E','2019-02-07','12:00:00','TFS','LIL'),(100000290,'YM8515','V','2019-05-06','12:00:00','LIL','TFS'),(100000371,'YM8515','E','2019-05-06','12:00:00','LIL','TFS'),(100000329,'YM8515','V','2019-05-07','12:00:00','TFS','LIL'),(100000410,'YM8515','E','2019-05-07','12:00:00','TFS','LIL'),(100000452,'YM8515','V','2019-08-06','12:00:00','LIL','TFS'),(100000533,'YM8515','E','2019-08-06','12:00:00','LIL','TFS'),(100000491,'YM8515','V','2019-08-07','12:00:00','TFS','LIL'),(100000572,'YM8515','E','2019-08-07','12:00:00','TFS','LIL'),(100000614,'YM8515','V','2019-10-06','12:00:00','LIL','TFS'),(100000695,'YM8515','E','2019-10-06','12:00:00','LIL','TFS'),(100000653,'YM8515','V','2019-10-07','12:00:00','TFS','LIL'),(100000734,'YM8515','E','2019-10-07','12:00:00','TFS','LIL'),(100000137,'YM8516','V','2019-02-07','15:00:00','CUN','BRU'),(100000177,'YM8516','E','2019-02-07','15:00:00','CUN','BRU'),(100000775,'YM8516','V','2019-02-08','15:00:00','BRU','CUN'),(100000815,'YM8516','E','2019-02-08','15:00:00','BRU','CUN'),(100000291,'YM8516','V','2019-05-07','15:00:00','CUN','BRU'),(100000372,'YM8516','E','2019-05-07','15:00:00','CUN','BRU'),(100000330,'YM8516','V','2019-05-08','15:00:00','BRU','CUN'),(100000411,'YM8516','E','2019-05-08','15:00:00','BRU','CUN'),(100000453,'YM8516','V','2019-08-07','15:00:00','CUN','BRU'),(100000534,'YM8516','E','2019-08-07','15:00:00','CUN','BRU'),(100000492,'YM8516','V','2019-08-08','15:00:00','BRU','CUN'),(100000573,'YM8516','E','2019-08-08','15:00:00','BRU','CUN'),(100000615,'YM8516','V','2019-10-07','15:00:00','CUN','BRU'),(100000696,'YM8516','E','2019-10-07','15:00:00','CUN','BRU'),(100000654,'YM8516','V','2019-10-08','15:00:00','BRU','CUN'),(100000735,'YM8516','E','2019-10-08','15:00:00','BRU','CUN'),(100000138,'YM8517','V','2019-02-08','16:40:00','BRU','MIA'),(100000178,'YM8517','E','2019-02-08','16:40:00','BRU','MIA'),(100000776,'YM8517','V','2019-02-09','16:40:00','MIA','BRU'),(100000816,'YM8517','E','2019-02-09','16:40:00','MIA','BRU'),(100000292,'YM8517','V','2019-05-08','16:40:00','BRU','MIA'),(100000373,'YM8517','E','2019-05-08','16:40:00','BRU','MIA'),(100000331,'YM8517','V','2019-05-09','16:40:00','MIA','BRU'),(100000412,'YM8517','E','2019-05-09','16:40:00','MIA','BRU'),(100000454,'YM8517','V','2019-08-08','16:40:00','BRU','MIA'),(100000535,'YM8517','E','2019-08-08','16:40:00','BRU','MIA'),(100000493,'YM8517','V','2019-08-09','16:40:00','MIA','BRU'),(100000574,'YM8517','E','2019-08-09','16:40:00','MIA','BRU'),(100000616,'YM8517','V','2019-10-08','16:40:00','BRU','MIA'),(100000697,'YM8517','E','2019-10-08','16:40:00','BRU','MIA'),(100000655,'YM8517','V','2019-10-09','16:40:00','MIA','BRU'),(100000736,'YM8517','E','2019-10-09','16:40:00','MIA','BRU'),(100000139,'YM8518','V','2019-02-09','17:10:00','CUN','MIA'),(100000179,'YM8518','E','2019-02-09','17:10:00','CUN','MIA'),(100000777,'YM8518','V','2019-02-10','17:10:00','MIA','CUN'),(100000817,'YM8518','E','2019-02-10','17:10:00','MIA','CUN'),(100000293,'YM8518','V','2019-05-09','17:10:00','CUN','MIA'),(100000374,'YM8518','E','2019-05-09','17:10:00','CUN','MIA'),(100000332,'YM8518','V','2019-05-10','17:10:00','MIA','CUN'),(100000413,'YM8518','E','2019-05-10','17:10:00','MIA','CUN'),(100000455,'YM8518','V','2019-08-09','17:10:00','CUN','MIA'),(100000536,'YM8518','E','2019-08-09','17:10:00','CUN','MIA'),(100000494,'YM8518','V','2019-08-10','17:10:00','MIA','CUN'),(100000575,'YM8518','E','2019-08-10','17:10:00','MIA','CUN'),(100000617,'YM8518','V','2019-10-09','17:10:00','CUN','MIA'),(100000698,'YM8518','E','2019-10-09','17:10:00','CUN','MIA'),(100000656,'YM8518','V','2019-10-10','17:10:00','MIA','CUN'),(100000737,'YM8518','E','2019-10-10','17:10:00','MIA','CUN'),(100000140,'YM8519','V','2019-02-10','20:30:00','BRU','LAX'),(100000180,'YM8519','E','2019-02-10','20:30:00','BRU','LAX'),(100000778,'YM8519','V','2019-02-11','20:30:00','LAX','BRU'),(100000818,'YM8519','E','2019-02-11','20:30:00','LAX','BRU'),(100000294,'YM8519','V','2019-05-10','20:30:00','BRU','LAX'),(100000375,'YM8519','E','2019-05-10','20:30:00','BRU','LAX'),(100000333,'YM8519','V','2019-05-11','20:30:00','LAX','BRU'),(100000414,'YM8519','E','2019-05-11','20:30:00','LAX','BRU'),(100000456,'YM8519','V','2019-08-10','20:30:00','BRU','LAX'),(100000537,'YM8519','E','2019-08-10','20:30:00','BRU','LAX'),(100000495,'YM8519','V','2019-08-11','20:30:00','LAX','BRU'),(100000576,'YM8519','E','2019-08-11','20:30:00','LAX','BRU'),(100000618,'YM8519','V','2019-10-10','20:30:00','BRU','LAX'),(100000699,'YM8519','E','2019-10-10','20:30:00','BRU','LAX'),(100000657,'YM8519','V','2019-10-11','20:30:00','LAX','BRU'),(100000738,'YM8519','E','2019-10-11','20:30:00','LAX','BRU'),(100000141,'YM8520','V','2019-02-11','22:00:00','CDG','BEL'),(100000181,'YM8520','E','2019-02-11','22:00:00','CDG','BEL'),(100000779,'YM8520','V','2019-02-12','22:00:00','BEL','CDG'),(100000819,'YM8520','E','2019-02-12','22:00:00','BEL','CDG'),(100000295,'YM8520','V','2019-05-11','22:00:00','CDG','BEL'),(100000376,'YM8520','E','2019-05-11','22:00:00','CDG','BEL'),(100000334,'YM8520','V','2019-05-12','22:00:00','BEL','CDG'),(100000415,'YM8520','E','2019-05-12','22:00:00','BEL','CDG'),(100000457,'YM8520','V','2019-08-11','22:00:00','CDG','BEL'),(100000538,'YM8520','E','2019-08-11','22:00:00','CDG','BEL'),(100000496,'YM8520','V','2019-08-12','22:00:00','BEL','CDG'),(100000577,'YM8520','E','2019-08-12','22:00:00','BEL','CDG'),(100000619,'YM8520','V','2019-10-11','22:00:00','CDG','BEL'),(100000700,'YM8520','E','2019-10-11','22:00:00','CDG','BEL'),(100000658,'YM8520','V','2019-10-12','22:00:00','BEL','CDG'),(100000739,'YM8520','E','2019-10-12','22:00:00','BEL','CDG'),(100000142,'YM8521','V','2019-02-12','08:00:00','BEL','LIL'),(100000182,'YM8521','E','2019-02-12','08:00:00','BEL','LIL'),(100000780,'YM8521','V','2019-02-13','08:00:00','LIL','BEL'),(100000820,'YM8521','E','2019-02-13','08:00:00','LIL','BEL'),(100000296,'YM8521','V','2019-05-12','08:00:00','BEL','LIL'),(100000377,'YM8521','E','2019-05-12','08:00:00','BEL','LIL'),(100000335,'YM8521','V','2019-05-13','08:00:00','LIL','BEL'),(100000416,'YM8521','E','2019-05-13','08:00:00','LIL','BEL'),(100000458,'YM8521','V','2019-08-12','08:00:00','BEL','LIL'),(100000539,'YM8521','E','2019-08-12','08:00:00','BEL','LIL'),(100000497,'YM8521','V','2019-08-13','08:00:00','LIL','BEL'),(100000578,'YM8521','E','2019-08-13','08:00:00','LIL','BEL'),(100000620,'YM8521','V','2019-10-12','08:00:00','BEL','LIL'),(100000701,'YM8521','E','2019-10-12','08:00:00','BEL','LIL'),(100000659,'YM8521','V','2019-10-13','08:00:00','LIL','BEL'),(100000740,'YM8521','E','2019-10-13','08:00:00','LIL','BEL'),(100000143,'YM8522','V','2019-02-13','08:30:00','LIL','TFS'),(100000183,'YM8522','E','2019-02-13','08:30:00','LIL','TFS'),(100000781,'YM8522','V','2019-02-14','08:30:00','TFS','LIL'),(100000821,'YM8522','E','2019-02-14','08:30:00','TFS','LIL'),(100000297,'YM8522','V','2019-05-13','08:30:00','LIL','TFS'),(100000378,'YM8522','E','2019-05-13','08:30:00','LIL','TFS'),(100000336,'YM8522','V','2019-05-14','08:30:00','TFS','LIL'),(100000417,'YM8522','E','2019-05-14','08:30:00','TFS','LIL'),(100000459,'YM8522','V','2019-08-13','08:30:00','LIL','TFS'),(100000540,'YM8522','E','2019-08-13','08:30:00','LIL','TFS'),(100000498,'YM8522','V','2019-08-14','08:30:00','TFS','LIL'),(100000579,'YM8522','E','2019-08-14','08:30:00','TFS','LIL'),(100000621,'YM8522','V','2019-10-13','08:30:00','LIL','TFS'),(100000702,'YM8522','E','2019-10-13','08:30:00','LIL','TFS'),(100000660,'YM8522','V','2019-10-14','08:30:00','TFS','LIL'),(100000741,'YM8522','E','2019-10-14','08:30:00','TFS','LIL'),(100000144,'YM8523','V','2019-02-14','12:00:00','CUN','BRU'),(100000184,'YM8523','E','2019-02-14','12:00:00','CUN','BRU'),(100000782,'YM8523','V','2019-02-15','12:00:00','BRU','CUN'),(100000822,'YM8523','E','2019-02-15','12:00:00','BRU','CUN'),(100000298,'YM8523','V','2019-05-14','12:00:00','CUN','BRU'),(100000379,'YM8523','E','2019-05-14','12:00:00','CUN','BRU'),(100000337,'YM8523','V','2019-05-15','12:00:00','BRU','CUN'),(100000418,'YM8523','E','2019-05-15','12:00:00','BRU','CUN'),(100000460,'YM8523','V','2019-08-14','12:00:00','CUN','BRU'),(100000541,'YM8523','E','2019-08-14','12:00:00','CUN','BRU'),(100000499,'YM8523','V','2019-08-15','12:00:00','BRU','CUN'),(100000580,'YM8523','E','2019-08-15','12:00:00','BRU','CUN'),(100000622,'YM8523','V','2019-10-14','12:00:00','CUN','BRU'),(100000703,'YM8523','E','2019-10-14','12:00:00','CUN','BRU'),(100000661,'YM8523','V','2019-10-15','12:00:00','BRU','CUN'),(100000742,'YM8523','E','2019-10-15','12:00:00','BRU','CUN'),(100000145,'YM8524','V','2019-02-15','15:00:00','BRU','MIA'),(100000185,'YM8524','E','2019-02-15','15:00:00','BRU','MIA'),(100000783,'YM8524','V','2019-02-16','15:00:00','MIA','BRU'),(100000823,'YM8524','E','2019-02-16','15:00:00','MIA','BRU'),(100000299,'YM8524','V','2019-05-15','15:00:00','BRU','MIA'),(100000380,'YM8524','E','2019-05-15','15:00:00','BRU','MIA'),(100000338,'YM8524','V','2019-05-16','15:00:00','MIA','BRU'),(100000419,'YM8524','E','2019-05-16','15:00:00','MIA','BRU'),(100000461,'YM8524','V','2019-08-15','15:00:00','BRU','MIA'),(100000542,'YM8524','E','2019-08-15','15:00:00','BRU','MIA'),(100000500,'YM8524','V','2019-08-16','15:00:00','MIA','BRU'),(100000581,'YM8524','E','2019-08-16','15:00:00','MIA','BRU'),(100000623,'YM8524','V','2019-10-15','15:00:00','BRU','MIA'),(100000704,'YM8524','E','2019-10-15','15:00:00','BRU','MIA'),(100000662,'YM8524','V','2019-10-16','15:00:00','MIA','BRU'),(100000743,'YM8524','E','2019-10-16','15:00:00','MIA','BRU'),(100000146,'YM8525','V','2019-02-16','16:40:00','CUN','MIA'),(100000186,'YM8525','E','2019-02-16','16:40:00','CUN','MIA'),(100000784,'YM8525','V','2019-02-17','16:40:00','MIA','CUN'),(100000824,'YM8525','E','2019-02-17','16:40:00','MIA','CUN'),(100000300,'YM8525','V','2019-05-16','16:40:00','CUN','MIA'),(100000381,'YM8525','E','2019-05-16','16:40:00','CUN','MIA'),(100000339,'YM8525','V','2019-05-17','16:40:00','MIA','CUN'),(100000420,'YM8525','E','2019-05-17','16:40:00','MIA','CUN'),(100000462,'YM8525','V','2019-08-16','16:40:00','CUN','MIA'),(100000543,'YM8525','E','2019-08-16','16:40:00','CUN','MIA'),(100000501,'YM8525','V','2019-08-17','16:40:00','MIA','CUN'),(100000582,'YM8525','E','2019-08-17','16:40:00','MIA','CUN'),(100000624,'YM8525','V','2019-10-16','16:40:00','CUN','MIA'),(100000705,'YM8525','E','2019-10-16','16:40:00','CUN','MIA'),(100000663,'YM8525','V','2019-10-17','16:40:00','MIA','CUN'),(100000744,'YM8525','E','2019-10-17','16:40:00','MIA','CUN'),(100000147,'YM8526','V','2019-02-17','17:10:00','BRU','LAX'),(100000187,'YM8526','E','2019-02-17','17:10:00','BRU','LAX'),(100000785,'YM8526','V','2019-02-18','17:10:00','LAX','BRU'),(100000825,'YM8526','E','2019-02-18','17:10:00','LAX','BRU'),(100000301,'YM8526','V','2019-05-17','17:10:00','BRU','LAX'),(100000382,'YM8526','E','2019-05-17','17:10:00','BRU','LAX'),(100000340,'YM8526','V','2019-05-18','17:10:00','LAX','BRU'),(100000421,'YM8526','E','2019-05-18','17:10:00','LAX','BRU'),(100000463,'YM8526','V','2019-08-17','17:10:00','BRU','LAX'),(100000544,'YM8526','E','2019-08-17','17:10:00','BRU','LAX'),(100000502,'YM8526','V','2019-08-18','17:10:00','LAX','BRU'),(100000583,'YM8526','E','2019-08-18','17:10:00','LAX','BRU'),(100000625,'YM8526','V','2019-10-17','17:10:00','BRU','LAX'),(100000706,'YM8526','E','2019-10-17','17:10:00','BRU','LAX'),(100000664,'YM8526','V','2019-10-18','17:10:00','LAX','BRU'),(100000745,'YM8526','E','2019-10-18','17:10:00','LAX','BRU'),(100000148,'YM8527','V','2019-02-18','20:30:00','CDG','BEL'),(100000188,'YM8527','E','2019-02-18','20:30:00','CDG','BEL'),(100000786,'YM8527','V','2019-02-19','20:30:00','BEL','CDG'),(100000826,'YM8527','E','2019-02-19','20:30:00','BEL','CDG'),(100000302,'YM8527','V','2019-05-18','20:30:00','CDG','BEL'),(100000383,'YM8527','E','2019-05-18','20:30:00','CDG','BEL'),(100000341,'YM8527','V','2019-05-19','20:30:00','BEL','CDG'),(100000422,'YM8527','E','2019-05-19','20:30:00','BEL','CDG'),(100000464,'YM8527','V','2019-08-18','20:30:00','CDG','BEL'),(100000545,'YM8527','E','2019-08-18','20:30:00','CDG','BEL'),(100000503,'YM8527','V','2019-08-19','20:30:00','BEL','CDG'),(100000584,'YM8527','E','2019-08-19','20:30:00','BEL','CDG'),(100000626,'YM8527','V','2019-10-18','20:30:00','CDG','BEL'),(100000707,'YM8527','E','2019-10-18','20:30:00','CDG','BEL'),(100000665,'YM8527','V','2019-10-19','20:30:00','BEL','CDG'),(100000746,'YM8527','E','2019-10-19','20:30:00','BEL','CDG'),(100000149,'YM8528','V','2019-02-19','22:00:00','BEL','LIL'),(100000189,'YM8528','E','2019-02-19','22:00:00','BEL','LIL'),(100000787,'YM8528','V','2019-02-20','22:00:00','LIL','BEL'),(100000827,'YM8528','E','2019-02-20','22:00:00','LIL','BEL'),(100000303,'YM8528','V','2019-05-19','22:00:00','BEL','LIL'),(100000384,'YM8528','E','2019-05-19','22:00:00','BEL','LIL'),(100000342,'YM8528','V','2019-05-20','22:00:00','LIL','BEL'),(100000423,'YM8528','E','2019-05-20','22:00:00','LIL','BEL'),(100000465,'YM8528','V','2019-08-19','22:00:00','BEL','LIL'),(100000546,'YM8528','E','2019-08-19','22:00:00','BEL','LIL'),(100000504,'YM8528','V','2019-08-20','22:00:00','LIL','BEL'),(100000585,'YM8528','E','2019-08-20','22:00:00','LIL','BEL'),(100000627,'YM8528','V','2019-10-19','22:00:00','BEL','LIL'),(100000708,'YM8528','E','2019-10-19','22:00:00','BEL','LIL'),(100000666,'YM8528','V','2019-10-20','22:00:00','LIL','BEL'),(100000747,'YM8528','E','2019-10-20','22:00:00','LIL','BEL');
/*!40000 ALTER TABLE `seats` ENABLE KEYS */;
UNLOCK TABLES;

--
-- Table structure for table `subcharter`
--

DROP TABLE IF EXISTS `subcharter`;
/*!40101 SET @saved_cs_client     = @@character_set_client */;
 SET character_set_client = utf8mb4 ;
CREATE TABLE `subcharter` (
  `ID_SUBCHARTER` varchar(10) NOT NULL,
  `NAME` varchar(45) DEFAULT NULL,
  `STREET` varchar(45) DEFAULT NULL,
  `NUMBER` int(4) DEFAULT NULL,
  `EMAIL` varchar(60) DEFAULT NULL,
  `PHONE` int(9) DEFAULT NULL,
  PRIMARY KEY (`ID_SUBCHARTER`)
) ENGINE=InnoDB DEFAULT CHARSET=utf8;
/*!40101 SET character_set_client = @saved_cs_client */;

--
-- Dumping data for table `subcharter`
--

LOCK TABLES `subcharter` WRITE;
/*!40000 ALTER TABLE `subcharter` DISABLE KEYS */;
INSERT INTO `subcharter` VALUES ('AV17TJY6AS','Interdum LLP                  ','Apartado núm.: 377, 7641 Sed,              ',998,' ultrices.posuere.cubilia@eu.ca                    ',651427235),('DG78YCA5PQ','Luctus Et Ultrices LLP        ','2720 Nunc                                  ',187,' Integer@magnisdisparturient.net                   ',100661736),('DQ72KNQ0SH','Tellus Sem Industries         ','7663 Malesuada Ctra.                       ',203,' felis.eget@Curabitur.com                          ',431665996),('EI18NHO3HS','Vel Arcu Institute            ','9803 Sem Avenida                           ',37,' Nullam@lacinia.com                                ',852381005),('FP09KTS4UR','Orci Luctus Consulting        ','420-2564 Imperdiet                         ',867,' eu@nuncacmattis.ca                                ',142594065),('GM43FQK8BU','Libero LLP                    ','Apdo.:969-2792 Lectus C.                   ',818,' fringilla@necluctusfelis.co.uk                    ',126467863),('GQ94ZKY5EZ','Semper Dui Associates         ','3815 Aenean                                ',1224,' consectetuer.ipsum.nunc@luctuslobortis.org        ',831218848),('HD56QEQ9XI','Et Arcu Imperdiet Foundation  ','Apartado núm.: 130, 8926 Quam. Carretera   ',1232,' egestas@Crasvulputate.com                         ',796478853),('HH37FGR1HL','Iaculis Aliquet Associates    ','Apartado núm.: 247, 8054 Tellus Carretera 2',526,' placerat.augue.Sed@acturpis.edu                   ',761522399),('IB22NKG4EW','Hendrerit Corporation         ','Apartado núm.: 342, 6831 Turpis. C.        ',470,' magna@lectusCum.net                               ',900124956),('JM33MXC0LC','Aliquet Libero PC             ','Apdo.:790-2012 Ac Ctra.                    ',876,' nibh.sit@Cras.edu                                 ',448137065),('JZ26THL4VU','Fringilla Mi Inc.             ','Apartado núm.: 234, 6078 Fringilla Calle   ',40,' Cras.pellentesque@ullamcorperviverra.edu          ',549111948),('KV15MIO8AO','In Faucibus Orci Institute    ','239-7963 Natoque Ctra.                     ',537,' a.malesuada.id@inconsequat.com                    ',970365217),('LD45CWV2WE','Non Corporation               ','861-5142 Semper Avda.                      ',678,' litora@Aeneangravida.org                          ',150760415),('MD70VZW4ZS','Mi LLP                        ','532-864 Ligula Carretera                   ',319,' fames.ac@interdum.net                             ',497692076),('MK64UBK0MT','Facilisis Company             ','Apartado núm.: 998, 5990 Dolor C/          ',909,' nec@dapibus.ca                                    ',990904416),('NQ84CBQ2EH','Suscipit Limited              ','Apdo.:842-7951 Eros. Carretera             ',1012,' elit@per.ca                                       ',724809399),('OA07RWI1YP','Volutpat Associates           ','Apdo.:885-1265 Lacus.                      ',1153,' consectetuer.cursus.et@vehicularisusNulla.co.uk   ',928646769),('QT73KGH5RD','Dui Semper Consulting         ','Apartado núm.: 173, 450 Congue. Avenida    ',804,' velit.Pellentesque.ultricies@sapien.ca            ',515823502),('QV67VHQ9SK','Malesuada PC                  ','9436 A, C/                                 ',937,' odio@magnisdisparturient.co.uk                    ',833404385),('QW69GHO7AD','Semper Ltd                    ','Apartado núm.: 447, 5216 Ornare. Ctra.     ',51,' semper.rutrum@nibhdolornonummy.co.uk              ',192148748),('QX17QPD5XD','Eu LLP                        ','Apartado núm.: 421, 7386 Amet Avda.        ',692,' vel.turpis.Aliquam@nulla.org                      ',608139230),('QY23SIR2FU','Sit Corporation               ','Apdo.:286-9826 Mauris Avda.                ',717,' ultrices@nulla.com                                ',894438804),('QZ27RGJ9VB','Magna A Corp.                 ','904-5570 Enim, Ctra.                       ',629,' metus@posuerevulputate.org                        ',984275072),('RV96YEL4IC','Ut Foundation                 ','Apartado núm.: 766, 8766 Suspendisse Avda. ',613,' montes.nascetur.ridiculus@loremtristiquealiquet.ca',879362967),('SW16IAH1MW','Sit Amet Luctus Consulting    ','Apartado núm.: 805, 2122 A C/              ',111,' ultrices@eget.ca                                  ',967334204),('UA69DTD6AE','Convallis Erat PC             ','Apdo.:824-6685 Interdum Carretera          ',195,' enim@fringilla.co.uk                              ',721141228),('UR48QBF3XU','Magna Nec Quam Institute      ','Apartado núm.: 200, 3652 Purus Avenida     ',846,' Curabitur.vel@Donecestmauris.edu                  ',280931673),('VS71MZH6DL','Ornare Egestas Limited        ','Apdo.:777-4910 Scelerisque                 ',1117,' Nulla@vestibulum.edu                              ',365893549),('WG25DRH5CL','Mi LLP                        ','9715 Lorem Av.                             ',971,' risus@atvelit.co.uk                               ',922685206),('XZ61FQQ8FZ','Nec Company                   ','294-511 Suspendisse Calle                  ',1100,' Suspendisse.ac@lobortisClass.org                  ',574678813),('YJ09DCM7MF','Laoreet Lectus Foundation     ','694 Proin Ctra.                            ',825,' tempor.erat.neque@nonummy.edu                     ',104101689),('YW11MTB0BI','Varius Et Euismod Ltd         ','Apdo.:533-1215 In Av.                      ',146,' sem@vulputate.com                                 ',573855979),('ZL93KZO3JF','Sed Dolor Inc.                ','442-3200 Mauris Av.                        ',617,' orci@estcongue.com                                ',729451895),('ZY56SFT3SQ','Elementum Purus Accumsan Corp.','Apdo.:335-1543 Elit. Avenida               ',59,' et@Donecconsectetuermauris.org                    ',864767602);
/*!40000 ALTER TABLE `subcharter` ENABLE KEYS */;
UNLOCK TABLES;

--
-- Table structure for table `train`
--

DROP TABLE IF EXISTS `train`;
/*!40101 SET @saved_cs_client     = @@character_set_client */;
 SET character_set_client = utf8mb4 ;
CREATE TABLE `train` (
  `ID_TRAIN` varchar(6) NOT NULL,
  `DEP_TRAIN_DATE` date NOT NULL,
  `DEP_TRAIN_TIME` time NOT NULL,
  `DEP_STATION` varchar(6) NOT NULL,
  `ARR_STATION` varchar(6) NOT NULL,
  `DEP_TRAIN_CITY` varchar(45) DEFAULT NULL,
  `TRAIN` varchar(45) DEFAULT NULL,
  `ARR_TRAIN_CITY` varchar(45) DEFAULT NULL,
  `ARR_TRAIN_DATE` date DEFAULT NULL,
  `ARR_TRAIN_TIME` time DEFAULT NULL,
  `TOTAL_SEAT_VIP` int(3) DEFAULT NULL,
  `TOTAL_SEAT_COMMON` int(3) DEFAULT NULL,
  `PRICE_VIP` decimal(5,2) DEFAULT NULL,
  `PRICE_COMMON` decimal(5,2) DEFAULT NULL,
  PRIMARY KEY (`ID_TRAIN`,`DEP_TRAIN_DATE`,`DEP_TRAIN_TIME`,`DEP_STATION`,`ARR_STATION`)
) ENGINE=InnoDB DEFAULT CHARSET=utf8;
/*!40101 SET character_set_client = @saved_cs_client */;

--
-- Dumping data for table `train`
--

LOCK TABLES `train` WRITE;
/*!40000 ALTER TABLE `train` DISABLE KEYS */;
INSERT INTO `train` VALUES ('AVE019','2019-01-20','08:30:00','MAD','BAR','MADRID     ','AVE LD300  ','BARCELONA  ','2019-01-20','15:30:00',34,260,125.50,65.00),('AVE019','2019-01-22','08:30:00','MAD','BAR','MADRID     ','AVE LD300  ','BARCELONA  ','2019-01-20','15:30:00',34,260,125.50,65.00),('AVE020','2019-01-20','09:00:00','BAR','MAD','BARCELONA  ','AVE LD300  ','MADRID     ','2019-01-20','16:00:00',34,260,125.50,65.00),('AVE020','2019-01-22','09:00:00','BAR','MAD','BARCELONA  ','AVE LD300  ','MADRID     ','2019-01-20','16:00:00',34,260,125.50,65.00),('AVE021','2019-01-22','15:00:00','MAD','SEV','MADRID     ','AVE MD300  ','SEVILLA    ','2019-01-22','18:00:00',34,290,155.50,68.00),('AVE021','2019-01-24','15:00:00','MAD','SEV','MADRID     ','AVE MD300  ','SEVILLA    ','2019-01-22','18:00:00',34,290,155.50,68.00),('AVE022','2019-01-22','16:40:00','SEV','MAD','SEVILLA    ','AVE MD300  ','MADRID     ','2019-01-22','19:40:00',34,290,155.50,68.00),('AVE022','2019-01-24','16:40:00','SEV','MAD','SEVILLA    ','AVE MD300  ','MADRID     ','2019-01-22','19:40:00',34,290,155.50,68.00),('AVE023','2019-01-24','17:10:00','MAD','MAL','MADRID     ','AVE LD250  ','MALAGA     ','2019-01-24','21:10:00',32,290,125.50,64.00),('AVE023','2019-01-26','17:10:00','MAD','MAL','MADRID     ','AVE LD250  ','MALAGA     ','2019-01-24','21:10:00',32,290,125.50,64.00),('AVE024','2019-01-24','18:30:00','MAL','MAD','MALGA      ','AVE LD250  ','MADRID     ','2019-01-24','21:30:00',32,290,125.50,64.00),('AVE024','2019-01-26','18:30:00','MAL','MAD','MALGA      ','AVE LD250  ','MADRID     ','2019-01-24','21:30:00',32,290,125.50,64.00),('AVE025','2019-01-26','20:00:00','MAD','VAL','MADRID     ','AVE MD250  ','VALENCIA   ','2019-01-26','22:00:00',34,290,125.50,60.00),('AVE025','2019-01-28','20:00:00','MAD','VAL','MADRID     ','AVE MD250  ','VALENCIA   ','2019-01-26','22:00:00',34,290,125.50,60.00),('AVE026','2019-01-26','22:30:00','VAL','MAD','VALENCIA   ','AVE MD250  ','MADRID     ','2019-01-26','23:50:00',34,290,125.50,60.00),('AVE026','2019-01-28','22:30:00','VAL','MAD','VALENCIA   ','AVE MD250  ','MADRID     ','2019-01-26','23:50:00',34,290,125.50,60.00),('AVE506','2019-01-28','08:30:00','COR','SEV','CORDOBA    ','AVANT 0110 ','SEVILLA    ','2019-01-28','09:30:00',12,190,75.50,44.00),('AVE506','2019-01-30','08:30:00','COR','SEV','CORDOBA    ','AVANT 0110 ','SEVILLA    ','2019-01-28','09:30:00',12,190,75.50,44.00),('AVE507','2019-01-28','09:00:00','SEV','COR','SEVILLA    ','AVANT 0111 ','CORDOBA    ','2019-01-28','10:00:00',12,190,75.50,44.00),('AVE507','2019-01-30','09:00:00','SEV','COR','SEVILLA    ','AVANT 0111 ','CORDOBA    ','2019-01-28','10:00:00',12,190,75.50,44.00),('INT517','2019-02-08','08:40:00','MAD','PAR','MADRID     ','INT ZONA-A ','PARIS      ','2019-02-09','20:40:00',48,250,125.50,80.00),('INT517','2019-02-09','08:40:00','MAD','PAR','MADRID     ','INT ZONA-A ','PARIS      ','2019-02-09','20:40:00',48,250,125.50,80.00),('INT518','2019-02-08','22:10:00','PAR','MAD','PARIS      ','INT ZONA-A ','MADRID     ','2019-02-10','08:10:00',48,250,125.50,80.00),('INT518','2019-02-09','22:10:00','PAR','MAD','PARIS      ','INT ZONA-A ','MADRID     ','2019-02-10','08:10:00',48,250,125.50,80.00),('INT519','2019-02-10','10:30:00','BRU','PAR','BRUSELAS   ','INT ZONA-A ','PARIS      ','2019-02-10','11:30:00',24,150,85.50,45.00),('INT519','2019-02-12','10:30:00','BRU','PAR','BRUSELAS   ','INT ZONA-A ','PARIS      ','2019-02-10','11:30:00',24,150,85.50,45.00),('INT520','2019-02-10','12:00:00','PAR','BRU','PARIS      ','INT ZONA-A ','BRUSELAS   ','2019-02-10','13:00:00',24,150,85.50,45.00),('INT520','2019-02-12','12:00:00','PAR','BRU','PARIS      ','INT ZONA-A ','BRUSELAS   ','2019-02-10','13:00:00',24,150,85.50,45.00),('INT521','2019-02-11','08:00:00','ROM','MAD','ROMA       ','INT ZONA-B ','MADRID     ','2019-02-11','23:00:00',44,230,175.50,100.00),('INT521','2019-02-14','08:00:00','ROM','MAD','ROMA       ','INT ZONA-B ','MADRID     ','2019-02-11','23:00:00',44,230,175.50,120.00),('INT522','2019-02-11','23:30:00','MAD','ROM','MADRID     ','INT ZONA-B ','ROMA       ','2019-02-13','10:30:00',44,230,175.50,130.00),('INT522','2019-02-14','23:30:00','MAD','ROM','MADRID     ','INT ZONA-B ','ROMA       ','2019-02-13','10:30:00',44,230,175.50,90.00),('INT523','2019-02-12','10:00:00','BER','BRU','BERLIN     ','INT ZONA-B ','BRUSELAS   ','2019-02-12','15:00:00',28,150,95.50,60.00),('INT523','2019-02-16','10:00:00','BER','BRU','BERLIN     ','INT ZONA-B ','BRUSELAS   ','2019-02-12','15:00:00',28,150,95.50,60.00),('INT524','2019-02-12','18:00:00','BRU','BER','BRUSELAS   ','INT ZONA-B ','BERLIN     ','2019-02-12','23:00:00',28,150,95.50,60.00),('INT524','2019-02-16','18:00:00','BRU','BER','BRUSELAS   ','INT ZONA-B ','BERLIN     ','2019-02-12','23:00:00',28,150,95.50,60.00),('INT525','2019-02-16','09:30:00','MIL','PRA','MILAN      ','INT ZONA-C ','PRAGA      ','2019-02-16','14:30:00',24,230,85.50,55.00),('INT525','2019-02-18','09:30:00','MIL','PRA','MILAN      ','INT ZONA-C ','PRAGA      ','2019-02-16','14:30:00',24,230,85.50,55.00),('INT526','2019-02-16','19:00:00','PRA','MIL','PRAGA      ','INT ZONA-C ','MILAN      ','2019-02-17','00:20:00',24,230,85.50,55.00),('INT526','2019-02-18','19:00:00','PRA','MIL','PRAGA      ','INT ZONA-C ','MILAN      ','2019-02-17','00:20:00',24,230,85.50,55.00),('REG508','2019-01-30','15:00:00','CRE','TOL','CIUDAD REAL','REGEXP CLM ','TOLEDO     ','2019-01-30','16:00:00',12,190,45.50,24.00),('REG508','2019-01-31','15:00:00','CRE','TOL','CIUDAD REAL','REGEXP CLM ','TOLEDO     ','2019-01-30','16:00:00',12,190,45.50,24.00),('REG509','2019-01-30','16:40:00','TOL','CRE','TOLEDO     ','REGEXP CLM ','CIUDAD REAL','2019-01-30','17:40:00',12,190,45.50,24.00),('REG509','2019-01-31','16:40:00','TOL','CRE','TOLEDO     ','REGEXP CLM ','CIUDAD REAL','2019-01-30','17:40:00',12,190,45.50,24.00),('REG510','2019-02-01','17:10:00','JAE','COR','JAEN       ','REGEXP AND ','CORDOBA    ','2019-02-01','18:10:00',14,130,45.50,25.00),('REG510','2019-02-03','17:10:00','JAE','COR','JAEN       ','REGEXP AND ','CORDOBA    ','2019-02-01','18:10:00',14,130,45.50,25.00),('REG511','2019-02-01','18:30:00','COR','JAE','CORDOBA    ','REGEXP AND ','JAEN       ','2019-02-01','19:30:00',14,130,45.50,25.00),('REG511','2019-02-03','18:30:00','COR','JAE','CORDOBA    ','REGEXP AND ','JAEN       ','2019-02-01','19:30:00',14,130,45.50,25.00),('REG512','2019-02-03','20:00:00','BAR','TAR','BARCELONA  ','REGEXP CAT ','TARRAGONA  ','2019-02-03','20:40:00',18,130,40.50,20.00),('REG512','2019-02-05','20:00:00','BAR','TAR','BARCELONA  ','REGEXP CAT ','TARRAGONA  ','2019-02-03','20:40:00',18,130,40.50,20.00),('REG513','2019-02-03','20:20:00','TAR','BAR','TARRAGONA  ','REGEXP CAT ','BARCELONA  ','2019-02-03','20:50:00',18,130,45.50,20.00),('REG513','2019-02-05','20:20:00','TAR','BAR','TARRAGONA  ','REGEXP CAT ','BARCELONA  ','2019-02-03','20:50:00',18,130,45.50,20.00),('REG514','2019-02-05','08:30:00','OVI','GIJ','OVIEDO     ','REGEXP AST ','GIJON      ','2019-02-05','09:30:00',14,130,45.50,25.00),('REG514','2019-02-06','08:30:00','OVI','GIJ','OVIEDO     ','REGEXP AST ','GIJON      ','2019-02-05','09:30:00',14,130,45.50,25.00),('REG515','2019-02-05','09:00:00','GIJ','OVI','GIJON      ','REGEXP AST ','OVIEDO     ','2019-02-05','10:00:00',14,130,45.50,25.00),('REG515','2019-02-06','09:00:00','GIJ','OVI','GIJON      ','REGEXP AST ','OVIEDO     ','2019-02-05','10:00:00',14,130,45.50,25.00),('TAL011','2019-01-11','08:30:00','SEG','MAD','SEGOVIA    ','TALGO TL55 ','MADRID     ','2019-01-11','09:30:00',24,210,125.50,55.00),('TAL011','2019-01-14','08:30:00','SEG','MAD','SEGOVIA    ','TALGO TL55 ','MADRID     ','2019-01-11','09:30:00',24,210,125.50,55.00),('TAL012','2019-01-12','12:00:00','MAD','CDZ','MADRID     ','TALGO TL75 ','CADIZ      ','2019-01-12','14:45:00',24,220,225.50,50.00),('TAL012','2019-01-16','12:00:00','MAD','CDZ','MADRID     ','TALGO TL75 ','CADIZ      ','2019-01-12','14:45:00',24,220,225.50,50.00),('TAL013','2019-01-12','15:00:00','CDZ','MAD','CADIZ      ','TALGO TL75 ','MADRID     ','2019-01-12','18:00:00',24,220,225.50,50.00),('TAL013','2019-01-16','15:00:00','CDZ','MAD','CADIZ      ','TALGO TL75 ','MADRID     ','2019-01-12','18:00:00',24,220,225.50,50.00),('TAL014','2019-01-15','16:40:00','MAD','SEV','MADRID     ','TALGO TG30 ','SEVILLA    ','2019-01-15','21:40:00',22,190,145.50,52.00),('TAL014','2019-01-17','16:40:00','MAD','SEV','MADRID     ','TALGO TG30 ','SEVILLA    ','2019-01-15','21:40:00',22,190,145.50,52.00),('TAL015','2019-01-15','17:10:00','SEV','MAD','SEVILLA    ','TALGO TG30 ','MADRID     ','2019-01-15','23:10:00',22,190,145.50,52.00),('TAL015','2019-01-17','17:10:00','SEV','MAD','SEVILLA    ','TALGO TG30 ','MADRID     ','2019-01-15','23:10:00',22,190,145.50,52.00),('TAL016','2019-01-17','20:30:00','COR','SEV','CORDOBA    ','TALGO XT90 ','SEVILLA    ','2019-01-17','21:30:00',22,110,125.50,52.00),('TAL016','2019-01-19','20:30:00','COR','SEV','CORDOBA    ','TALGO XT90 ','SEVILLA    ','2019-01-17','21:30:00',22,110,125.50,52.00),('TAL017','2019-01-17','22:00:00','SEV','COR','SEVILLA    ','TALGO XT90 ','CORDOBA    ','2019-01-17','23:00:00',22,110,125.50,52.00),('TAL017','2019-01-19','22:00:00','SEV','COR','SEVILLA    ','TALGO XT90 ','CORDOBA    ','2019-01-17','23:00:00',22,110,125.50,52.00),('TAL111','2019-01-11','08:00:00','MAD','SEG','MADRID     ','TALGO TL55 ','SEGOVIA    ','2019-01-11','09:00:00',24,210,125.50,55.00),('TAL111','2019-01-14','08:00:00','MAD','SEG','MADRID     ','TALGO TL55 ','SEGOVIA    ','2019-01-11','09:00:00',24,210,125.50,55.00);
/*!40000 ALTER TABLE `train` ENABLE KEYS */;
UNLOCK TABLES;

--
-- Table structure for table `travel`
--

DROP TABLE IF EXISTS `travel`;
/*!40101 SET @saved_cs_client     = @@character_set_client */;
 SET character_set_client = utf8mb4 ;
CREATE TABLE `travel` (
  `BOOK_NUMBER` int(10) NOT NULL,
  `ID_PROD` int(9) NOT NULL,
  `AMOUNT` int(2) NOT NULL,
  `BOOKING_TYPE` int(2) NOT NULL,
  `SEASON` int(2) NOT NULL,
  `START_DATE` date NOT NULL,
  `END_DATE` date NOT NULL,
  PRIMARY KEY (`BOOK_NUMBER`,`ID_PROD`),
  KEY `FK_TRA_SEASON_idx` (`SEASON`),
  KEY `FK_TRA_PRODUCT_idx` (`ID_PROD`),
  CONSTRAINT `FK_TRA_PRODUCT` FOREIGN KEY (`ID_PROD`) REFERENCES `products` (`id_products`),
  CONSTRAINT `FK_TRA_SEASON` FOREIGN KEY (`SEASON`) REFERENCES `season` (`id_season`)
) ENGINE=InnoDB DEFAULT CHARSET=utf8;
/*!40101 SET character_set_client = @saved_cs_client */;

--
-- Dumping data for table `travel`
--

LOCK TABLES `travel` WRITE;
/*!40000 ALTER TABLE `travel` DISABLE KEYS */;
INSERT INTO `travel` VALUES (1000000001,100000110,1,1,1,'2019-01-11','2019-01-11'),(1000000001,100000268,1,1,1,'2019-01-18','2019-01-18'),(1000000003,100000320,1,1,1,'2019-01-30','2019-01-30'),(1000000008,100000351,1,2,1,'2019-11-01','2019-11-21'),(1000000015,100000219,1,5,1,'2019-01-12','2019-01-12'),(1000000019,100000356,1,2,3,'2019-06-10','2019-06-21'),(1000000023,100000440,1,1,4,'2019-07-24','2019-07-24'),(1000000032,100000369,1,6,2,'2019-03-10','2019-03-15'),(1000000035,100000423,1,6,2,'2019-03-14','2019-03-19'),(1000000050,100000426,1,6,2,'2019-03-19','2019-03-22'),(1000000051,100000239,5,3,1,'2019-02-10','2019-02-10'),(1000000051,100000285,5,3,1,'2019-02-04','2019-02-04'),(1000000073,100000268,1,2,3,'2019-04-17','2019-04-17'),(1000000073,100000472,1,1,3,'2019-07-18','2019-07-18'),(1000000087,100000586,1,1,4,'2019-09-11','2019-09-11'),(1000000087,100000640,1,1,4,'2019-09-24','2019-09-24'),(1000000089,100000235,1,5,1,'2019-01-28','2019-01-28'),(1000000092,100000428,1,1,4,'2019-07-15','2019-09-15'),(1000000092,100000470,1,1,4,'2019-07-16','2019-09-16'),(1000000101,100000434,1,1,4,'2019-07-21','2019-09-21'),(1000000101,100000476,1,1,4,'2019-07-22','2019-09-22'),(1000000111,100000344,1,2,3,'2019-05-01','2019-05-18'),(1000000131,100000440,1,1,4,'2019-07-27','2019-09-27'),(1000000133,100000356,1,2,3,'2019-06-10','2019-06-21'),(1000000134,100000358,1,2,4,'2019-07-20','2019-07-31'),(1000000142,100000482,1,1,4,'2019-07-28','2019-09-28'),(1000000145,100001405,1,6,4,'2019-08-07','2019-08-17'),(1000000160,100000463,1,2,4,'2019-08-17','2019-08-17'),(1000000160,100000664,1,2,4,'2019-10-18','2019-10-18'),(1000000161,100001407,1,6,4,'2019-09-10','2019-09-15');
/*!40000 ALTER TABLE `travel` ENABLE KEYS */;
UNLOCK TABLES;

--
-- Table structure for table `travel_documents`
--

DROP TABLE IF EXISTS `travel_documents`;
/*!40101 SET @saved_cs_client     = @@character_set_client */;
 SET character_set_client = utf8mb4 ;
CREATE TABLE `travel_documents` (
  `ID_DOCUMENT` int(3) NOT NULL,
  `BOOK_NUM` int(10) NOT NULL,
  `ID_LANG` int(2) DEFAULT NULL,
  `TEXT` varchar(300) DEFAULT NULL,
  PRIMARY KEY (`ID_DOCUMENT`,`BOOK_NUM`),
  KEY `FK_TRAVDOC_TRAV_idx` (`BOOK_NUM`),
  KEY `FK_TRAVDOC_LANG_idx` (`ID_LANG`),
  CONSTRAINT `FK_TRAVDOC_LANG` FOREIGN KEY (`ID_LANG`) REFERENCES `languages` (`id_language`),
  CONSTRAINT `FK_TRAVDOC_TRAV` FOREIGN KEY (`BOOK_NUM`) REFERENCES `travel` (`book_number`)
) ENGINE=InnoDB DEFAULT CHARSET=utf8;
/*!40101 SET character_set_client = @saved_cs_client */;

--
-- Dumping data for table `travel_documents`
--

LOCK TABLES `travel_documents` WRITE;
/*!40000 ALTER TABLE `travel_documents` DISABLE KEYS */;
/*!40000 ALTER TABLE `travel_documents` ENABLE KEYS */;
UNLOCK TABLES;

--
-- Table structure for table `types_of_bookings`
--

DROP TABLE IF EXISTS `types_of_bookings`;
/*!40101 SET @saved_cs_client     = @@character_set_client */;
 SET character_set_client = utf8mb4 ;
CREATE TABLE `types_of_bookings` (
  `ID_TYPE` int(2) NOT NULL,
  `DESCRIPTION` varchar(60) DEFAULT NULL,
  PRIMARY KEY (`ID_TYPE`)
) ENGINE=InnoDB DEFAULT CHARSET=utf8;
/*!40101 SET character_set_client = @saved_cs_client */;

--
-- Dumping data for table `types_of_bookings`
--

LOCK TABLES `types_of_bookings` WRITE;
/*!40000 ALTER TABLE `types_of_bookings` DISABLE KEYS */;
INSERT INTO `types_of_bookings` VALUES (1,'FLIGHT-ONLY-MEDIUM'),(2,'PACKAGE           '),(3,'FLIGHT-ONLY-LONG  '),(4,'SUBCHARTER        '),(5,'TRANSPORT'),(6,'ONLY-ALLOTMENT');
/*!40000 ALTER TABLE `types_of_bookings` ENABLE KEYS */;
UNLOCK TABLES;

--
-- Dumping events for database 'touroperator'
--

--
-- Dumping routines for database 'touroperator'
--
/*!40103 SET TIME_ZONE=@OLD_TIME_ZONE */;

/*!40101 SET SQL_MODE=@OLD_SQL_MODE */;
/*!40014 SET FOREIGN_KEY_CHECKS=@OLD_FOREIGN_KEY_CHECKS */;
/*!40014 SET UNIQUE_CHECKS=@OLD_UNIQUE_CHECKS */;
/*!40101 SET CHARACTER_SET_CLIENT=@OLD_CHARACTER_SET_CLIENT */;
/*!40101 SET CHARACTER_SET_RESULTS=@OLD_CHARACTER_SET_RESULTS */;
/*!40101 SET COLLATION_CONNECTION=@OLD_COLLATION_CONNECTION */;
/*!40111 SET SQL_NOTES=@OLD_SQL_NOTES */;

-- Dump completed on 2019-12-07  9:43:38
