IDENTIFIER;" ""NAME""";" ""SURNAME""";" ""DATE_BIRTH"" ";" ""STREET""";" ""NUMBER""";" ""NO_APART""";" ""CITY""";" ""COUNTRY""";" ""MAIL""";" ""PHONE""         "
020742605D;Maile     ;Short    ;1996-07-06;216-8783 Urna, Avenue               ;51;8;Uijeongbu               ;Reunion             ;purus.accumsan@sodalesMaurisblandit.org        ;406774129
Y01494733X;Sopoline  ;Kirby    ;1987-05-12;851-355 Et, Street                  ;72;\N;Firenze                 ;Belgium             ;in@faucibusMorbivehicula.net                 ;774769694
164410167Z;Chaney    ;Cannon   ;1977-08-10;Ap #505-8788 Nascetur Avenue        ;109;14;Southaven               ;Western Sahara      ;sit.amet.ante@blanditNam.org                   ;444076244
164303298L;Kelly     ;Mckinney ;2004-05-06;4850 Quis, St.                      ;116;19;Bonnyrigg               ;Andorra             ;metus@inconsectetuer.com                       ;496774010
168711173M;Sylvester ;Horne    ;1979-11-28;Ap #340-9295 Erat. Ave              ;113;\N;Kharagpur               ;Guatemala           ;enim.Suspendisse@semsemper.net                 ;869404101
162005237I;Geraldine ;Castillo ;1971-04-04;464-316 Lacinia Avenue              ;182;15;Tourinnes-Saint-Lambert ;Mongolia            ;placerat.Cras.dictum@habitantmorbitristique.net;159565180
168104167K;Price     ;Snyder   ;2004-11-01;Ap #449-281 Accumsan Street         ;139;\N;Beausejour              ;Niger               ;odio@SuspendisseeleifendCras.ca                ;224178055
166604024H;Burton    ;Mccall   ;1994-03-19;8801 Vitae Av.                      ;91;15;Millesimo               ;Ecuador             ;faucibus.ut.nulla@maurisipsumporta.org         ;825645500
166802085G;Rama      ;Roth     ;1988-09-05;504-4786 Dignissim Rd.              ;134;11;Adelaide                ;Costa Rica          ;purus.accumsan@atortorNunc.org                 ;740219592
168202114T;Dominique ;Jefferson;1992-10-31;Ap #145-6503 Augue Ave              ;41;\N;Hatfield                ;Palestine, State of ;est@non.ca                                     ;314590238
Y161910175;Ferris    ;Hanson   ;2006-09-07;381-9071 Velit. Ave                 ;148;12;Gary                    ;Venezuela           ;Aliquam.nec@Mauris.net                         ;709062472
X160501174;Zahir     ;Payne    ;2008-07-30;506-6432 Parturient Av.             ;49;18;Sanliurfa               ;Chad                ;adipiscing.non.luctus@Duisatlacus.edu          ;115878287
Y166810097;Evangeline;Nielsen  ;1974-12-13;9363 Duis Rd.                       ;90;19;Lions Bay               ;Bulgaria            ;libero@temporeratneque.net                     ;282937774
X169005283;Lucas     ;Sherman  ;1979-11-09;P.O. Box 505, 4487 Ultrices Rd.     ;174;12;Daejeon                 ;Curacao             ;lacus.Mauris@velit.com                         ;778773624
Y161102218;India     ;Benton   ;2005-11-15;485-7203 Netus Ave                  ;147;8;Township of Minden Hills;Slovenia            ;tristique.pellentesque.tellus@Nunc.net         ;994245349
Y166111058;Emerson   ;Gonzalez ;1987-09-07;4749 Faucibus. Road                 ;56;19;Hofstade                ;United Arab Emirates;tincidunt@fringillaestMauris.ca                ;616004550
Z162010193;Travis    ;Vazquez  ;1970-05-12;1496 Curabitur Av.                  ;103;1;Pinto                   ;Costa Rica          ;semper.tellus.id@diameu.edu                    ;218460115
Z162910059;Chava     ;Olsen    ;2005-03-18;Ap #414-5723 Suscipit St.           ;79;14;Cache Creek             ;Kuwait              ;vulputate.ullamcorper@InfaucibusMorbi.com      ;273165416
164204159P;Palmer    ;Compton  ;1988-02-13;3460 Nisl St.                       ;60;17;Falciano del Massico    ;Botswana            ;ultricies.adipiscing@sit.co.uk                 ;905594681
167604256E;Kuame     ;Hebert   ;1989-05-07;Ap #516-7015 Vel, Rd.               ;169;\N;Belogorsk               ;Burkina Faso        ;nunc.ac.mattis@duiSuspendisseac.ca             ;444659582
167108061R;Cora      ;Salazar  ;1989-04-26;P.O. Box 970, 5624 A St.            ;107;\N;Bedollo                 ;Italy               ;dui@Maecenasiaculis.com                        ;796316936
169409136T;Garth     ;Skinner  ;2006-04-15;Ap #911-1391 Nam Ave                ;126;\N;Ofena                   ;Nicaragua           ;Cras@dolorQuisque.net                          ;715081623
168307233H;Jayme     ;Morse    ;1981-10-25;1851 Mi Road                        ;186;15;Pichidegua              ;Australia           ;faucibus@Fuscedolor.com                        ;913239120
166908205B;Boris     ;Burnett  ;1986-08-31;P.O. Box 863, 7075 A Avenue         ;67;5;Recoleta                ;Algeria             ;ligula@ipsumdolorsit.net                       ;132882498
164905081Q;Vernon    ;Whitaker ;1991-06-13;2621 Nibh Avenue                    ;57;12;Gujrat                  ;Nicaragua           ;ante.dictum@utnisi.ca                          ;653172880
167906293A;Jesse     ;Bean     ;1991-05-18;P.O. Box 868, 4386 Vestibulum Avenue;63;19;La Granja               ;Sint Maarten        ;nonummy@amet.org                               ;550384263
168111232D;Mona      ;Waters   ;2003-02-11;Ap #703-1444 Nec Street             ;100;7;Green Bay               ;Spain               ;sem.Nulla.interdum@congueaaliquet.edu          ;309275322
X168403089;Deanna    ;Mills    ;2007-03-02;597-9440 Nulla Av.                  ;142;16;Grande Cache            ;Togo                ;fringilla.Donec@justo.com                      ;583761884
X164201083;Nomlanga  ;Potts    ;1987-07-24;407-3378 Mauris St.                 ;175;6;Cottbus                 ;Finland             ;magnis.dis.parturient@metuseuerat.edu          ;688619243
X165510053;Kessie    ;Ferrell  ;1987-02-20;Ap #458-3092 Imperdiet Av.          ;183;19;Verrayes                ;Gabon               ;risus.Nulla.eget@Nullamfeugiatplacerat.co.uk   ;722327011
X166206203;Alfonso   ;Peters   ;1989-12-05;206-4436 Nullam St.                 ;110;9;Penhold               ;Seychelles          ;ornare.libero.at@temporaugueac.co.uk           ;386295037
Y160210040;Valentine ;Hudson   ;1997-02-24;329 Molestie Rd.                    ;135;18;Smolensk               ;Mauritius           ;dictum.eleifend@posuereatvelit.edu             ;361334362
Y165104288;Lars      ;Mullen   ;1991-12-09;P.O. Box 890, 6228 Aenean Avenue    ;57;\N;Cesme                   ;Russian Federation  ;sem.magna@purusactellus.ca                     ;723998333
Y161101258;Charity   ;Bradley  ;1994-05-07;222-6405 Vel Street                 ;174;11;Hamm                    ;Philippines         ;et@magnaSuspendisse.net                        ;749738416
Y160701023;Zahir     ;Klein    ;2008-07-20;Ap #342-7360 Nec Rd.                ;138;4;Lobnya                  ;Finland             ;ligula.Aliquam.erat@ornare.ca                  ;984343454
Z164501288;Driscoll  ;Justice  ;1996-07-06;6338 Lacinia Road                   ;78;15;Ingelheim               ;Madagascar          ;nibh.sit@dis.ca                                ;829372861
Z168507294;Patrick   ;Wolf     ;2005-02-08;881-1556 Nonummy Road               ;181;\N;Gasp?                   ;Burkina Faso        ;aliquet.Proin.velit@Phasellusdolor.net         ;684738718
Y169106290;Lara      ;Fowler   ;2008-09-16;960-8269 Tellus. St.                ;53;14;Nedlands                ;Mozambique          ;quis.accumsan.convallis@nibhlaciniaorci.co.uk  ;285127257
Y162511112;Kiayada   ;Gaines   ;2006-09-14;P.O. Box 684, 8057 Vel, Street      ;104;11;Niel-bij-As             ;Dominica            ;Cum.sociis@Suspendissetristiqueneque.co.uk     ;928893415
X168212306;Adam      ;Wilson   ;1974-06-02;573-6624 Quisque Rd.                ;146;14;West Vancouver          ;Falkland Islands    ;commodo.hendrerit@ultricesDuis.org             ;792406996
X166412153;Donovan   ;Solomon  ;1976-12-31;584-4742 Mauris, Av.                ;36;12;Shreveport              ;New Caledonia       ;placerat.orci@risusquisdiam.co.uk              ;236668107
169306094M;Cameron   ;Cervantes;1995-06-27;6139 Fames St.                      ;93;\N;South Jakarta           ;Angola              ;lorem.vitae.odio@Nullamlobortis.org            ;403258593
169112282N;Drew      ;Lee      ;1997-05-28;768-7362 Orci Road                  ;117;13;Multan                  ;Gibraltar           ;dapibus.gravida.Aliquam@utcursus.org           ;709255715
166403213Z;Davis     ;Fowler   ;2005-10-01;Ap #488-802 Ante Road               ;188;19;Graven Grez-Doiceau     ;Ireland             ;eleifend@inceptos.ca                           ;304411629
168708190L;Austin    ;Craig    ;1978-12-11;211-8470 In Av.                     ;105;16;Ziano di Fiemme         ;Netherlands         ;imperdiet.ullamcorper.Duis@Suspendisse.edu     ;822700351
164503117P;Zephr     ;Deleon   ;2008-01-11;Ap #342-5875 Condimentum Av.        ;79;11;Dover                   ;Nigeria             ;auctor.ullamcorper@sitametlorem.co.uk          ;158830889
161506187T;Clarke    ;Jacobson ;1990-03-27;758-4105 Donec Av.                  ;44;16;Pavone del Mella        ;Antarctica          ;sem@est.co.uk                                  ;138188526
169404239Y;Ferris    ;Witt     ;1981-04-07;6899 Odio Road                      ;82;\N;Silvassa                ;Italy               ;dolor.Donec.fringilla@quisturpis.co.uk         ;667733194
168606176R;Glenna    ;Tate     ;1974-07-01;750-9158 Aptent Rd.                 ;131;\N;Sabadell                ;Malta               ;tortor.at.risus@eu.edu                         ;172510825
167106145F;Dean      ;Rosario  ;1976-08-21;1009 Vitae Rd.                      ;124;\N;Temploux                ;Dominica            ;Nunc.sed.orci@Crasconvallisconvallis.org       ;451906027
