ID_PRODUCT;ID_HOTEL;NAME;STREET;NUMBER;CITY;COUNTRY;HOTEL_RATING;PHONE;EMAIL;TOTAL_SUITE;TOTAL_COMMON;PRICE_SUITE;PRICE_COMMON
100001362;HT1001;HOTEL GRAN NACIONAL     ;Apdo.:636-9359 Risus. Av.                  ;120;MADRID              ;SPAIN           ;5 STARS;936506303;nunc.ullamcorper@lorem.ca                    ;10;300;40000;7500
100001363;HT1002;HOTEL PLAYA             ;275 Nam C.                                 ;109;MALAGA              ;SPAIN           ;5 STARS;858034461;fermentum@consequatdolor.org                 ;10;300;40000;7500
100001364;HT1003;HOTEL CENTRAL           ;Apartado num.: 765, 5485 Mi Ctra.          ;154;MALAGA              ;SPAIN           ;4 STARS;248523923;Aenean@egestas.ca                            ;8;180;25000;6550
100001365;HT1004;HOTEL INTERNACIONAL     ;Apartado num.: 719, 9973 Fusce Avenida     ;41;MALAGA              ;SPAIN           ;5 STARS;911022475;penatibus.et@netus.org                       ;10;300;40000;7500
100001366;HT1005;HOTEL PLATJA            ;Apartado num.: 685, 4778 Nunc Ctra.        ;133;VALENCIA            ;SPAIN           ;4 STARS;936176393;lectus.Nullam.suscipit@Proinvel.com          ;8;180;25000;6550
100001367;HT1006;HOTEL INTERCONTINENTAL  ;864-8941 Mi Carretera                      ;57;BARCELONA           ;SPAIN           ;5 STARS;411441509;ullamcorper.magna.Sed@sitametconsectetuer.edu;10;300;40000;7500
100001368;HT1007;HOTEL URBAN             ;427-9507 At Avda.                          ;64;BARCELONA           ;SPAIN           ;5 STARS;389095663;scelerisque@laoreetposuere.ca                ;10;300;40000;7500
100001369;HT1008;HOTEL EL RESPLANDOR     ;Apartado num.: 843, 9438 Lorem, Av.        ;164;CIUDAD REAL         ;SPAIN           ;5 STARS;625835532;bibendum.fermentum@anteMaecenas.net          ;10;300;40000;7500
100001370;HT1009;HOTEL LOS ALAMOS        ;4109 Eleifend                              ;105;SEGOVIA             ;SPAIN           ;5 STARS;149802677;Phasellus@Proinnislsem.org                   ;10;300;40000;7500
100001371;HT1010;HOTEL IBERIA            ;Apartado num.: 427, 6005 Mi, C/            ;108;MADRID              ;SPAIN           ;3 STARS;902493515;Nullam.ut@acmattis.co.uk                     ;0;250;0;3550
100001372;HT1011;HOTEL PARIS             ;309-8968 Elit C/                           ;65;PARIS               ;FRANCE          ;4 STARS;702130514;eu.nibh.vulputate@at.ca                      ;8;180;25000;6550
100001373;HT1012;HOTEL BRUSSELLS         ;3469 Augue Ctra.                           ;94;BRUSELAS            ;BELGIUM         ;4 STARS;452488320;neque@estmauris.co.uk                        ;8;180;25000;6550
100001374;HT1013;HOTEL BERLINAE          ;Apdo.:621-2048 Quis, C.                    ;112;BERLIN              ;GERMANY         ;4 STARS;628246201;ac.fermentum@feugiat.net                     ;8;180;25000;6550
100001375;HT1014;HOTEL COLISEUM          ;Apdo.:832-5052 Gravida. Ctra.              ;131;ROMA                ;ITALY           ;4 STARS;796211327;ultrices@senectus.ca                         ;8;180;25000;6550
100001376;HT1015;HOTEL PIAZZA SAN ANTONIO;574-4222 Enim. Av.                         ;116;ROMA                ;ITALY           ;3 STARS;876476720;Cras@velesttempor.edu                        ;0;250;0;3550
100001377;HT1016;HOTEL L'TOUR            ;Apdo.:428-1453 Ut                          ;133;PARIS               ;FRANCE          ;3 STARS;237571630;nec@vitaealiquet.co.uk                       ;0;250;0;3550
100001378;HT1017;HOTEL PRAGHA CENTRAL    ;Apartado num.: 226, 2193 Rutrum Carretera  ;140;PRAGA               ;CZECK REPUBLIC  ;3 STARS;637601674;iaculis@ultricessit.co.uk                    ;0;250;0;3550
100001379;HT1018;HOTEL SOLEAR            ;8081 Scelerisque Calle                     ;44;TORREMOLINOS        ;SPAIN           ;3 STARS;138170975;nec.cursus.a@sedsapienNunc.ca                ;0;250;0;3550
100001380;HT1019;HOTEL COSTA DEL SOL     ;Apdo.:752-2249 Lobortis Carretera          ;165;MIJAS               ;SPAIN           ;3 STARS;120268485;Cum.sociis.natoque@eratVivamusnisi.co.uk     ;0;250;0;3550
100001381;HT1020;HOTEL MARBESOL          ;3638 Ut Av.                                ;132;MARBELLA            ;SPAIN           ;5 STARS;704860751;lectus.Nullam@Pellentesque.ca                ;10;300;40000;7500
100001382;HT1021;HOTEL DON QUIXOTE       ;133-8680 Tristique Avda.                   ;46;TALAVERA DE LA REINA;SPAIN           ;5 STARS;487034187;gravida.sagittis@Aenean.com                  ;10;300;40000;7500
100001383;HT1022;HOTEL DULCINEA          ;1033 Nec, C.                               ;102;TOLEDO              ;SPAIN           ;5 STARS;453253850;fermentum.fermentum.arcu@Naminterdum.net     ;10;300;40000;7500
100001384;HT1023;HOTEL MERCURY           ;5944 Ante Av.                              ;89;OSTENDE             ;BELGIUM         ;3 STARS;299293791;turpis.non@a.edu                             ;0;250;0;3550
100001385;HT1024;HOTEL MONDO             ;260-164 Tellus Avda.                       ;151;OSTENDE             ;BELGIUM         ;3 STARS;465721216;lorem.semper@ullamcorper.ca                  ;0;250;0;3550
100001386;HT1025;HOTEL NOVO              ;974-433 Orci                               ;161;MALAGA              ;SPAIN           ;3 STARS;657243454;amet.luctus@nonluctus.edu                    ;0;250;0;3550
100001387;HT1026;HOTEL STELLAR           ;5190 Natoque C.                            ;118;BRUSELAS            ;BELGIUM         ;3 STARS;391943729;In.mi@estcongue.com                          ;0;250;0;3550
100001388;HT1027;HOTEL DUE PIAZZAS       ;215-774 Mi                                 ;139;ROMA                ;ITALY           ;3 STARS;832958344;vel.arcu.Curabitur@bibendum.net              ;0;250;0;3550
100001389;HT1028;HOTEL LE FRANCAISE      ;Apdo.:658-3639 Sed Avda.                   ;39;PARIS               ;FRANCE          ;4 STARS;162699160;dictum@semper.com                            ;8;180;25000;6550
100001390;HT1029;HOTEL MADRID CENTRAL    ;Apdo.:480-5731 Tellus. C.                  ;57;MADRID              ;SPAIN           ;4 STARS;716230994;eget@fermentummetusAenean.ca                 ;8;180;25000;6550
100001391;HT1030;HOTEL SEGOVIANO         ;Apdo.:934-7783 Ipsum Avda.                 ;159;SEGOVIA             ;SPAIN           ;3 STARS;132792373;Nullam.vitae.diam@duiFuscealiquam.org        ;0;250;0;3550
100001392;HT1031;HOTEL GIJONENCO         ;3469 Sagittis. C.                          ;108;GIJON               ;SPAIN           ;2 STARS;427275272;luctus@Aenean.co.uk                          ;0;50;0;3550
100001393;HT1032;HOTEL OVIETUM           ;Apartado num.: 278, 5494 Malesuada Calle   ;69;OVIEDO              ;SPAIN           ;2 STARS;586409652;luctus@SedmolestieSed.co.uk                  ;0;50;0;3550
100001394;HT1033;HOTEL GRAND INTERCONT   ;Apdo.:342-7463 Nec, Calle                  ;155;BARCELONA           ;SPAIN           ;5 STARS;700873087;posuere.enim@aliquamiaculislacus.co.uk       ;10;300;40000;7500
100001395;HT1034;HOTEL INTERNATIONAL     ;123-383 Nam C.                             ;141;TARRAGONA           ;SPAIN           ;5 STARS;987662026;eleifend.non.dapibus@ultrices.co.uk          ;10;300;40000;7500
100001396;HT1035;HOTEL NATIONAL          ;6490 Purus Carretera                       ;67;MILAN               ;ITALY           ;5 STARS;376173434;nisl@Nullamscelerisque.net                   ;10;300;40000;7500
100001397;HT1036;HOTEL CITY EXPRESS      ;Apdo.:597-5905 Nam Avda.                   ;134;PARIS               ;FRANCE          ;2 STARS;844122553;ante.Nunc@tellusPhaselluselit.com            ;0;50;0;3550
100001398;HT1037;HOTEL IBIS              ;Apartado num.: 943, 2547 Vitae C/          ;102;MALAGA              ;SPAIN           ;3 STARS;978337549;mauris@et.edu                                ;0;250;0;3550
100001399;HT1038;HOTEL MELIA             ;814 Sollicitudin                           ;75;VALENCIA            ;SPAIN           ;4 STARS;711294266;ac.turpis@egetipsum.edu                      ;8;180;25000;6550
100001400;HT1039;HOTEL RIU PLAYA         ;449-9408 Vehicula C/                       ;41;MARBELLA            ;SPAIN           ;4 STARS;532447355;Vivamus.sit@nonmagnaNam.com                  ;8;180;25000;6550
100001401;HT1040;HOTEL RITZ              ;Apdo.:929-7787 Nunc Ctra.                  ;76;MADRID              ;SPAIN           ;5 STARS;406794586;magna.et@pellentesquemassa.org               ;10;300;40000;7500
100001402;HT1041;HOTEL PARIS             ;Apdo.:970-4790 Ac Ctra.                    ;98;MADRID              ;SPAIN           ;4 STARS;487770915;ipsum@amet.net                               ;8;180;25000;6550
100001403;HT1042;HOTEL BERLIN            ;Apdo.:579-4515 Molestie Carretera          ;50;BERLIN              ;GERMANY         ;3 STARS;419487220;vitae.mauris@eleifendCras.com                ;0;250;0;3550
100001404;HT1043;HOTEL ROMANO            ;Apdo.:939-3241 Orci                        ;135;ROMA                ;ITALY           ;3 STARS;212542206;enim.sit@scelerisquemollisPhasellus.com      ;0;250;0;3550
100001405;HT1044;HOTEL MILANO            ;Apdo.:743-8833 Eu Carretera                ;36;MILAN               ;ITALY           ;4 STARS;425162643;egestas.lacinia.Sed@at.edu                   ;8;180;25000;6550
100001406;HT1045;HOTEL VALENIA	        ;724-513 Fusce Ctra.                        ;134;VALENCIA            ;SPAIN           ;4 STARS;416245127;orci@sitamet.net                             ;8;180;25000;6550
100001407;HT1046;HOTEL SALMANTINO        ;876-5348 Sollicitudin Avenida              ;87;SALAMANCA           ;SPAIN           ;2 STARS;326508454;vitae.odio.sagittis@molestietellus.edu       ;0;50;0;3550
100001408;HT1047;HOTEL EL CORDOBES       ;4498 A Carretera                           ;43;CORDOBA             ;SPAIN           ;2 STARS;130365127;lorem.vitae@laoreet.ca                       ;0;50;0;3550
100001409;HT1048;HOTEL LA SEVILLANA      ;Apdo.:228-6006 Sed Calle                   ;110;SEVILLA             ;SPAIN           ;2 STARS;248844199;augue@convallisdolorQuisque.ca               ;0;50;0;3550
100001410;HT1049;HOTEL JIENENSE          ;5123 Viverra.                              ;78;uBEDA               ;SPAIN           ;3 STARS;281206522;orci.luctus@semper.ca                        ;0;250;0;3550
100001411;HT1001;HOTEL GRAN NACIONAL     ;Apdo.:636-9359 Risus. Av.                  ;120;MADRID              ;SPAIN           ;5 STARS;936506303;nunc.ullamcorper@lorem.ca                    ;10;300;40000;7500
100001412;HT1002;HOTEL PLAYA             ;275 Nam C.                                 ;109;MALAGA              ;SPAIN           ;5 STARS;858034461;fermentum@consequatdolor.org                 ;10;300;40000;7500
100001413;HT1003;HOTEL CENTRAL           ;Apartado num.: 765, 5485 Mi Ctra.          ;154;MALAGA              ;SPAIN           ;4 STARS;248523923;Aenean@egestas.ca                            ;8;180;25000;6550
100001414;HT1004;HOTEL INTERNACIONAL     ;Apartado num.: 719, 9973 Fusce Avenida     ;41;MALAGA              ;SPAIN           ;5 STARS;911022475;penatibus.et@netus.org                       ;10;300;40000;7500
100001415;HT1005;HOTEL PLATJA            ;Apartado num.: 685, 4778 Nunc Ctra.        ;133;VALENCIA            ;SPAIN           ;4 STARS;936176393;lectus.Nullam.suscipit@Proinvel.com          ;8;180;25000;6550
100001416;HT1006;HOTEL INTERCONTINENTAL  ;864-8941 Mi Carretera                      ;57;BARCELONA           ;SPAIN           ;5 STARS;411441509;ullamcorper.magna.Sed@sitametconsectetuer.edu;10;300;40000;7500
100001417;HT1007;HOTEL URBAN             ;427-9507 At Avda.                          ;64;BARCELONA           ;SPAIN           ;5 STARS;389095663;scelerisque@laoreetposuere.ca                ;10;300;40000;7500
100001418;HT1008;HOTEL EL RESPLANDOR     ;Apartado num.: 843, 9438 Lorem, Av.        ;164;CIUDAD REAL         ;SPAIN           ;5 STARS;625835532;bibendum.fermentum@anteMaecenas.net          ;10;300;40000;7500
100001419;HT1009;HOTEL LOS ALAMOS        ;4109 Eleifend                              ;105;SEGOVIA             ;SPAIN           ;5 STARS;149802677;Phasellus@Proinnislsem.org                   ;10;300;40000;7500
100001420;HT1010;HOTEL IBERIA            ;Apartado num.: 427, 6005 Mi, C/            ;108;MADRID              ;SPAIN           ;3 STARS;902493515;Nullam.ut@acmattis.co.uk                     ;0;250;0;3550
100001421;HT1011;HOTEL PARIS             ;309-8968 Elit C/                           ;65;PARIS               ;FRANCE          ;4 STARS;702130514;eu.nibh.vulputate@at.ca                      ;8;180;25000;6550
100001422;HT1012;HOTEL BRUSSELLS         ;3469 Augue Ctra.                           ;94;BRUSELAS            ;BELGIUM         ;4 STARS;452488320;neque@estmauris.co.uk                        ;8;180;25000;6550
100001423;HT1013;HOTEL BERLINAE          ;Apdo.:621-2048 Quis, C.                    ;112;BERLIN              ;GERMANY         ;4 STARS;628246201;ac.fermentum@feugiat.net                     ;8;180;25000;6550
100001424;HT1014;HOTEL COLISEUM          ;Apdo.:832-5052 Gravida. Ctra.              ;131;ROMA                ;ITALY           ;4 STARS;796211327;ultrices@senectus.ca                         ;8;180;25000;6550
100001425;HT1015;HOTEL PIAZZA SAN ANTONIO;574-4222 Enim. Av.                         ;116;ROMA                ;ITALY           ;3 STARS;876476720;Cras@velesttempor.edu                        ;0;250;0;3550
100001426;HT1016;HOTEL L'TOUR            ;Apdo.:428-1453 Ut                          ;133;PARIS               ;FRANCE          ;3 STARS;237571630;nec@vitaealiquet.co.uk                       ;0;250;0;3550
100001427;HT1017;HOTEL PRAGHA CENTRAL    ;Apartado num.: 226, 2193 Rutrum Carretera  ;140;PRAGA               ;CZECK REPUBLIC  ;3 STARS;637601674;iaculis@ultricessit.co.uk                    ;0;250;0;3550
100001428;HT1018;HOTEL SOLEAR            ;8081 Scelerisque Calle                     ;44;TORREMOLINOS        ;SPAIN           ;3 STARS;138170975;nec.cursus.a@sedsapienNunc.ca                ;0;250;0;3550
100001429;HT1019;HOTEL COSTA DEL SOL     ;Apdo.:752-2249 Lobortis Carretera          ;165;MIJAS               ;SPAIN           ;3 STARS;120268485;Cum.sociis.natoque@eratVivamusnisi.co.uk     ;0;250;0;3550
100001430;HT1020;HOTEL MARBESOL          ;3638 Ut Av.                                ;132;MARBELLA            ;SPAIN           ;5 STARS;704860751;lectus.Nullam@Pellentesque.ca                ;10;300;40000;7500
100001431;HT1021;HOTEL DON QUIXOTE       ;133-8680 Tristique Avda.                   ;46;TALAVERA DE LA REINA;SPAIN           ;5 STARS;487034187;gravida.sagittis@Aenean.com                  ;10;300;40000;7500
100001432;HT1022;HOTEL DULCINEA          ;1033 Nec, C.                               ;102;TOLEDO              ;SPAIN           ;5 STARS;453253850;fermentum.fermentum.arcu@Naminterdum.net     ;10;300;40000;7500
100001433;HT1023;HOTEL MERCURY           ;5944 Ante Av.                              ;89;OSTENDE             ;BELGIUM         ;3 STARS;299293791;turpis.non@a.edu                             ;0;250;0;3550
100001434;HT1024;HOTEL MONDO             ;260-164 Tellus Avda.                       ;151;OSTENDE             ;BELGIUM         ;3 STARS;465721216;lorem.semper@ullamcorper.ca                  ;0;250;0;3550
100001435;HT1025;HOTEL NOVO              ;974-433 Orci                               ;161;MALAGA              ;SPAIN           ;3 STARS;657243454;amet.luctus@nonluctus.edu                    ;0;250;0;3550
100001436;HT1026;HOTEL STELLAR           ;5190 Natoque C.                            ;118;BRUSELAS            ;BELGIUM         ;3 STARS;391943729;In.mi@estcongue.com                          ;0;250;0;3550
100001437;HT1027;HOTEL DUE PIAZZAS       ;215-774 Mi                                 ;139;ROMA                ;ITALY           ;3 STARS;832958344;vel.arcu.Curabitur@bibendum.net              ;0;250;0;3550
100001438;HT1028;HOTEL LE FRANCAISE      ;Apdo.:658-3639 Sed Avda.                   ;39;PARIS               ;FRANCE          ;4 STARS;162699160;dictum@semper.com                            ;8;180;25000;6550
100001439;HT1029;HOTEL MADRID CENTRAL    ;Apdo.:480-5731 Tellus. C.                  ;57;MADRID              ;SPAIN           ;4 STARS;716230994;eget@fermentummetusAenean.ca                 ;8;180;25000;6550
100001440;HT1030;HOTEL SEGOVIANO         ;Apdo.:934-7783 Ipsum Avda.                 ;159;SEGOVIA             ;SPAIN           ;3 STARS;132792373;Nullam.vitae.diam@duiFuscealiquam.org        ;0;250;0;3550
100001441;HT1031;HOTEL GIJONENCO         ;3469 Sagittis. C.                          ;108;GIJON               ;SPAIN           ;2 STARS;427275272;luctus@Aenean.co.uk                          ;0;50;0;3550
100001442;HT1032;HOTEL OVIETUM           ;Apartado num.: 278, 5494 Malesuada Calle   ;69;OVIEDO              ;SPAIN           ;2 STARS;586409652;luctus@SedmolestieSed.co.uk                  ;0;50;0;3550
100001443;HT1033;HOTEL GRAND INTERCONT   ;Apdo.:342-7463 Nec, Calle                  ;155;BARCELONA           ;SPAIN           ;5 STARS;700873087;posuere.enim@aliquamiaculislacus.co.uk       ;10;300;40000;7500
100001444;HT1034;HOTEL INTERNATIONAL     ;123-383 Nam C.                             ;141;TARRAGONA           ;SPAIN           ;5 STARS;987662026;eleifend.non.dapibus@ultrices.co.uk          ;10;300;40000;7500
100001445;HT1035;HOTEL NATIONAL          ;6490 Purus Carretera                       ;67;MILAN               ;ITALY           ;5 STARS;376173434;nisl@Nullamscelerisque.net                   ;10;300;40000;7500
100001446;HT1036;HOTEL CITY EXPRESS      ;Apdo.:597-5905 Nam Avda.                   ;134;PARIS               ;FRANCE          ;2 STARS;844122553;ante.Nunc@tellusPhaselluselit.com            ;0;50;0;3550
100001447;HT1037;HOTEL IBIS              ;Apartado num.: 943, 2547 Vitae C/          ;102;MALAGA              ;SPAIN           ;3 STARS;978337549;mauris@et.edu                                ;0;250;0;3550
100001448;HT1038;HOTEL MELIA             ;814 Sollicitudin                           ;75;VALENCIA            ;SPAIN           ;4 STARS;711294266;ac.turpis@egetipsum.edu                      ;8;180;25000;6550
100001449;HT1039;HOTEL RIU PLAYA         ;449-9408 Vehicula C/                       ;41;MARBELLA            ;SPAIN           ;4 STARS;532447355;Vivamus.sit@nonmagnaNam.com                  ;8;180;25000;6550
100001450;HT1040;HOTEL RITZ              ;Apdo.:929-7787 Nunc Ctra.                  ;76;MADRID              ;SPAIN           ;5 STARS;406794586;magna.et@pellentesquemassa.org               ;10;300;40000;7500
100001451;HT1041;HOTEL PARIS             ;Apdo.:970-4790 Ac Ctra.                    ;98;MADRID              ;SPAIN           ;4 STARS;487770915;ipsum@amet.net                               ;8;180;25000;6550
100001452;HT1042;HOTEL BERLIN            ;Apdo.:579-4515 Molestie Carretera          ;50;BERLIN              ;GERMANY         ;3 STARS;419487220;vitae.mauris@eleifendCras.com                ;0;250;0;3550
100001453;HT1043;HOTEL ROMANO            ;Apdo.:939-3241 Orci                        ;135;ROMA                ;ITALY           ;3 STARS;212542206;enim.sit@scelerisquemollisPhasellus.com      ;0;250;0;3550
100001454;HT1044;HOTEL MILANO            ;Apdo.:743-8833 Eu Carretera                ;36;MILAN               ;ITALY           ;4 STARS;425162643;egestas.lacinia.Sed@at.edu                   ;8;180;25000;6550
100001455;HT1045;HOTEL VALENIA	        ";724-513 Fusce Ctra.                        ;134;VALENCIA            ;SPAIN           ;4 STARS;416245127;orci@sitamet.net                             ;8;180;25000;6550
100001456;HT1046;HOTEL SALMANTINO        ;876-5348 Sollicitudin Avenida              ;87;SALAMANCA           ;SPAIN           ;2 STARS;326508454;vitae.odio.sagittis@molestietellus.edu       ;0;50;0;3550
100001457;HT1047;HOTEL EL CORDOBES       ;4498 A Carretera                           ;43;CORDOBA             ;SPAIN           ;2 STARS;130365127;lorem.vitae@laoreet.ca                       ;0;50;0;3550
100001458;HT1048;HOTEL LA SEVILLANA      ;Apdo.:228-6006 Sed Calle                   ;110;SEVILLA             ;SPAIN           ;2 STARS;248844199;augue@convallisdolorQuisque.ca               ;0;50;0;3550
100001459;HT1049;HOTEL JIENENSE          ;5123 Viverra.                              ;78;uBEDA               ;SPAIN           ;3 STARS;281206522;orci.luctus@semper.ca                        ;0;250;0;3550
