CREATE DATABASE  IF NOT EXISTS `database_ruben` /*!40100 DEFAULT CHARACTER SET utf8 */;
USE `database_ruben`;
-- MySQL dump 10.13  Distrib 8.0.12, for Win64 (x86_64)
--
-- Host: localhost    Database: database_ruben
-- ------------------------------------------------------
-- Server version	8.0.12

/*!40101 SET @OLD_CHARACTER_SET_CLIENT=@@CHARACTER_SET_CLIENT */;
/*!40101 SET @OLD_CHARACTER_SET_RESULTS=@@CHARACTER_SET_RESULTS */;
/*!40101 SET @OLD_COLLATION_CONNECTION=@@COLLATION_CONNECTION */;
 SET NAMES utf8 ;
/*!40103 SET @OLD_TIME_ZONE=@@TIME_ZONE */;
/*!40103 SET TIME_ZONE='+00:00' */;
/*!40014 SET @OLD_UNIQUE_CHECKS=@@UNIQUE_CHECKS, UNIQUE_CHECKS=0 */;
/*!40014 SET @OLD_FOREIGN_KEY_CHECKS=@@FOREIGN_KEY_CHECKS, FOREIGN_KEY_CHECKS=0 */;
/*!40101 SET @OLD_SQL_MODE=@@SQL_MODE, SQL_MODE='NO_AUTO_VALUE_ON_ZERO' */;
/*!40111 SET @OLD_SQL_NOTES=@@SQL_NOTES, SQL_NOTES=0 */;

--
-- Table structure for table `alumnos`
--

DROP TABLE IF EXISTS `alumnos`;
/*!40101 SET @saved_cs_client     = @@character_set_client */;
 SET character_set_client = utf8mb4 ;
CREATE TABLE `alumnos` (
  `DNI` int(9) NOT NULL,
  `NOMBRE` varchar(20) DEFAULT NULL,
  `APELLIDO1` varchar(20) DEFAULT NULL,
  `APELLIDO2` varchar(20) DEFAULT NULL,
  `GENERO` varchar(4) DEFAULT NULL,
  `DIRECCION` varchar(100) DEFAULT NULL,
  `TELEFONO` varchar(9) DEFAULT NULL,
  `EMAIL` varchar(40) DEFAULT NULL,
  `FECHA_NACIMIENTO` date DEFAULT NULL,
  `FECHA_PRIM_MATRICULA` date NOT NULL,
  `CPRO` int(5) DEFAULT NULL,
  `CMUN` int(5) DEFAULT NULL,
  PRIMARY KEY (`DNI`),
  KEY `FK_MUN_CODS_idx` (`CPRO`),
  KEY `FK_MUN_PROV_idx` (`CMUN`),
  CONSTRAINT `FK_MUN_CODS` FOREIGN KEY (`CPRO`) REFERENCES `municipio` (`cmun`),
  CONSTRAINT `FK_MUN_PROV` FOREIGN KEY (`CMUN`) REFERENCES `municipio` (`cpro`)
) ENGINE=InnoDB DEFAULT CHARSET=utf8;
/*!40101 SET character_set_client = @saved_cs_client */;

--
-- Dumping data for table `alumnos`
--

LOCK TABLES `alumnos` WRITE;
/*!40000 ALTER TABLE `alumnos` DISABLE KEYS */;
INSERT INTO `alumnos` VALUES (4837297,'CRISTIAN','VAZQUEZ','LEIVA','MASC','Moby Dick, 2','614187293','4837297@uma.es','1995-05-16','2015-08-08',29,67),(5404953,'CARLOS','RAISSOUNI',NULL,'MASC','A 10 Km. De Malaga - Aptdo. de Correos 324','693071774','5404953@uma.es','1998-09-12','2016-11-21',29,67),(7048189,'JUAN DE DIOS','VILLA','ESTRELLA','MASC','Avenida Juan Sebastian el Cano, 103','685517964','7048189@uma.es','2000-01-14','2016-09-27',29,67),(7109544,'BRIAN','SALIDO','GARCIA','MASC','Acacias de Guadalmar, 153','665831358','7109544@uma.es','1994-11-11','2018-07-21',29,67),(7238181,'LUKAS','RAMIRO','CABALLERO','MASC','Castillo de Gibralfaro, s/n','651125590','7238181@uma.es','1996-02-04','2015-03-08',29,67),(7779744,'MIGUEL ANGEL','SANCHEZ','GOMEZ','MASC','Héroe de Sostoa, 17','687422973','7779744@uma.es','1997-03-12','2016-02-01',29,67),(11087825,'ANTONIO','OUAHABI',NULL,'MASC','Avenida Juan Sebastián Elcano, 117 Pedregalejo','602433512','11087825@uma.es','1993-11-20','2015-04-09',29,67),(11569523,'ALBERTO','SAEZ','CAZORLA','MASC','Córdoba, 7','655785650','11569523@uma.es','1999-11-26','2017-12-28',14,38),(12127891,'FERNANDO','MORALES','\\N','MASC','Canales, 8','660583029','12127891@uma.es','1997-09-25','2015-01-11',29,15),(12312342,'Stephan','Marckus',NULL,'MASC','C/Silvo 85-1G. ','616896999','Marqqus@micromail.com','1998-07-12','2015-09-04',29,67),(13504134,'AITOR','RAMOS','ARAGÓN','MASC','Cuarteles, 66 - Edf.Cantabria','684531518','13504134@uma.es','1999-08-15','2018-11-26',29,67),(14156094,'DANIEL','ROMERO','CARRASCO','MASC','Paseo de Sancha, 17','641418546','14156094@uma.es','2000-05-25','2017-10-26',29,67),(14785585,'CARLOS EDUARDO','MARTINEZ','RUIZ','MASC','Canales, 8','649609275','14785585@uma.es','1998-12-05','2018-04-18',29,67),(15940923,'ALFONSO','RUIZ','ESCUDERO','MASC','Paseo de Sancha, 35','699145596','15940923@uma.es','1995-09-05','2015-06-04',29,67),(16891547,'IVAN','SAUZA','CORBACHO','MASC','Carretera-Colmenar Km. 548,5','670614095','16891547@uma.es','1995-11-22','2018-03-26',29,67),(17647730,'FELIPE','TRILLO','JIMENEZ','MASC','Carretería, 6-10','617773385','17647730@uma.es','1998-11-23','2018-09-01',29,67),(20058694,'JOSE ANTONIO','SUAREZ','DIAZ','MASC','Álamos 27','616292397','20058694@uma.es','1997-05-09','2015-02-01',29,67),(21012656,'ENRIQUE','ZAHTI',NULL,'MASC','Bandaneira, 6 Urbanización El Atabal. Puerto de la Torre','669948450','21012656@uma.es','1994-01-12','2017-07-15',29,67),(22903027,'PEDRO','MARTIN','RUIZ','MASC','Cuba 1 y 3','644396001','22903027@uma.es','1993-01-16','2017-07-18',6,70),(23423332,'Benjamín','Ruiz','Palacio','MASC','C/Italia 32-1G. ','951898999','tres@mimail.com','1998-03-02','2015-09-05',29,67),(23423424,'David','Alarcon','Garcia y Muntaner','MASC','C/Fuente Paz 25-1G. ','619238999','ttguor@micromail.com','1999-07-09','2015-09-10',29,901),(23456456,'Victoria','Mayordomo','Toro','FEM','C/Quito 75-1G. ','628898999','rgueo@micromail.com','1999-09-12','2016-08-30',29,67),(25423411,'Pedro','Melendez','Contado','MASC','C/Pintores 35-1G. ','952438999','pemeco@snailmail.com','1997-01-27','2016-09-04',29,67),(25744665,'Enrique','Silva','Cervantes','MASC','C/Capital 15-1G. ','634898999','EsilvaC@fairmail.com','1999-03-06','2017-09-05',29,8),(25748955,'Guillermo','Villanueva','Pedraza','MASC','C/Rueda 75-1G. ','617898999','devott@fairmail.com','1999-12-22','2017-08-30',14,38),(25756456,'Jesus','Neira','Cintado','MASC','C/Linares 35-1G. ','952374466','NeiraCintado@snailmail.com','1998-12-19','2017-09-04',29,1),(26651441,'JOSE DAVID','RIOS','CADENA','MASC','Somera, 8','619013679','26651441@uma.es','1997-04-06','2018-03-24',29,67),(27921947,'ANTONIO JESUS','VALENCIA','JIMENEZ','MASC','Avenida de la Aurora, 25','605211323','27921947@uma.es','1996-05-16','2017-09-17',29,67),(28179524,'JOAQUIN','MARQUEZ','RODRIGUEZ','MASC','Cuba 1 y 3','619058038','28179524@uma.es','1997-12-05','2018-02-14',29,17),(28294639,'AHMED','MEDINA','SALIDO','MASC',NULL,'627882889','28294639@uma.es','2000-11-02','2015-01-23',NULL,NULL),(28708690,'ADRIAN','RUIZ','FUERTES','MASC','Nicasio Calle, 5','611965124','28708690@uma.es','1998-09-19','2018-11-02',29,67),(29707760,'CRISTIAN','MIÑAMBRES','SANCHEZ','MASC','Pasillo Santa Isabel, 12','697375908','29707760@uma.es','2000-04-17','2016-10-13',29,67),(30201890,'BORJA','SILVA','DELGADO','MASC','Pasaje de Amaranto, 1','670153437','30201890@uma.es','1994-01-28','2018-06-24',29,67),(30515508,'ALVARO','MUÑOZ','GARCIA-FAURE','MASC','Córdoba, 7','679565304','30515508@uma.es','1994-11-22','2018-08-14',29,67),(31333317,'JAIRO','MUÑOZ',NULL,'MASC',NULL,'623925428','31333317@uma.es','1997-08-23','2016-06-28',NULL,NULL),(31403229,'CAROLINA','PEREZ','AGUAVIVA','FEM','Cortina del Muelle, 1','686584384','31403229@uma.es','1994-04-27','2018-07-01',29,67),(33028858,'PABLO','PINTO','ANDRES','MASC','Casas de Campos 3','624075275','33028858@uma.es','1997-06-19','2015-09-22',29,67),(33916883,'MARIA DE LOS ANGELES','ROMERO','CARRILLO','FEM','Avenida de Velázquez, 212','646426555','33916883@uma.es','1993-04-11','2015-10-24',29,67),(34234244,'Zinovia','Petrova',NULL,'FEM','C/Salamanca 45-1G. ','617895599','zinovia@fairmail.com','1996-11-08','2017-08-30',29,67),(34234444,'Ana','Alcala','Lopez','FEM','C/Rueda 75-1G. ','645598999','Anaalcala@fairmail.com','1999-06-09','2015-09-04',14,38),(34258348,'IKER','NIETO','SANCHEZ','MASC',NULL,'648189477','34258348@uma.es','1999-11-20','2016-09-13',NULL,NULL),(34404881,'PABLO','RIVERO','CORTECERO','MASC','Avenida Juan Sebastian Elcano 199','667656231','34404881@uma.es','1995-04-14','2018-05-01',29,67),(34452709,'ADRIÁN','VELASCO','LLORET','MASC','Paseo de Sancha, 22','626733881','34452709@uma.es','1998-12-10','2018-02-02',29,67),(34545346,'Esther','de Diego','Blasco','FEM','C/Bordadoras 63-1G. ','617898009','dediego@linuxeros.org','1997-05-12','2016-08-31',29,67),(34558955,'Maria Elena','Ortiz','Montoya','FEM','C/Presa 72-1G. ','656798999','meom@fairmail.com','1999-04-07','2017-09-05',29,67),(34567567,'Carlos','Garzon','Trujillano','MASC','C/Curtidores 17-1G. ','617233399','carlosgartru@snailmail.com','1997-02-22','2016-08-31',29,8),(36982815,'REMEDIOS MARIA','MARTIN','RUIZ','FEM','Pasillo Santa Isabel, 12','615253947','36982815@uma.es','1993-09-26','2015-04-26',29,67),(38260925,'TATIANA','MAZGELIS','PEREZ','FEM','Horacio Quiroga (Area Comercial Valdicio)','609758834','38260925@uma.es','2000-03-26','2016-04-26',29,67),(40236024,'JUAN','RUIZ','FERNANDEZ','MASC','Olmos 10','622164300','40236024@uma.es','1999-10-10','2015-06-12',14,2),(40302286,'GONZALO','SANTOS','CHICA','MASC','Ramos Carrión, 38','618137185','40302286@uma.es','1993-03-12','2016-02-16',29,67),(41720934,'RUBEN','SANTIAGO','GONZALEZ','MASC','Casas de Campos, 17','608195690','41720934@uma.es','1994-04-11','2015-12-04',29,67),(41754135,'RAFAEL','SUAREZ','GONZALEZ','MASC','Ferraz, 34 - 36','698493122','41754135@uma.es','1993-04-04','2017-08-06',29,67),(43234222,'Marlon','Mesa','Jimenez','MASC','C/Ronda 56-1G. ','617898978','marlon@linuxeros.org','1996-09-14','2017-08-30',29,67),(44743361,'CRISTINA','ORTIZ','GOMEZ','FEM','Avenida Cánovas del Castillo, 1','678565548','44743361@uma.es','1997-05-27','2017-05-06',29,67),(45345311,'Angel','Montero','Puig de Casamayor','MASC','C/Lomas 33-1G. ','617898333','angel1980@linuxeros.org','1996-08-16','2018-04-13',6,70),(45634322,'Samir','Makluofi',NULL,'MASC','C/Peregrino 32-1G. ','687698999','Sammak@micromail.com','1999-05-08','2017-09-05',29,67),(45645221,'Maximo','Leon','Pi','MASC','C/Panaderos 13-1G. ','617898867','max@snailmail.com','1997-04-14','2016-08-31',29,67),(45645644,'Rodrigo','Castro','Picon','MASC','C/Rodaderos 13-1G. ','952893299','rcp56@mimail.com','1998-04-01','2015-09-05',29,67),(45645666,'Elena','Romero','Torao','FEM','C/Seriosi 25-1G. ','678898999','Eroto@fairmail.com','1999-02-05','2017-09-05',29,67),(46563277,'George','Rice','\\N','MASC','C/Bellota 65-1G. ','952298999','RiceGeorge@snailmail.com','1998-09-09','2018-11-01',14,38),(47345210,'JORGE','MESTANZA','GARCIA','MASC','Pasillo Guimbarba, 5','653696378','47345210@uma.es','1997-08-10','2016-11-01',29,67),(47376089,'MIGUEL ANGEL','ROBLES','DOMINGUEZ','MASC','Molina Lario, 20-22','635199439','47376089@uma.es','1997-01-04','2015-09-04',29,67),(48562250,'ALEJANDRO','HINDLEY','FERNANDEZ','MASC','Avenida de Velazquez, ','649147696','48562250@uma.es','1994-03-28','2017-12-02',29,67),(50178805,'SERGIO','RUIZ','ESTEPA','MASC','Avenida de Velázquez, 126','657084234','50178805@uma.es','1996-08-16','2015-03-22',29,67),(54354355,'Arcadio','Armada','Pedrosa','MASC','C/Granada 175-1G. ','617893399','\\N','1996-12-22','2018-11-24',29,8),(54634521,'Alejandra','Oliveira','Jimenes','FEM','C/Cazalla 33-1G. ','617666666','ale@fairmail.com','1996-10-28','2017-08-30',29,67),(56756777,'Gema','Jimenez','Larios','FEM','C/Filipinas 134-1G. ','952898119',NULL,'1999-02-03','2017-09-05',29,67),(57445941,'FRANCISCO JOSE','MARQUEZ','ROCHE','MASC','Pasillo Santa Isabel, 12','641508818','57445941@uma.es','2000-12-04','2017-09-02',29,67),(57535322,'IKER','LUQUE','ROBLES','MASC','Pacífico, 44','626625450','57535322@uma.es','2000-03-11','2018-11-22',29,67),(58144507,'ISABEL','SANCHEZ','GOMEZ','FEM','Espacio 50','602369895','58144507@uma.es','1998-02-05','2015-02-27',29,67),(58494625,'DANIEL','RODRIGUEZ','ESCRIBANO','MASC','Conde de Ureña, 58','622890034','58494625@uma.es','1995-01-21','2017-09-23',29,67),(58785055,'RUBEN','TORRALVO','HARO','MASC','Trinidad Grund, 13','680386353','58785055@uma.es','1998-09-16','2016-02-14',29,67),(59632524,'JOSE CARLOS','PALOMINO','ARGUILEA','MASC','Avenida Río Guadalmedina, s/n.','626415586','59632524@uma.es','1996-12-24','2015-04-10',29,67),(59676990,'ASMAE','TORRES',NULL,'FEM','Sancha de Lara, 7','630005672','59676990@uma.es','1996-08-21','2015-07-07',29,67),(61306528,'ELOY','SANCHEZ','GONZALEZ','MASC','Marqués de Larios, 2','627970349','61306528@uma.es','1995-03-02','2016-05-21',29,67),(62512427,'VICTOR HUGO','MARTIN','FLORIDO','MASC','Carretera de Colmenar, s/n','630035685','62512427@uma.es','1998-12-13','2016-06-23',29,67),(62849645,'CARLOS','MARTIN','RUIZ','MASC','Canales, 8','659565924','62849645@uma.es','1994-07-02','2018-03-16',29,67),(63073113,'ANTONIO','RODRIGUEZ','CANTOS','MASC','Estación VIALIA c / Heroe de Sostoa, 2','677419769','63073113@uma.es','1994-08-05','2016-02-05',29,67),(64967021,'ANGEL JESUS','ROMERO','CAÑETE','MASC','Urbanización Guadalmina Alta. de Granadillas s/n','675392257','64967021@uma.es','1995-07-07','2018-06-16',29,67),(65565643,'Nicolas','Bersabe','Alba','MASC','C/Barqueros 45-1G. ','952656969','bersabe@micromail.com','2001-05-30','2015-09-10',29,67),(66348989,'ALBERTO JESUS','RUIZ','CARRION','MASC','Cister, 10','676536016','66348989@uma.es','1997-08-14','2018-03-13',29,67),(66377991,'SAMUEL','PRANDI','ARIZA','MASC','Mármoles, 6','689537460','66377991@uma.es','1993-11-16','2017-12-28',29,67),(67856744,'Jose','Gil','Hilo','MASC','C/Tanger 5-1G. ','628898999','spider@micromail.com','1999-08-24','2016-08-30',29,67),(67867433,'Hannae','Tourug','\\N','FEM','C/Trepadores 15-1G. ','600898999','superhannae@fairmail.com','1998-08-10','2015-09-04',29,1),(67867888,'Isidro','Villanueva','Fernandez','MASC','C/Cornisa 35-1G. ','617857999','dalarcong@micromail.com','2001-07-16','2015-09-10',29,1),(68597223,'ADRIAN','ROCHE','ECHEVARRI','MASC','Paseo Marítimo Antonio Machado, 10','671985053','68597223@uma.es','1994-08-22','2018-01-26',29,67),(69126079,'MANUEL','GUERRERO','FERNANDEZ','MASC','Avenida Comandante Benítez, 5','669140874','69126079@uma.es','1994-07-06','2018-02-10',29,67),(69579606,'EDUARDO','MORENO','GARCIA','MASC','Paseo Marítimo El Pedregal, 64','603499936','69579606@uma.es','1993-10-17','2017-09-20',29,67),(70084540,'ADRIÁN','MONTIEL',NULL,'MASC','Cuba 1 y 3','674010206','70084540@uma.es','1996-12-17','2017-01-16',29,67),(72242643,'MARIA ARACELI','RANEA','BURGUEÑO','FEM','Atarazanas, 19','698915379','72242643@uma.es','1993-05-27','2016-09-02',29,67),(73143332,'Maria Jose','Lillo','Gamez','FEM','C/Paris 75-1G. ','616368999','jmlillo@fairmail.com','1999-10-18','2016-08-30',29,8),(73635423,'Rafael','Villanueva','Galvez','MASC','C/Madrid 45-1G. ','617884999','Eroto@fairmail.com','2000-11-20','2016-08-30',29,901),(75182393,'MANUEL','VALVERDE','ESTEPA','MASC','Salitre, 53','657358476','75182393@uma.es','1999-10-28','2015-06-23',29,67),(75674321,'Raziz','Afilal',NULL,'MASC','C/Sierra Tejeda 55-1G. ','952453765','Adminraziz@snailmail.com','1998-11-18','2015-09-11',29,67),(78678644,'Jaime','Villanueva','Arenas','MASC','C/Alcornocales 5-1G. ','952436475','JacobVil@snailmail.com','1999-10-22','2015-09-11',29,67),(86734723,'Salvador','Castillo','Heredia','MASC','C/Mosqueteros 32-1G. ','952778999','fijsalva@fairmail.com','1999-01-04','2017-09-05',29,67),(86785432,'Laura','Espinosa','Fuente','FEM','C/Farola 25-1G. ','617898677','espinosa@linuxeros.org','1997-06-09','2016-08-31',29,67),(87675655,'Justo','Iglesias','Aramillo','MASC','C/Mirolta 25-1G. ','617886999','JIA@fairmail.com','2000-12-08','2017-08-30',29,67),(87906454,'Manuel','Fernandez','Ortega','MASC','C/Latina 15-2G. ','617568999','mfo@mimail.com','2000-12-02','2017-08-30',29,901),(97800676,'Carlos Alberto','Acosta','Castilla','MASC','C/Zapateros 55-1G. ','952398999','acostaCA@mimail.com','1998-04-30','2015-09-10',29,15),(97896753,'Sergio','Rivas','Trevijano','MASC','C/Carpinteros 46-1G. ','617867594','trevijano@snailmail.com','1997-03-13','2016-08-31',29,8);
/*!40000 ALTER TABLE `alumnos` ENABLE KEYS */;
UNLOCK TABLES;

--
-- Table structure for table `asignaturas`
--

DROP TABLE IF EXISTS `asignaturas`;
/*!40101 SET @saved_cs_client     = @@character_set_client */;
 SET character_set_client = utf8mb4 ;
CREATE TABLE `asignaturas` (
  `CODIGO` int(3) NOT NULL,
  `NOMBRE` varchar(50) NOT NULL,
  `DEPARTAMENTO` int(3) DEFAULT NULL,
  `CREDITOS` decimal(3,1) DEFAULT NULL,
  `TEORICOS` decimal(3,1) DEFAULT NULL,
  `PRACTICOS` decimal(3,1) DEFAULT NULL,
  `CARACTER` varchar(2) DEFAULT NULL,
  `CURSO` int(1) DEFAULT NULL,
  `WEB` varchar(30) DEFAULT NULL,
  `COD_MATERIA` int(2) DEFAULT NULL,
  PRIMARY KEY (`CODIGO`),
  KEY `FK_MATERIAS_COD_idx` (`COD_MATERIA`),
  KEY `FK_DEPART_COD_idx` (`DEPARTAMENTO`),
  CONSTRAINT `FK_DEPART_COD` FOREIGN KEY (`DEPARTAMENTO`) REFERENCES `departamentos` (`codigo`),
  CONSTRAINT `FK_MATERIAS_COD` FOREIGN KEY (`COD_MATERIA`) REFERENCES `materias` (`codigo`)
) ENGINE=InnoDB DEFAULT CHARSET=utf8;
/*!40101 SET character_set_client = @saved_cs_client */;

--
-- Dumping data for table `asignaturas`
--

LOCK TABLES `asignaturas` WRITE;
/*!40000 ALTER TABLE `asignaturas` DISABLE KEYS */;
INSERT INTO `asignaturas` VALUES (101,'Programación Orientada a Objetos',1,7.0,5.0,NULL,'TR',1,NULL,1),(110,'Sistemas Operativos',1,6.0,3.0,3.0,'TR',3,NULL,NULL),(111,'Estadistica',2,4.0,5.0,3.0,'TR',2,'\\N',4),(112,'Bases de Datos',1,7.0,5.0,3.0,'TR',3,'www.lcc.uma.es/~enciso',1),(113,'Calculo Numerico',2,6.0,3.0,3.0,'TR',2,'www.fermat.uma.es',4),(114,'Teoria de Automatas',1,6.0,4.0,2.0,'OP',3,NULL,NULL),(115,'Administración de Bases de Datos',1,NULL,NULL,NULL,'OP',NULL,'www.lcc.uma.es/~enciso',1),(116,'Logica Computacional',2,6.0,3.0,3.0,'OB',2,'\\N',4),(122,'Estructura de Computadores',3,6.0,3.0,3.0,'TR',2,'\\N',2),(123,'Computación Altas Prestaciones',3,4.0,5.0,2.0,'\\N',2,'\\N',2),(133,'Ingeniería Web',1,6.0,2.0,4.0,'TR',1,'\\N',1),(134,'Dispositivos Electronicos',3,6.0,3.0,3.0,'TR',1,'\\N',2),(140,'Prácticas en empresa',1,9.0,0.0,9.0,'TR',NULL,NULL,3),(144,'Modelos Computacionales',1,6.0,5.0,1.0,'TR',3,NULL,NULL),(200,'Teoria de la señal',4,6.0,3.0,3.0,'OP',NULL,'http://www.ic.uma.es',NULL),(201,'Matemática Discreta',2,6.0,5.0,1.0,'OP',2,'\\N',4);
/*!40000 ALTER TABLE `asignaturas` ENABLE KEYS */;
UNLOCK TABLES;

--
-- Table structure for table `correquisitos`
--

DROP TABLE IF EXISTS `correquisitos`;
/*!40101 SET @saved_cs_client     = @@character_set_client */;
 SET character_set_client = utf8mb4 ;
CREATE TABLE `correquisitos` (
  `ASIGNATURA` int(3) NOT NULL,
  `CORREQUISITO` int(3) NOT NULL,
  PRIMARY KEY (`ASIGNATURA`,`CORREQUISITO`),
  KEY `FK_ASIG_COD2_idx` (`CORREQUISITO`),
  CONSTRAINT `FK_ASIG_COD1` FOREIGN KEY (`ASIGNATURA`) REFERENCES `asignaturas` (`codigo`),
  CONSTRAINT `FK_ASIG_COD2` FOREIGN KEY (`CORREQUISITO`) REFERENCES `asignaturas` (`codigo`)
) ENGINE=InnoDB DEFAULT CHARSET=utf8;
/*!40101 SET character_set_client = @saved_cs_client */;

--
-- Dumping data for table `correquisitos`
--

LOCK TABLES `correquisitos` WRITE;
/*!40000 ALTER TABLE `correquisitos` DISABLE KEYS */;
INSERT INTO `correquisitos` VALUES (114,110),(110,116),(133,134),(111,140),(113,144),(140,144);
/*!40000 ALTER TABLE `correquisitos` ENABLE KEYS */;
UNLOCK TABLES;

--
-- Table structure for table `departamentos`
--

DROP TABLE IF EXISTS `departamentos`;
/*!40101 SET @saved_cs_client     = @@character_set_client */;
 SET character_set_client = utf8mb4 ;
CREATE TABLE `departamentos` (
  `CODIGO` int(3) NOT NULL,
  `NOMBRE` varchar(40) NOT NULL,
  `DIRECCION` varchar(30) DEFAULT NULL,
  `TELEFONO` varchar(9) DEFAULT NULL,
  `WEB` varchar(30) DEFAULT NULL,
  `FECHA_CREACION` date DEFAULT NULL,
  PRIMARY KEY (`CODIGO`)
) ENGINE=InnoDB DEFAULT CHARSET=utf8;
/*!40101 SET character_set_client = @saved_cs_client */;

--
-- Dumping data for table `departamentos`
--

LOCK TABLES `departamentos` WRITE;
/*!40000 ALTER TABLE `departamentos` DISABLE KEYS */;
INSERT INTO `departamentos` VALUES (1,'Lenguajes y Ciencias de la Computacion','ETSI Informatica. 3-220','7133','www.lcc.uma.es','1983-12-24'),(2,'Matematica Aplicada','ETSI Informatica. 2-2-A20','1444','www.ma.uma.es','1984-12-24'),(3,'Arquitectura de Computadores','ETSI Informatica. 2-1-A10','2788','www.ac.uma.es','1986-12-24'),(4,'Ingenieria de Comunicaciones','ETSI Informatica','6078','www.ic.uma.es','2009-01-14');
/*!40000 ALTER TABLE `departamentos` ENABLE KEYS */;
UNLOCK TABLES;

--
-- Table structure for table `impartir`
--

DROP TABLE IF EXISTS `impartir`;
/*!40101 SET @saved_cs_client     = @@character_set_client */;
 SET character_set_client = utf8mb4 ;
CREATE TABLE `impartir` (
  `PROFESOR` varchar(20) NOT NULL,
  `ASIGNATURA` int(3) NOT NULL,
  `GRUPO` varchar(1) NOT NULL,
  `CURSO` varchar(5) NOT NULL,
  `CARGA_CREDITOS` decimal(3,1) DEFAULT NULL,
  PRIMARY KEY (`PROFESOR`,`ASIGNATURA`,`GRUPO`,`CURSO`)
) ENGINE=InnoDB DEFAULT CHARSET=utf8;
/*!40101 SET character_set_client = @saved_cs_client */;

--
-- Dumping data for table `impartir`
--

LOCK TABLES `impartir` WRITE;
/*!40000 ALTER TABLE `impartir` DISABLE KEYS */;
INSERT INTO `impartir` VALUES ('A-89-CEU-99',112,'A','14/15',7.0),('A-89-CEU-99',140,'A','15/16',NULL),('C-34-TU-00',112,'B','14/15',7.0),('C-34-TU-00',114,'A','15/16',6.0),('C-34-TU-00',140,'A','13/14',4.0),('C-34-TU-00',140,'A','15/16',9.0),('C-34-TU-00',140,'B','14/15',9.0),('C-67-CEU-98',116,'A','15/16',6.0),('D-92-PC-92',113,'A','15/16',6.0),('D-92-PC-92',113,'B','15/16',3.0),('D-92-PC-92',114,'B','14/15',NULL),('F-12-AY-02',101,'B','14/15',7.0),('F-12-AY-02',101,'B','15/16',7.0),('F-12-AY-02',133,'A','14/15',6.0),('F-12-AY-02',133,'A','15/16',6.0),('G-34-TEU-96',112,'B','15/16',NULL),('G-34-TEU-96',140,'A','15/16',NULL),('H-32-TU-99',114,'C','15/16',6.0),('H-32-TU-99',123,'A','13/14',4.0),('H-77-TU-99',123,'A','15/16',4.0);
/*!40000 ALTER TABLE `impartir` ENABLE KEYS */;
UNLOCK TABLES;

--
-- Table structure for table `investigadores`
--

DROP TABLE IF EXISTS `investigadores`;
/*!40101 SET @saved_cs_client     = @@character_set_client */;
 SET character_set_client = utf8mb4 ;
CREATE TABLE `investigadores` (
  `ID_PROFESOR` varchar(20) NOT NULL,
  `TRAMOS` int(2) DEFAULT NULL,
  PRIMARY KEY (`ID_PROFESOR`),
  CONSTRAINT `FK_PROF_COD` FOREIGN KEY (`ID_PROFESOR`) REFERENCES `profesores` (`id`)
) ENGINE=InnoDB DEFAULT CHARSET=utf8;
/*!40101 SET character_set_client = @saved_cs_client */;

--
-- Dumping data for table `investigadores`
--

LOCK TABLES `investigadores` WRITE;
/*!40000 ALTER TABLE `investigadores` DISABLE KEYS */;
INSERT INTO `investigadores` VALUES ('A-89-CEU-99',3),('C-34-TU-00',2),('H-32-TU-99',3);
/*!40000 ALTER TABLE `investigadores` ENABLE KEYS */;
UNLOCK TABLES;

--
-- Table structure for table `materias`
--

DROP TABLE IF EXISTS `materias`;
/*!40101 SET @saved_cs_client     = @@character_set_client */;
 SET character_set_client = utf8mb4 ;
CREATE TABLE `materias` (
  `CODIGO` int(2) NOT NULL,
  `NOMBRE` varchar(40) NOT NULL,
  `DESCRIPCION` varchar(200) DEFAULT NULL,
  PRIMARY KEY (`CODIGO`)
) ENGINE=InnoDB DEFAULT CHARSET=utf8;
/*!40101 SET character_set_client = @saved_cs_client */;

--
-- Dumping data for table `materias`
--

LOCK TABLES `materias` WRITE;
/*!40000 ALTER TABLE `materias` DISABLE KEYS */;
INSERT INTO `materias` VALUES (1,'Ingeniería del Software','En esta materia se incluyen los aspectos relacionados con las tecnologías de la programción y las bases de datos.'),(2,'Dispositivos hardware','\\N'),(3,'Complementos de formación','En esta materia se incluyen algunos complementos de formación cercanos a la profesión de ingeniero informático.'),(4,'Fundamentos de la Informática','\\N');
/*!40000 ALTER TABLE `materias` ENABLE KEYS */;
UNLOCK TABLES;

--
-- Table structure for table `matricular`
--

DROP TABLE IF EXISTS `matricular`;
/*!40101 SET @saved_cs_client     = @@character_set_client */;
 SET character_set_client = utf8mb4 ;
CREATE TABLE `matricular` (
  `ASIGNATURA` int(3) NOT NULL,
  `ALUMNO` int(9) NOT NULL,
  `CURSO` varchar(5) NOT NULL,
  `GRUPO` varchar(1) NOT NULL,
  `CALIFICACION` varchar(2) DEFAULT NULL,
  PRIMARY KEY (`ASIGNATURA`,`ALUMNO`,`CURSO`,`GRUPO`),
  KEY `FK_ALU_COD_idx` (`ALUMNO`),
  CONSTRAINT `FK_ALU_COD` FOREIGN KEY (`ALUMNO`) REFERENCES `alumnos` (`dni`),
  CONSTRAINT `FK_ASIG_COD` FOREIGN KEY (`ASIGNATURA`) REFERENCES `asignaturas` (`codigo`)
) ENGINE=InnoDB DEFAULT CHARSET=utf8;
/*!40101 SET character_set_client = @saved_cs_client */;

--
-- Dumping data for table `matricular`
--

LOCK TABLES `matricular` WRITE;
/*!40000 ALTER TABLE `matricular` DISABLE KEYS */;
INSERT INTO `matricular` VALUES (110,23423424,'14/15','B','NT'),(110,23456456,'14/15','B','AP'),(110,25748955,'14/15','B','AP'),(110,34234444,'14/15','B','SP'),(110,65565643,'14/15','B','SB'),(110,67856744,'14/15','B','NT'),(110,67867888,'14/15','B','NT'),(110,73143332,'14/15','B','AP'),(110,73635423,'14/15','B','AP'),(110,87675655,'14/15','B','AP'),(110,87906454,'14/15','B','AP'),(110,97800676,'14/15','B','SB'),(111,4837297,'16/17','B','NP'),(111,5404953,'16/17','B','NP'),(111,7048189,'16/17','B','NP'),(111,7109544,'16/17','B','NP'),(111,7238181,'16/17','B','NP'),(111,7779744,'16/17','B','NP'),(111,11087825,'16/17','B','NP'),(111,11569523,'16/17','B','NP'),(111,12127891,'16/17','B','NP'),(111,12312342,'16/17','B','NP'),(111,13504134,'16/17','B','NP'),(111,14156094,'16/17','B','NP'),(111,14785585,'16/17','B','NP'),(111,15940923,'16/17','B','NP'),(111,16891547,'16/17','B','NP'),(111,17647730,'16/17','B','NP'),(111,20058694,'16/17','B','NP'),(111,21012656,'16/17','B','NP'),(111,22903027,'16/17','B','NP'),(111,23423332,'16/17','B','NP'),(111,23423424,'16/17','B','NP'),(111,23456456,'16/17','B','NP'),(111,25423411,'16/17','B','NP'),(111,25744665,'16/17','B','NP'),(111,25748955,'16/17','B','NP'),(111,25756456,'16/17','B','NP'),(111,26651441,'16/17','B','NP'),(111,27921947,'16/17','B','NP'),(111,28179524,'16/17','B','NP'),(111,28294639,'16/17','B','NP'),(111,28708690,'16/17','B','NP'),(111,29707760,'16/17','B','NP'),(111,30201890,'16/17','B','NP'),(111,30515508,'16/17','B','NP'),(111,31333317,'16/17','B','NP'),(111,31403229,'16/17','B','NP'),(111,33028858,'16/17','B','NP'),(111,33916883,'16/17','B','NP'),(111,34234244,'16/17','B','NP'),(111,34234444,'16/17','B','NP'),(111,34258348,'16/17','B','NP'),(111,34404881,'16/17','B','NP'),(111,34452709,'16/17','B','NP'),(111,34545346,'16/17','B','NP'),(111,34558955,'16/17','B','NP'),(111,34567567,'16/17','B','NP'),(111,36982815,'16/17','B','NP'),(111,38260925,'16/17','B','NP'),(111,40236024,'16/17','B','NP'),(111,40302286,'16/17','B','NP'),(111,41720934,'16/17','B','NP'),(111,41754135,'16/17','B','NP'),(111,43234222,'16/17','B','NP'),(111,44743361,'16/17','B','NP'),(111,45345311,'16/17','B','NP'),(111,45634322,'16/17','B','NP'),(111,45645221,'16/17','B','NP'),(111,45645644,'16/17','B','NP'),(111,45645666,'16/17','B','NP'),(111,46563277,'16/17','B','NP'),(111,47345210,'16/17','B','NP'),(111,47376089,'16/17','B','NP'),(111,48562250,'16/17','B','NP'),(111,50178805,'16/17','B','NP'),(111,54354355,'16/17','B','NP'),(111,54634521,'16/17','B','NP'),(111,56756777,'16/17','B','NP'),(111,57445941,'16/17','B','NP'),(111,57535322,'16/17','B','NP'),(111,58144507,'16/17','B','NP'),(111,58494625,'16/17','B','NP'),(111,58785055,'16/17','B','NP'),(111,59632524,'16/17','B','NP'),(111,59676990,'16/17','B','NP'),(111,61306528,'16/17','B','NP'),(111,62512427,'16/17','B','NP'),(111,62849645,'16/17','B','NP'),(111,63073113,'16/17','B','NP'),(111,64967021,'16/17','B','NP'),(111,65565643,'16/17','B','NP'),(111,66348989,'16/17','B','NP'),(111,66377991,'16/17','B','NP'),(111,67856744,'16/17','B','NP'),(111,67867433,'16/17','B','NP'),(111,67867888,'16/17','B','NP'),(111,68597223,'16/17','B','NP'),(111,69126079,'16/17','B','NP'),(111,69579606,'16/17','B','NP'),(111,70084540,'16/17','B','NP'),(111,72242643,'16/17','B','NP'),(111,73143332,'16/17','B','NP'),(111,73635423,'16/17','B','NP'),(111,75182393,'16/17','B','NP'),(111,75674321,'16/17','B','NP'),(111,78678644,'16/17','B','NP'),(111,86734723,'16/17','B','NP'),(111,86785432,'16/17','B','NP'),(111,87675655,'16/17','B','NP'),(111,87906454,'16/17','B','NP'),(111,97800676,'16/17','B','NP'),(111,97896753,'16/17','B','NP'),(112,4837297,'16/17','A',NULL),(112,4837297,'16/17','B',NULL),(112,12312342,'14/15','B','SP'),(112,12312342,'15/16','B',NULL),(112,15940923,'16/17','A',NULL),(112,23423332,'14/15','A','MH'),(112,23423424,'14/15','A','SP'),(112,25748955,'14/15','B','SP'),(112,25748955,'15/16','B',NULL),(112,27921947,'16/17','A',NULL),(112,28708690,'16/17','B',NULL),(112,34234244,'14/15','A','SP'),(112,34234444,'15/16','A',NULL),(112,34558955,'14/15','B','SP'),(112,34567567,'14/15','B','SP'),(112,41754135,'16/17','A',NULL),(112,45645221,'14/15','B','SP'),(112,45645644,'14/15','A','SP'),(112,50178805,'16/17','B',NULL),(112,54354355,'14/15','B','SP'),(112,54354355,'15/16','B',NULL),(112,58494625,'16/17','A',NULL),(112,67856744,'14/15','A','NT'),(112,67867888,'13/14','B','SP'),(112,67867888,'14/15','B','AP'),(112,73635423,'13/14','B','SP'),(112,73635423,'14/15','B','AP'),(112,78678644,'14/15','A','SB'),(112,87906454,'14/15','A','SB'),(112,97800676,'13/14','B','SP'),(112,97800676,'14/15','B','AP'),(112,97896753,'14/15','B','SP'),(113,5404953,'16/17','B',NULL),(113,7779744,'16/17','B',NULL),(113,17647730,'16/17','A',NULL),(113,23423424,'13/14','B','SP'),(113,23423424,'14/15','B','AP'),(113,23456456,'15/16','A',NULL),(113,25423411,'14/15','B','SB'),(113,25744665,'14/15','A','AP'),(113,25748955,'14/15','A','NT'),(113,34234244,'14/15','B','SP'),(113,34234244,'15/16','B',NULL),(113,34452709,'16/17','B',NULL),(113,34545346,'14/15','B','SP'),(113,34558955,'14/15','A','NT'),(113,44743361,'16/17','B',NULL),(113,45634322,'13/14','B','SP'),(113,45634322,'14/15','B','NT'),(113,45645644,'13/14','B','SP'),(113,45645644,'14/15','B','NT'),(113,46563277,'14/15','B','SP'),(113,46563277,'15/16','B',NULL),(113,47345210,'16/17','A',NULL),(113,48562250,'16/17','A',NULL),(113,54354355,'14/15','A','SP'),(113,58785055,'16/17','A',NULL),(113,59632524,'16/17','B',NULL),(113,67867433,'14/15','B','SP'),(113,67867433,'15/16','B',NULL),(113,73143332,'13/14','B','SP'),(113,73143332,'14/15','B','AP'),(113,87675655,'14/15','A','AP'),(113,87906454,'13/14','B','SP'),(113,87906454,'14/15','B','NT'),(114,7109544,'16/17','A',NULL),(114,15940923,'16/17','B',NULL),(114,23423332,'13/14','B','SP'),(114,23423332,'14/15','B','SB'),(114,23456456,'14/15','A','AP'),(114,25744665,'14/15','B','SP'),(114,25756456,'14/15','A','AP'),(114,30515508,'16/17','B',NULL),(114,34545346,'14/15','A','SP'),(114,40236024,'16/17','A',NULL),(114,41720934,'16/17','A',NULL),(114,41754135,'16/17','A',NULL),(114,45345311,'14/15','B','SP'),(114,45345311,'15/16','B',NULL),(114,45645666,'14/15','A','AP'),(114,47376089,'16/17','A',NULL),(114,50178805,'16/17','B',NULL),(114,61306528,'16/17','B',NULL),(114,68597223,'16/17','B',NULL),(114,78678644,'14/15','B','SP'),(114,78678644,'15/16','B',NULL),(114,86785432,'14/15','B','SP'),(114,87675655,'13/14','B','SP'),(114,87675655,'14/15','B','AP'),(114,97800676,'14/15','A','SP'),(115,7779744,'16/17','B',NULL),(115,17647730,'16/17','B',NULL),(115,23456456,'13/14','B','SP'),(115,23456456,'14/15','B','AP'),(115,25756456,'14/15','B','SP'),(115,25756456,'15/16','B',NULL),(115,41720934,'16/17','A',NULL),(115,43234222,'13/14','B','SP'),(115,43234222,'14/15','B','NT'),(115,45645666,'14/15','B','SP'),(115,54634521,'14/15','B','SP'),(115,54634521,'15/16','B',NULL),(115,58144507,'16/17','B',NULL),(115,58785055,'16/17','A',NULL),(115,62512427,'16/17','A',NULL),(115,65565643,'15/16','A',NULL),(115,67867433,'15/16','A',NULL),(115,73635423,'14/15','A','AP'),(115,75674321,'14/15','B','SP'),(115,75674321,'15/16','B',NULL),(115,86734723,'14/15','A','AP'),(115,97896753,'15/16','A',NULL),(116,7109544,'16/17','B',NULL),(116,7238181,'16/17','A',NULL),(116,12312342,'15/16','A',NULL),(116,23423332,'14/15','A','NT'),(116,25423411,'14/15','A','SB'),(116,27921947,'16/17','B',NULL),(116,28708690,'16/17','B',NULL),(116,34404881,'16/17','B',NULL),(116,34452709,'16/17','A',NULL),(116,34567567,'14/15','A','NT'),(116,38260925,'16/17','B',NULL),(116,40236024,'16/17','A',NULL),(116,43234222,'14/15','A','SP'),(116,45345311,'14/15','A','SP'),(116,45634322,'15/16','A',NULL),(116,45645221,'14/15','A','SP'),(116,46563277,'15/16','A',NULL),(116,54634521,'14/15','A','SP'),(116,58144507,'16/17','B',NULL),(116,61306528,'16/17','A',NULL),(116,65565643,'13/14','B','SP'),(116,65565643,'14/15','B','AP'),(116,66377991,'16/17','A',NULL),(116,67856744,'13/14','B','SP'),(116,67856744,'14/15','B','AP'),(116,67867888,'15/16','A',NULL),(116,69579606,'16/17','A',NULL),(116,73143332,'14/15','A','AP'),(116,75674321,'14/15','A','AP'),(116,86734723,'14/15','B','SP'),(116,86785432,'14/15','A','SP'),(122,23423332,'14/15','B','AP'),(122,25744665,'14/15','B','SB'),(122,34558955,'14/15','B','SB'),(122,45634322,'14/15','B','SB'),(122,45645644,'14/15','B','AP'),(122,45645666,'14/15','B','SB'),(122,56756777,'14/15','B','AP'),(122,86734723,'14/15','B','SB'),(123,23423332,'14/15','B','AP'),(123,25744665,'14/15','B','SB'),(123,34558955,'14/15','B','SB'),(123,45634322,'14/15','B','SB'),(123,45645644,'14/15','B','AP'),(123,45645666,'14/15','B','SB'),(123,56756777,'14/15','B','AP'),(123,86734723,'14/15','B','SB'),(133,23423332,'14/15','B','NT'),(133,25744665,'14/15','B','AP'),(133,34558955,'14/15','B','AP'),(133,45634322,'14/15','B','AP'),(133,45645644,'14/15','B','NT'),(133,45645666,'14/15','B','AP'),(133,56756777,'14/15','B','NT'),(133,86734723,'14/15','B','NT'),(134,23423332,'14/15','B','NT'),(134,25744665,'14/15','B','AP'),(134,34558955,'14/15','B','AP'),(134,45634322,'14/15','B','AP'),(134,45645644,'14/15','B','NT'),(134,45645666,'14/15','B','AP'),(134,56756777,'14/15','B','NT'),(134,86734723,'14/15','B','NT'),(144,12312342,'14/15','B','SP'),(144,23423332,'14/15','B','SB'),(144,25423411,'15/16','B',NULL),(144,25744665,'14/15','B','NT'),(144,25756456,'14/15','B','SP'),(144,34234244,'14/15','B','SP'),(144,34234444,'14/15','B','SP'),(144,34545346,'14/15','B','SP'),(144,34558955,'14/15','B','NT'),(144,34567567,'14/15','B','SP'),(144,43234222,'14/15','B','SP'),(144,45345311,'14/15','B','SP'),(144,45634322,'14/15','B','NT'),(144,45645221,'14/15','B','SP'),(144,45645644,'14/15','B','SB'),(144,45645666,'14/15','B','NT'),(144,46563277,'14/15','B','SP'),(144,54354355,'14/15','B','SP'),(144,54634521,'14/15','B','SP'),(144,67867433,'14/15','B','SP'),(144,75674321,'14/15','B','SP'),(144,78678644,'14/15','B','SP'),(144,86734723,'14/15','B','MH'),(144,86785432,'14/15','B','SP'),(144,97896753,'14/15','B','SP'),(200,4837297,'15/16','A','SP'),(200,5404953,'15/16','A','SP'),(200,7048189,'15/16','A','AP'),(200,7109544,'15/16','A','SB'),(200,7238181,'15/16','A','AP'),(200,7779744,'15/16','A','AP'),(200,11087825,'15/16','A','SB'),(200,11569523,'15/16','A','AP'),(200,12312342,'15/16','A',NULL),(200,13504134,'15/16','A','AP'),(200,14156094,'15/16','A','SP'),(200,15940923,'15/16','A','MH'),(200,16891547,'15/16','A','AP'),(200,17647730,'15/16','A','SB'),(200,20058694,'15/16','A','MH'),(200,23423332,'15/16','A',NULL),(200,23423424,'15/16','A',NULL),(200,23456456,'15/16','A',NULL),(200,25423411,'15/16','A',NULL),(200,25744665,'15/16','A',NULL),(200,25748955,'15/16','A',NULL),(200,25756456,'15/16','A',NULL),(200,26651441,'15/16','A','SP'),(200,27921947,'15/16','A','AP'),(200,28708690,'15/16','A','NT'),(200,30201890,'15/16','A','NT'),(200,30515508,'15/16','A','NT'),(200,31403229,'15/16','A','SP'),(200,33028858,'15/16','A','AP'),(200,33916883,'15/16','A','SP'),(200,34234244,'15/16','A',NULL),(200,34234444,'15/16','A',NULL),(200,34404881,'15/16','A','MH'),(200,34452709,'15/16','A','MH'),(200,34545346,'15/16','A',NULL),(200,34558955,'15/16','A',NULL),(200,34567567,'15/16','A',NULL),(200,38260925,'15/16','A','AP'),(200,40236024,'15/16','A','SP'),(200,40302286,'15/16','A','NT'),(200,41720934,'15/16','A','NT'),(200,41754135,'15/16','A','NT'),(200,43234222,'15/16','A',NULL),(200,44743361,'15/16','A','MH'),(200,45345311,'15/16','A',NULL),(200,45634322,'15/16','A',NULL),(200,45645221,'15/16','A',NULL),(200,45645644,'15/16','A',NULL),(200,45645666,'15/16','A',NULL),(200,46563277,'15/16','A',NULL),(200,47345210,'15/16','A','SB'),(200,47376089,'15/16','A','AP'),(200,48562250,'15/16','A','SP'),(200,50178805,'15/16','A','AP'),(200,54354355,'15/16','A',NULL),(200,54634521,'15/16','A',NULL),(200,56756777,'15/16','A',NULL),(200,58144507,'15/16','A','NT'),(200,58494625,'15/16','A','AP'),(200,58785055,'15/16','A','NT'),(200,59632524,'15/16','A','SB'),(200,59676990,'15/16','A','AP'),(200,61306528,'15/16','A','AP'),(200,62512427,'15/16','A','AP'),(200,63073113,'15/16','A','SB'),(200,64967021,'15/16','A','NT'),(200,65565643,'15/16','A',NULL),(200,66348989,'15/16','A','AP'),(200,66377991,'15/16','A','AP'),(200,67856744,'15/16','A',NULL),(200,67867433,'15/16','A',NULL),(200,67867888,'15/16','A',NULL),(200,68597223,'15/16','A','MH'),(200,69126079,'15/16','A','SP'),(200,69579606,'15/16','A','AP'),(200,72242643,'15/16','A','NT'),(200,73143332,'15/16','A',NULL),(200,73635423,'15/16','A',NULL),(200,75182393,'15/16','A','SP'),(200,75674321,'15/16','A',NULL),(200,78678644,'15/16','A',NULL),(200,86734723,'15/16','A',NULL),(200,86785432,'15/16','A',NULL),(200,87675655,'15/16','A',NULL),(200,87906454,'15/16','A',NULL),(200,97800676,'15/16','A',NULL),(200,97896753,'15/16','A',NULL),(201,86734723,'14/15','A','AP');
/*!40000 ALTER TABLE `matricular` ENABLE KEYS */;
UNLOCK TABLES;

--
-- Table structure for table `municipio`
--

DROP TABLE IF EXISTS `municipio`;
/*!40101 SET @saved_cs_client     = @@character_set_client */;
 SET character_set_client = utf8mb4 ;
CREATE TABLE `municipio` (
  `CMUN` int(5) NOT NULL,
  `CPRO` int(2) NOT NULL,
  `NOMBRE` varchar(50) NOT NULL,
  `HOMBRES` int(11) DEFAULT NULL,
  `MUJERES` int(11) DEFAULT NULL,
  PRIMARY KEY (`CMUN`,`CPRO`),
  KEY `FK_PROVIN_COD_idx` (`CPRO`),
  CONSTRAINT `FK_PROVIN_COD` FOREIGN KEY (`CPRO`) REFERENCES `provincia` (`codigo`)
) ENGINE=InnoDB DEFAULT CHARSET=utf8;
/*!40101 SET character_set_client = @saved_cs_client */;

--
-- Dumping data for table `municipio`
--

LOCK TABLES `municipio` WRITE;
/*!40000 ALTER TABLE `municipio` DISABLE KEYS */;
INSERT INTO `municipio` VALUES (1,1,'Alegría-Dulantzi',1491,1391),(1,2,'Abengibre',386,396),(1,3,'Adsubia',324,308),(1,4,'Abla',689,653),(1,5,'Adanero',127,104),(1,6,'Acedera',419,397),(1,7,'Alaró',2592,2683),(1,8,'Abrera',6118,5953),(1,9,'Abajas',18,11),(1,10,'Abadía',188,148),(1,11,'Alcalá de los Gazules',2734,2592),(1,12,'Atzeneta del Maestrat',671,636),(1,13,'Abenójar',760,711),(1,14,'Adamuz',2214,2103),(1,15,'Abegondo',2773,2813),(1,16,'Abia de la Obispalía',49,28),(1,17,'Agullana',418,410),(1,18,'Agrón',157,153),(1,19,'Abánades',37,26),(1,20,'Abaltzisketa',182,147),(1,21,'Alájar',413,400),(1,22,'Abiego',136,117),(1,23,'Albanchez de Mágina',613,573),(1,24,'Acebedo',132,93),(1,25,'Abella de la Conca',93,77),(1,26,'Ábalos',150,102),(1,27,'Abadín',1280,1332),(1,28,'Acebeda, La',36,29),(1,29,'Alameda',2731,2672),(1,30,'Abanilla',3209,3138),(1,31,'Abáigar',49,48),(1,32,'Allariz',3001,3048),(1,33,'Allande',915,911),(1,34,'Abarca de Campos',26,17),(1,35,'Agaete',2813,2805),(1,36,'Arbo',1440,1406),(1,37,'Abusejo',112,101),(1,38,'Adeje',23024,22381),(1,39,'Alfoz de Lloredo',1269,1216),(1,40,'Abades',433,430),(1,41,'Aguadulce',1043,1071),(1,42,'Abejar',185,151),(1,43,'Aiguamúrcia',486,426),(1,44,'Ababuj',45,28),(1,45,'Ajofrín',1165,1149),(1,46,'Ademuz',609,540),(1,47,'Adalia',36,23),(1,48,'Abadiño',3745,3771),(1,50,'Abanto',62,51),(1,51,'Ceuta',42757,41506),(1,52,'Melilla',43593,41991),(2,1,'Amurrio',5099,5164),(2,2,'Alatoz',340,270),(2,3,'Agost',2378,2329),(2,4,'Abrucena',656,623),(2,5,'Adrada, La',1383,1257),(2,6,'Aceuchal',2715,2756),(2,7,'Alaior',4490,4507),(2,8,'Aguilar de Segarra',131,115),(2,10,'Abertura',214,215),(2,11,'Alcalá del Valle',2620,2604),(2,12,'Aín',71,60),(2,13,'Agudo',891,859),(2,14,'Aguilar de la Frontera',6832,6719),(2,15,'Ames',14608,15659),(2,16,'Acebrón, El',121,120),(2,17,'Aiguaviva',391,384),(2,18,'Alamedilla',331,306),(2,19,'Ablanque',41,33),(2,20,'Aduna',255,215),(2,21,'Aljaraque',10150,10207),(2,22,'Abizanda',73,69),(2,23,'Alcalá la Real',10824,11212),(2,24,'Algadefe',144,140),(2,25,'Àger',325,288),(2,26,'Agoncillo',634,489),(2,27,'Alfoz',894,952),(2,28,'Ajalvir',2276,2067),(2,29,'Alcaucín',1193,1182),(2,30,'Abarán',6630,6549),(2,31,'Abárzuza/Abartzuza',276,280),(2,32,'Amoeiro',1104,1141),(2,33,'Aller',5693,5862),(2,35,'Agüimes',15351,14943),(2,36,'Barro',1844,1882),(2,37,'Agallas',79,78),(2,38,'Agulo',555,526),(2,39,'Ampuero',2141,2043),(2,40,'Adrada de Pirón',19,22),(2,41,'Alanís',912,908),(2,43,'Albinyana',1171,1149),(2,44,'Abejuela',34,20),(2,45,'Alameda de la Sagra',1817,1661),(2,46,'Ador',714,660),(2,47,'Aguasal',19,7),(2,48,'Abanto y Ciérvana-Abanto Zierbena',4754,4881),(2,49,'Abezames',34,32),(2,50,'Acered',128,89),(3,1,'Aramaio',797,721),(3,2,'Albacete',84233,87888),(3,3,'Agres',307,267),(3,4,'Adra',12453,12217),(3,6,'Ahillones',480,480),(3,7,'Alcúdia',10045,9718),(3,8,'Alella',4726,4934),(3,9,'Adrada de Haza',117,104),(3,10,'Acebo',290,279),(3,11,'Algar',750,698),(3,12,'Albocàsser',662,672),(3,13,'Alamillo',275,256),(3,14,'Alcaracejos',731,792),(3,15,'Aranga',1006,991),(3,16,'Alarcón',66,82),(3,17,'Albanyà',85,64),(3,18,'Albolote',9210,9254),(3,19,'Adobes',23,20),(3,20,'Aizarnazabal',391,384),(3,21,'Almendro, El',436,393),(3,22,'Adahuesca',87,86),(3,23,'Alcaudete',5300,5479),(3,24,'Alija del Infantado',363,352),(3,25,'Agramunt',2775,2716),(3,26,'Aguilar del Río Alhama',252,257),(3,27,'Antas de Ulla',1041,1068),(3,28,'Alameda del Valle',126,91),(3,29,'Alfarnate',590,569),(3,30,'Águilas',17376,17396),(3,31,'Abaurregaina/Abaurrea Alta',79,48),(3,32,'Arnoia, A',508,532),(3,33,'Amieva',388,339),(3,34,'Abia de las Torres',101,83),(3,35,'Antigua',5875,5149),(3,36,'Baiona',5982,6090),(3,37,'Ahigal de los Aceiteros',72,64),(3,38,'Alajeró',1072,953),(3,39,'Anievas',165,161),(3,40,'Adrados',83,72),(3,41,'Albaida del Aljarafe',1554,1556),(3,42,'Adradas',28,23),(3,43,'Albiol, L\'',228,220),(3,44,'Aguatón',7,12),(3,45,'Albarreal de Tajo',372,341),(3,46,'Atzeneta d\'Albaida',597,563),(3,47,'Aguilar de Campos',159,125),(3,48,'Amorebieta-Etxano',9215,9521),(3,49,'Alcañices',555,553),(3,50,'Agón',85,70),(4,1,'Artziniega',908,921),(4,2,'Albatana',380,364),(4,3,'Aigües',501,436),(4,4,'Albánchez',404,401),(4,6,'Alange',965,949),(4,7,'Algaida',2765,2645),(4,8,'Alpens',156,134),(4,10,'Acehúche',402,420),(4,11,'Algeciras',58776,60144),(4,12,'Alcalà de Xivert',3687,3568),(4,13,'Albaladejo',681,642),(4,14,'Almedinilla',1230,1225),(4,15,'Ares',2839,2904),(4,16,'Albaladejo del Cuende',150,142),(4,17,'Albons',382,363),(4,18,'Albondón',437,345),(4,19,'Alaminos',34,39),(4,20,'Albiztur',167,153),(4,21,'Almonaster la Real',978,883),(4,22,'Agüero',85,60),(4,23,'Aldeaquemada',280,251),(4,24,'Almanza',349,247),(4,25,'Alamús, Els',404,374),(4,26,'Ajamil de Cameros',47,24),(4,27,'Baleira',729,651),(4,28,'Álamo, El',4451,4514),(4,29,'Alfarnatejo',237,226),(4,30,'Albudeite',689,685),(4,31,'Abaurrepea/Abaurrea Baja',22,13),(4,32,'Avión',900,1062),(4,33,'Avilés',38314,42566),(4,34,'Aguilar de Campoo',3421,3612),(4,35,'Arrecife',28539,28401),(4,36,'Bueu',6031,6220),(4,37,'Ahigal de Villarino',23,18),(4,38,'Arafo',2726,2773),(4,39,'Arenas de Iguña',904,848),(4,40,'Aguilafuente',310,329),(4,41,'Alcalá de Guadaíra',37222,37623),(4,42,'Ágreda',1549,1504),(4,43,'Alcanar',4863,4740),(4,44,'Aguaviva',289,297),(4,45,'Alcabón',386,334),(4,46,'Agullent',1184,1218),(4,47,'Alaejos',753,665),(4,48,'Amoroto',212,198),(4,49,'Alcubilla de Nogales',74,61),(4,50,'Aguarón',379,345),(5,2,'Alborea',394,360),(5,3,'Albatera',5993,5787),(5,4,'Alboloduy',314,339),(5,5,'Albornos',108,97),(5,6,'Albuera, La',1053,993),(5,7,'Andratx',5532,5561),(5,8,'Ametlla del Vallès, L\'',4178,4125),(5,10,'Aceituna',323,300),(5,11,'Algodonales',2876,2773),(5,12,'Alcora, l\'',5372,5219),(5,13,'Alcázar de San Juan',15234,16035),(5,14,'Almodóvar del Río',3988,3973),(5,15,'Arteixo',15471,15479),(5,16,'Albalate de las Nogueras',146,126),(5,17,'Far d\'Empordà, El',279,273),(5,18,'Albuñán',218,202),(5,19,'Alarilla',59,31),(5,20,'Alegia',889,852),(5,21,'Almonte',11648,11606),(5,23,'Andújar',18832,19414),(5,24,'Antigua, La',239,179),(5,25,'Alàs i Cerc',182,174),(5,26,'Albelda de Iregua',1686,1598),(5,27,'Barreiros',1442,1579),(5,28,'Alcalá de Henares',97913,100837),(5,29,'Algarrobo',3035,2978),(5,30,'Alcantarilla',20239,20782),(5,31,'Aberin',204,172),(5,32,'Baltar',533,469),(5,33,'Belmonte de Miranda',846,795),(5,34,'Alar del Rey',484,503),(5,35,'Artenara',641,536),(5,36,'Caldas de Reis',4742,5092),(5,37,'Alameda de Gardón, La',47,42),(5,38,'Arico',3825,3502),(5,39,'Argoños',908,836),(5,40,'Alconada de Maderuelo',23,14),(5,41,'Alcalá del Río',5967,5778),(5,43,'Alcover',2535,2538),(5,44,'Aguilar del Alfambra',41,25),(5,45,'Alcañizo',148,144),(5,46,'Alaquàs',14654,15184),(5,47,'Alcazarén',373,320),(5,48,'Arakaldo',78,79),(5,49,'Alfaraz de Sayago',85,64),(5,50,'Aguilón',137,117),(6,1,'Armiñón',123,121),(6,2,'Alcadozo',372,327),(6,3,'Alcalalí',661,650),(6,4,'Albox',5828,5601),(6,6,'Alburquerque',2781,2705),(6,7,'Artà',3693,3688),(6,8,'Arenys de Mar',7491,7798),(6,9,'Aguas Cándidas',35,23),(6,10,'Ahigal',742,679),(6,11,'Arcos de la Frontera',15624,15569),(6,12,'Alcudia de Veo',113,96),(6,13,'Alcoba',320,317),(6,14,'Añora',768,795),(6,15,'Arzúa',3084,3135),(6,16,'Albendea',64,70),(6,17,'Alp',835,760),(6,18,'Albuñol',3677,3271),(6,19,'Albalate de Zorita',550,447),(6,20,'Alkiza',187,175),(6,21,'Alosno',1966,2072),(6,22,'Aisa',194,164),(6,23,'Arjona',2825,2867),(6,24,'Ardón',314,282),(6,25,'Albagés, L\'',222,197),(6,26,'Alberite',1237,1219),(6,27,'Becerreá',1494,1493),(6,28,'Alcobendas',54547,58508),(6,29,'Algatocín',432,402),(6,30,'Aledo',491,493),(6,31,'Ablitas',1288,1232),(6,32,'Bande',841,894),(6,33,'Bimenes',840,928),(6,34,'Alba de Cerrato',46,38),(6,35,'Arucas',18448,18606),(6,36,'Cambados',6744,7151),(6,37,'Alamedilla, La',74,72),(6,38,'Arona',40919,39009),(6,39,'Arnuero',1073,1052),(6,40,'Aldealcorvo',13,7),(6,41,'Alcolea del Río',1712,1702),(6,42,'Alconaba',125,70),(6,43,'Aldover',459,459),(6,44,'Alacón',151,142),(6,45,'Alcaudete de la Jara',956,941),(6,46,'Albaida',2957,3030),(6,47,'Aldea de San Miguel',117,110),(6,48,'Arantzazu',188,194),(6,49,'Algodre',94,73),(6,50,'Ainzón',583,560),(7,2,'Alcalá del Júcar',667,583),(7,3,'Alcocer de Planes',111,105),(7,4,'Alcolea',423,389),(7,5,'Aldeanueva de Santa Cruz',67,56),(7,6,'Alconchel',894,896),(7,7,'Banyalbufar',306,242),(7,8,'Arenys de Munt',4408,4328),(7,9,'Aguilar de Bureba',39,29),(7,10,'Albalá',366,364),(7,11,'Barbate',11435,11373),(7,12,'Alfondeguilla',456,445),(7,13,'Alcolea de Calatrava',746,729),(7,14,'Baena',10143,9659),(7,15,'Baña, A',1769,1929),(7,16,'Alberca de Záncara, La',881,842),(7,17,'Amer',1095,1155),(7,18,'Albuñuelas',451,442),(7,19,'Albares',314,275),(7,20,'Altzo',208,197),(7,21,'Aracena',3935,4037),(7,22,'Albalate de Cinca',609,542),(7,23,'Arjonilla',1867,1862),(7,24,'Arganza',417,405),(7,25,'Albatàrrec',1156,1058),(7,26,'Alcanadre',377,333),(7,27,'Begonte',1580,1580),(7,28,'Alcorcón',81069,86067),(7,29,'Alhaurín de la Torre',19162,19361),(7,30,'Alguazas',4956,4588),(7,31,'Adiós',91,79),(7,32,'Baños de Molgas',821,837),(7,33,'Boal',834,835),(7,35,'Betancuria',364,349),(7,36,'Campo Lameiro',922,1009),(7,37,'Alaraz',259,243),(7,38,'Barlovento',960,950),(7,39,'Arredondo',285,213),(7,40,'Aldealengua de Pedraza',51,32),(7,41,'Algaba, La',8056,8223),(7,42,'Alcubilla de Avellaneda',65,65),(7,43,'Aleixar, L\'',448,437),(7,44,'Alba',114,96),(7,45,'Alcolea de Tajo',419,411),(7,46,'Albal',8006,8023),(7,47,'Aldeamayor de San Martín',2554,2414),(7,48,'Munitibar-Arbatzegi Gerrikaitz',247,214),(7,49,'Almaraz de Duero',195,203),(7,50,'Aladrén',34,18),(8,1,'Arratzua-Ubarrundia',542,455),(8,2,'Alcaraz',774,755),(8,3,'Alcoleja',96,88),(8,4,'Alcóntar',314,256),(8,5,'Aldeaseca',128,134),(8,6,'Alconera',367,380),(8,7,'Binissalem',3878,3972),(8,8,'Argençola',118,105),(8,10,'Alcántara',782,789),(8,11,'Barrios, Los',11614,11553),(8,12,'Algimia de Almonacid',161,120),(8,13,'Alcubillas',264,254),(8,14,'Belalcázar',1647,1790),(8,15,'Bergondo',3249,3451),(8,16,'Alcalá de la Vega',57,48),(8,17,'Anglès',2748,2792),(8,19,'Albendiego',28,15),(8,20,'Amezketa',510,432),(8,21,'Aroche',1599,1584),(8,22,'Albalatillo',114,91),(8,23,'Arquillos',929,943),(8,24,'Astorga',5414,5973),(8,25,'Albesa',874,750),(8,26,'Aldeanueva de Ebro',1444,1335),(8,27,'Bóveda',777,768),(8,28,'Aldea del Fresno',1352,1183),(8,29,'Alhaurín el Grande',12167,12171),(8,30,'Alhama de Murcia',10822,10529),(8,31,'Aguilar de Codés',44,39),(8,32,'Barbadás',5109,5354),(8,33,'Cabrales',1064,1030),(8,35,'Firgas',3782,3704),(8,36,'Cangas',13081,13439),(8,37,'Alba de Tormes',2630,2679),(8,38,'Breña Alta',3542,3628),(8,39,'Astillero, El',8954,9343),(8,40,'Aldealengua de Santa María',34,36),(8,41,'Algámitas',675,616),(8,42,'Alcubilla de las Peñas',35,23),(8,43,'Alfara de Carles',202,176),(8,44,'Albalate del Arzobispo',1017,984),(8,45,'Aldea en Cabo',95,89),(8,46,'Albalat de la Ribera',1761,1706),(8,47,'Almenara de Adaja',13,18),(8,48,'Artzentales',387,343),(8,49,'Almeida de Sayago',272,228),(8,50,'Alagón',3497,3517),(9,1,'Asparrena',834,813),(9,2,'Almansa',12359,12478),(9,3,'Alcoy/Alcoi',29007,30560),(9,4,'Alcudia de Monteagud',83,85),(9,6,'Aljucén',137,103),(9,7,'Búger',531,491),(9,8,'Argentona',5899,6079),(9,9,'Albillos',118,103),(9,10,'Alcollarín',123,133),(9,11,'Benaocaz',383,337),(9,12,'Almazora/Almassora',12785,12703),(9,13,'Aldea del Rey',937,886),(9,14,'Belmez',1516,1603),(9,15,'Betanzos',6305,6897),(9,16,'Alcantud',39,33),(9,17,'Arbúcies',3259,3038),(9,19,'Alcocer',188,172),(9,20,'Andoain',7263,7405),(9,21,'Arroyomolinos de León',525,493),(9,22,'Albelda',391,359),(9,23,'Baeza',8012,8151),(9,24,'Balboa',173,148),(9,25,'Albi, L\'',426,393),(9,26,'Alesanco',268,237),(9,27,'Carballedo',1177,1174),(9,28,'Algete',9946,10202),(9,29,'Almáchar',962,905),(9,30,'Archena',9630,8929),(9,31,'Aibar/Oibar',449,383),(9,32,'Barco de Valdeorras, O',6712,7073),(9,33,'Cabranes',543,513),(9,34,'Amayuelas de Arriba',26,14),(9,35,'Gáldar',12165,12070),(9,36,'Cañiza, A',2551,2679),(9,37,'Alba de Yeltes',125,115),(9,38,'Breña Baja',2687,2675),(9,39,'Bárcena de Cicero',2151,1976),(9,40,'Aldeanueva de la Serrezuela',38,17),(9,41,'Almadén de la Plata',762,718),(9,42,'Aldealafuente',53,40),(9,43,'Alforja',956,927),(9,44,'Albarracín',545,504),(9,45,'Aldeanueva de Barbarroya',305,307),(9,46,'Albalat dels Sorells',1878,2018),(9,47,'Amusquillo',69,40),(9,48,'Arrankudiaga',478,495),(9,49,'Andavías',230,218),(9,50,'Alarba',90,62),(10,1,'Ayala/Aiara',1477,1450),(10,2,'Alpera',1196,1130),(10,3,'Alfafara',198,208),(10,4,'Alhabia',359,341),(10,5,'Aldehuela, La',91,82),(10,6,'Almendral',632,664),(10,7,'Bunyola',3300,3406),(10,8,'Artés',2861,2804),(10,9,'Alcocero de Mola',24,9),(10,10,'Alcuéscar',1425,1334),(10,11,'Bornos',3956,3978),(10,12,'Almedíjar',142,133),(10,13,'Alhambra',529,513),(10,14,'Benamejí',2515,2545),(10,15,'Boimorto',1089,1036),(10,16,'Alcázar del Rey',82,90),(10,17,'Argelaguer',221,191),(10,18,'Aldeire',334,297),(10,19,'Alcolea de las Peñas',8,5),(10,20,'Anoeta',1015,944),(10,21,'Ayamonte',10173,10184),(10,23,'Bailén',9087,9156),(10,24,'Bañeza, La',5045,5398),(10,25,'Alcanó',123,123),(10,26,'Alesón',74,50),(10,27,'Castro de Rei',2521,2632),(10,28,'Alpedrete',7048,7200),(10,29,'Almargen',1070,1011),(10,30,'Beniel',5670,5426),(10,31,'Altsasu/Alsasua',3785,3705),(10,32,'Beade',240,211),(10,33,'Candamo',1014,1041),(10,34,'Ampudia',333,307),(10,35,'Haría',2446,2309),(10,36,'Catoira',1651,1717),(10,37,'Alberca, La',557,564),(10,38,'Buenavista del Norte',2472,2387),(10,39,'Bárcena de Pie de Concha',359,369),(10,40,'Aldeanueva del Codonal',73,61),(10,41,'Almensilla',2937,2924),(10,42,'Aldealices',15,10),(10,43,'Alió',202,217),(10,44,'Albentosa',138,132),(10,45,'Aldeanueva de San Bartolomé',243,232),(10,46,'Albalat dels Tarongers',628,550),(10,47,'Arroyo de la Encomienda',9342,9149),(10,48,'Arrieta',294,278),(10,49,'Arcenillas',210,205),(10,50,'Alberite de San Juan',51,33),(11,1,'Baños de Ebro/Mañueta',169,142),(11,2,'Ayna',385,332),(11,3,'Alfàs del Pi, l\'',10781,10919),(11,4,'Alhama de Almería',1897,1866),(11,6,'Almendralejo',17095,17170),(11,7,'Calvià',25153,25175),(11,8,'Avià',1102,1123),(11,9,'Alfoz de Bricia',47,27),(11,10,'Aldeacentenera',331,315),(11,11,'Bosque, El',1046,1021),(11,12,'Almenara',2994,3037),(11,13,'Almadén',2778,3016),(11,14,'Blázquez, Los',367,336),(11,15,'Boiro',9248,9702),(11,16,'Alcohujate',18,14),(11,17,'Armentera, L\'',451,456),(11,18,'Alfacar',2763,2682),(11,19,'Alcolea del Pinar',190,153),(11,20,'Antzuola',1106,1087),(11,21,'Beas',2181,2123),(11,22,'Albero Alto',75,49),(11,23,'Baños de la Encina',1364,1308),(11,24,'Barjas',108,93),(11,25,'Alcarràs',4863,4509),(11,26,'Alfaro',4828,4740),(11,27,'Castroverde',1444,1358),(11,28,'Ambite',315,303),(11,29,'Almogía',1968,1858),(11,30,'Blanca',3320,3201),(11,31,'Allín/Allin',455,393),(11,32,'Beariz',450,566),(11,33,'Cangas del Narcea',6677,6774),(11,34,'Amusco',238,202),(11,35,'Ingenio',15365,14893),(11,36,'Cerdedo',854,974),(11,37,'Alberguería de Argañán, La',69,69),(11,38,'Candelaria',12882,13608),(11,39,'Bareyo',1012,999),(11,41,'Arahal',9683,9867),(11,42,'Aldealpozo',10,10),(11,43,'Almoster',702,708),(11,44,'Alcaine',46,28),(11,45,'Almendral de la Cañada',180,159),(11,46,'Alberic',5269,5229),(11,47,'Ataquines',324,272),(11,48,'Arrigorriaga',6008,6331),(11,49,'Arcos de la Polvorosa',127,115),(11,50,'Albeta',70,75),(12,2,'Balazote',1228,1150),(12,3,'Algorfa',1852,1841),(12,4,'Alicún',113,107),(12,5,'Amavida',73,74),(12,6,'Arroyo de San Serván',2115,2060),(12,7,'Campanet',1245,1279),(12,8,'Avinyó',1112,1136),(12,9,'Alfoz de Santa Gadea',61,44),(12,10,'Aldea del Cano',316,351),(12,11,'Cádiz',57001,63467),(12,12,'Altura',1879,1768),(12,13,'Almadenejos',233,223),(12,14,'Bujalance',3839,3854),(12,15,'Boqueixón',2136,2185),(12,16,'Alconchel de la Estrella',63,48),(12,17,'Avinyonet de Puigventós',795,770),(12,18,'Algarinejo',1445,1368),(12,20,'Arama',107,103),(12,21,'Berrocal',165,180),(12,22,'Albero Bajo',74,64),(12,23,'Beas de Segura',2820,2619),(12,24,'Barrios de Luna, Los',185,146),(12,25,'Alcoletge',1716,1569),(12,26,'Almarza de Cameros',14,8),(12,27,'Cervantes',845,642),(12,28,'Anchuelo',625,575),(12,29,'Álora',6540,6463),(12,30,'Bullas',5922,5831),(12,31,'Allo',511,501),(12,32,'Blancos, Os',485,393),(12,33,'Cangas de Onís',3168,3330),(12,34,'Antigüedad',209,182),(12,35,'Mogán',11557,10720),(12,36,'Cotobade',2099,2233),(12,37,'Alconada',85,75),(12,38,'Fasnia',1465,1355),(12,39,'Cabezón de la Sal',4047,4306),(12,40,'Aldea Real',177,155),(12,41,'Aznalcázar',2267,2202),(12,42,'Aldealseñor',22,19),(12,43,'Altafulla',2482,2570),(12,44,'Alcalá de la Selva',220,179),(12,45,'Almonacid de Toledo',427,438),(12,46,'Alborache',597,539),(12,47,'Bahabón',63,68),(12,48,'Bakio',1319,1270),(12,49,'Argañín',40,42),(12,50,'Alborge',62,59),(13,1,'Barrundia',500,405),(13,2,'Balsa de Ves',102,70),(13,3,'Algueña',706,707),(13,4,'Almería',94475,99728),(13,5,'Arenal, El',506,505),(13,6,'Atalaya',154,148),(13,7,'Campos',4943,4949),(13,8,'Avinyonet del Penedès',863,789),(13,9,'Altable',28,23),(13,10,'Aldea del Obispo, La',174,157),(13,11,'Castellar de la Frontera',1527,1518),(13,12,'Arañuel',91,80),(13,13,'Almagro',4472,4602),(13,14,'Cabra',10196,10641),(13,15,'Brión',3646,3918),(13,16,'Algarra',21,11),(13,17,'Begur',2019,1966),(13,18,'Alhama de Granada',3289,2837),(13,19,'Alcoroches',83,58),(13,20,'Aretxabaleta',3531,3443),(13,21,'Bollullos Par del Condado',7142,7182),(13,22,'Alberuela de Tubo',165,149),(13,25,'Alfarràs',1558,1418),(13,26,'Anguciana',247,206),(13,27,'Cervo',2134,2202),(13,28,'Aranjuez',28340,29828),(13,29,'Alozaina',1051,1031),(13,30,'Calasparra',5279,5144),(13,31,'Améscoa Baja',410,364),(13,32,'Boborás',1168,1342),(13,33,'Caravia',254,247),(13,35,'Moya',3988,3857),(13,36,'Covelo',1293,1324),(13,37,'Aldeacipreste',69,57),(13,38,'Frontera',1990,1936),(13,39,'Cabezón de Liébana',363,259),(13,40,'Aldeasoña',36,25),(13,41,'Aznalcóllar',3161,3007),(13,42,'Aldehuela de Periáñez',21,20),(13,43,'Ametlla de Mar, L\'',3617,3566),(13,44,'Alcañiz',8105,8125),(13,45,'Almorox',1186,1062),(13,46,'Alboraya',11684,12135),(13,47,'Barcial de la Loma',58,52),(13,48,'Barakaldo',48446,51782),(13,49,'Argujillo',142,141),(13,50,'Alcalá de Ebro',132,147),(14,1,'Berantevilla',237,230),(14,2,'Ballestero, El',226,216),(14,3,'Alicante/Alacant',159401,169247),(14,4,'Almócita',85,88),(14,5,'Arenas de San Pedro',3239,3432),(14,6,'Azuaga',3978,4053),(14,7,'Capdepera',5781,5639),(14,8,'Aiguafreda',1175,1290),(14,9,'Altos, Los',112,78),(14,10,'Aldeanueva de la Vera',1051,1104),(14,11,'Conil de la Frontera',11183,10953),(14,12,'Ares del Maestrat',116,92),(14,13,'Almedina',294,278),(14,14,'Cañete de las Torres',1540,1470),(14,15,'Cabana de Bergantiños',2228,2324),(14,16,'Aliaguilla',364,334),(14,17,'Vajol, La',50,38),(14,18,'Alhendín',4333,4170),(14,20,'Asteasu',806,719),(14,21,'Bonares',3032,3058),(14,22,'Alcalá de Gurrea',142,131),(14,23,'Begíjar',1575,1558),(14,24,'Bembibre',4718,4850),(14,25,'Alfés',164,162),(14,26,'Anguiano',303,234),(14,27,'Corgo, O',1853,1793),(14,28,'Arganda del Rey',27575,26958),(14,29,'Alpandeire',132,125),(14,30,'Campos del Río',996,1087),(14,31,'Ancín/Antzin',210,166),(14,32,'Bola, A',637,702),(14,33,'Carreño',5163,5541),(14,35,'Oliva, La',13367,11832),(14,36,'Crecente',1077,1175),(14,37,'Aldeadávila de la Ribera',646,618),(14,38,'Fuencaliente de la Palma',881,849),(14,39,'Cabuérniga',541,457),(14,40,'Aldehorno',32,25),(14,41,'Badolatosa',1625,1522),(14,42,'Aldehuelas, Las',36,32),(14,43,'Amposta',10564,10388),(14,44,'Alcorisa',1714,1660),(14,45,'Añover de Tajo',2662,2529),(14,46,'Albuixech',1943,1985),(14,47,'Barruelo del Valle',40,27),(14,48,'Barrika',758,781),(14,49,'Arquillinos',58,56),(14,50,'Alcalá de Moncayo',107,79),(15,2,'Barrax',979,936),(15,3,'Almoradí',10098,9857),(15,4,'Alsodux',75,63),(15,5,'Arevalillo',46,46),(15,6,'Badajoz',72774,77118),(15,7,'Ciutadella de Menorca',14488,14610),(15,8,'Badalona',106424,109230),(15,10,'Aldeanueva del Camino',383,408),(15,11,'Chiclana de la Frontera',41691,41086),(15,12,'Argelita',57,46),(15,13,'Almodóvar del Campo',3265,3212),(15,14,'Carcabuey',1323,1272),(15,15,'Cabanas',1611,1688),(15,16,'Almarcha, La',230,185),(15,17,'Banyoles',9652,9647),(15,18,'Alicún de Ortega',273,250),(15,19,'Aldeanueva de Guadalajara',43,36),(15,20,'Ataun',874,800),(15,21,'Cabezas Rubias',387,357),(15,22,'Alcalá del Obispo',187,155),(15,23,'Bélmez de la Moraleda',836,857),(15,24,'Benavides',1293,1323),(15,25,'Algerri',229,193),(15,26,'Arenzana de Abajo',121,111),(15,27,'Cospeito',2344,2483),(15,28,'Arroyomolinos',13525,13321),(15,29,'Antequera',20224,20917),(15,30,'Caravaca de la Cruz',12937,12914),(15,31,'Andosilla',1402,1351),(15,32,'Bolo, O',501,487),(15,33,'Caso',940,723),(15,34,'Arconada',28,16),(15,35,'Pájara',10061,9210),(15,36,'Cuntis',2311,2567),(15,37,'Aldea del Obispo',167,146),(15,38,'Garachico',2483,2483),(15,39,'Camaleño',542,466),(15,40,'Aldehuela del Codonal',18,16),(15,41,'Benacazón',3581,3582),(15,42,'Alentisque',18,14),(15,43,'Arbolí',71,52),(15,45,'Arcicóllar',409,424),(15,46,'Alcàsser',4876,4736),(15,47,'Becilla de Valderaduey',151,114),(15,48,'Basauri',20073,21231),(15,49,'Arrabalde',123,129),(15,50,'Alconchel de Ariza',46,34),(16,1,'Bernedo',312,214),(16,2,'Bienservida',346,318),(16,3,'Almudaina',61,53),(16,4,'Antas',1597,1598),(16,5,'Arévalo',3981,4191),(16,6,'Barcarrota',1862,1772),(16,7,'Consell',1952,1910),(16,8,'Bagà',1080,1108),(16,9,'Ameyugo',59,44),(16,10,'Aldehuela de Jerte',200,167),(16,11,'Chipiona',9578,9484),(16,12,'Artana',1021,971),(16,13,'Almuradiel',417,426),(16,14,'Cardeña',810,794),(16,15,'Camariñas',2707,2870),(16,16,'Almendros',152,120),(16,17,'Bàscara',479,464),(16,18,'Almegíjar',207,169),(16,19,'Algar de Mesa',44,23),(16,20,'Aia',1094,957),(16,21,'Cala',633,619),(16,22,'Alcampell',356,341),(16,23,'Benatae',255,232),(16,24,'Benuza',289,218),(16,25,'Alguaire',1571,1431),(16,26,'Arenzana de Arriba',21,12),(16,27,'Chantada',4120,4373),(16,28,'Atazar, El',52,44),(16,29,'Árchez',226,210),(16,30,'Cartagena',108358,107943),(16,31,'Ansoáin/Antsoain',5364,5466),(16,32,'Calvos de Randín',453,469),(16,33,'Castrillón',11018,11717),(16,35,'Palmas de Gran Canaria, Las',184254,195512),(16,36,'Dozón',610,564),(16,37,'Aldealengua',354,342),(16,38,'Garafía',816,774),(16,39,'Camargo',15125,15641),(16,40,'Aldeonte',27,32),(16,41,'Bollullos de la Mitación',5139,5060),(16,42,'Aliud',11,6),(16,43,'Arboç, L\'',2853,2660),(16,44,'Alfambra',295,276),(16,45,'Argés',3018,2982),(16,46,'Alcàntera de Xúquer',665,676),(16,47,'Benafarces',43,37),(16,48,'Berango',3399,3562),(16,49,'Aspariegos',132,154),(16,50,'Aldehuela de Liestos',39,18),(17,1,'Campezo/Kanpezu',565,504),(17,2,'Bogarra',489,458),(17,3,'Alqueria d\'Asnar, l\'',244,278),(17,4,'Arboleas',2321,2349),(17,5,'Aveinte',46,38),(17,6,'Baterno',172,146),(17,7,'Costitx',591,614),(17,8,'Balenyà',1863,1848),(17,9,'Anguix',75,59),(17,10,'Alía',466,470),(17,11,'Espera',1970,1945),(17,12,'Ayódar',93,82),(17,13,'Anchuras',181,162),(17,14,'Carlota, La',7023,6906),(17,15,'Cambre',11821,12255),(17,16,'Almodóvar del Pinar',245,202),(17,18,'Almuñécar',13558,13833),(17,19,'Algora',50,27),(17,20,'Azkoitia',5800,5766),(17,21,'Calañas',2166,2072),(17,22,'Alcolea de Cinca',591,534),(17,23,'Cabra del Santo Cristo',1021,916),(17,24,'Bercianos del Páramo',314,304),(17,25,'Alins',153,135),(17,26,'Arnedillo',234,234),(17,27,'Folgoso do Courel',569,520),(17,28,'Batres',798,770),(17,29,'Archidona',4278,4212),(17,30,'Cehegín',7954,7840),(17,31,'Anue',256,208),(17,32,'Carballeda de Valdeorras',871,827),(17,33,'Castropol',1749,1889),(17,34,'Astudillo',505,497),(17,35,'Puerto del Rosario',19082,18281),(17,36,'Estrada, A',10072,10953),(17,37,'Aldeanueva de Figueroa',152,139),(17,38,'Granadilla de Abona',22506,22340),(17,39,'Campoo de Yuso',373,312),(17,40,'Anaya',60,63),(17,41,'Bormujos',10603,10759),(17,42,'Almajano',92,87),(17,43,'Argentera, L\'',82,65),(17,44,'Aliaga',202,163),(17,45,'Azután',145,146),(17,46,'Alzira',21684,22870),(17,47,'Bercero',117,101),(17,48,'Bermeo',8383,8564),(17,49,'Asturianos',138,137),(17,50,'Alfajarín',1166,1100),(18,1,'Zigoitia',953,812),(18,2,'Bonete',580,547),(18,3,'Altea',11008,11377),(18,4,'Armuña de Almanzora',165,167),(18,5,'Avellaneda',17,12),(18,6,'Benquerencia de la Serena',435,453),(18,7,'Deià',347,366),(18,8,'Balsareny',1636,1688),(18,9,'Aranda de Duero',16055,16825),(18,10,'Aliseda',983,974),(18,11,'Gastor, El',942,867),(18,12,'Azuébar',170,155),(18,13,'Arenas de San Juan',545,522),(18,14,'Carpio, El',2240,2256),(18,15,'Capela, A',663,671),(18,16,'Almonacid del Marquesado',238,220),(18,17,'Bellcaire d\'Empordà',316,336),(18,18,'Alquife',358,360),(18,19,'Alhóndiga',104,80),(18,20,'Azpeitia',7385,7290),(18,21,'Campillo, El',1051,1071),(18,22,'Alcubierre',217,182),(18,23,'Cambil',1480,1377),(18,24,'Bercianos del Real Camino',101,95),(18,26,'Arnedo',7222,7375),(18,27,'Fonsagrada, A',2000,1838),(18,28,'Becerril de la Sierra',2668,2728),(18,29,'Ardales',1276,1251),(18,30,'Ceutí',5655,5572),(18,31,'Añorbe',295,244),(18,32,'Carballeda de Avia',679,721),(18,33,'Coaña',1668,1751),(18,34,'Autilla del Pino',127,105),(18,35,'San Bartolomé',9288,9114),(18,36,'Forcarei',1728,1955),(18,37,'Aldeanueva de la Sierra',59,49),(18,38,'Guancha, La',2664,2769),(18,39,'Cartes',2860,2810),(18,40,'Añe',56,42),(18,41,'Brenes',6372,6325),(18,42,'Almaluez',98,65),(18,43,'Arnes',242,232),(18,44,'Almohaja',15,5),(18,45,'Barcience',397,350),(18,46,'Alcublas',368,359),(18,47,'Berceruelo',21,16),(18,48,'Berriatua',659,561),(18,49,'Ayoó de Vidriales',186,177),(18,50,'Alfamén',780,686),(19,1,'Kripan',98,84),(19,2,'Bonillo, El',1472,1443),(19,3,'Aspe',10299,10107),(19,4,'Bacares',142,136),(19,5,'Ávila',27902,30456),(19,6,'Berlanga',1211,1223),(19,7,'Escorca',137,99),(19,8,'Barcelona',759520,845035),(19,9,'Arandilla',103,69),(19,10,'Almaraz',855,814),(19,11,'Grazalema',1085,1080),(19,13,'Argamasilla de Alba',3589,3521),(19,14,'Castro del Río',3943,4029),(19,15,'Carballo',15323,15960),(19,16,'Altarejos',119,110),(19,17,'Besalú',1154,1283),(19,19,'Alique',7,11),(19,20,'Beasain',7067,6913),(19,21,'Campofrío',320,323),(19,22,'Alerre',109,100),(19,23,'Campillo de Arenas',1016,925),(19,24,'Berlanga del Bierzo',179,213),(19,25,'Almacelles',3534,3232),(19,26,'Arrúbal',257,224),(19,27,'Foz',4818,5073),(19,28,'Belmonte de Tajo',848,777),(19,29,'Arenas',640,579),(19,30,'Cieza',17658,17457),(19,31,'Aoiz/Agoitz',1301,1300),(19,32,'Carballiño, O',6574,7425),(19,33,'Colunga',1717,1801),(19,34,'Autillo de Campos',74,72),(19,35,'San Bartolomé de Tirajana',28653,26279),(19,36,'Fornelos de Montes',850,944),(19,37,'Aldearrodrigo',80,75),(19,38,'Guía de Isora',10177,10196),(19,39,'Castañeda',1365,1316),(19,40,'Arahuetes',27,14),(19,41,'Burguillos',3249,3171),(19,42,'Almarza',335,252),(19,43,'Ascó',877,805),(19,44,'Alobras',41,29),(19,45,'Bargas',4983,5025),(19,46,'Alcúdia, l\'',5744,5947),(19,47,'Berrueces',52,47),(19,48,'Berriz',2386,2392),(19,49,'Barcial del Barco',152,124),(19,50,'Alforque',35,29),(20,1,'Kuartango',209,153),(20,2,'Carcelén',294,252),(20,3,'Balones',69,64),(20,4,'Bayárcal',185,151),(20,6,'Bienvenida',1149,1069),(20,7,'Esporles',2437,2485),(20,8,'Begues',3317,3353),(20,9,'Arauzo de Miel',184,166),(20,10,'Almoharín',948,985),(20,11,'Jerez de la Frontera',104237,108639),(20,12,'Barracas',99,82),(20,13,'Argamasilla de Calatrava',3030,2962),(20,14,'Conquista',219,219),(20,15,'Carnota',2055,2229),(20,16,'Arandilla del Arroyo',9,7),(20,17,'Bescanó',2411,2396),(20,18,'Arenas del Rey',963,902),(20,19,'Almadrones',37,22),(20,20,'Beizama',102,63),(20,21,'Cañaveral de León',199,210),(20,22,'Alfántega',63,65),(20,23,'Canena',996,963),(20,24,'Boca de Huérgano',283,204),(20,25,'Almatret',172,154),(20,26,'Ausejo',424,372),(20,27,'Friol',1981,1961),(20,28,'Berzosa del Lozoya',118,84),(20,29,'Arriate',2049,2108),(20,30,'Fortuna',5244,4570),(20,31,'Araitz',294,228),(20,32,'Cartelle',1398,1454),(20,33,'Corvera de Asturias',7934,8154),(20,34,'Ayuela',34,24),(20,35,'Aldea de San Nicolás, La',4036,3933),(20,36,'Agolada',1278,1307),(20,37,'Aldearrubia',270,219),(20,38,'Güímar',9285,9492),(20,39,'Castro-Urdiales',15896,15937),(20,40,'Arcones',102,112),(20,41,'Cabezas de San Juan, Las',8342,8172),(20,42,'Almazán',2904,2830),(20,43,'Banyeres del Penedès',1561,1542),(20,44,'Alpeñés',12,9),(20,45,'Belvís de la Jara',825,838),(20,46,'Alcúdia de Crespins, l\'',2645,2637),(20,47,'Bobadilla del Campo',174,137),(20,48,'Bilbao',162564,182577),(20,49,'Belver de los Montes',170,145),(20,50,'Alhama de Aragón',555,522),(21,1,'Elburgo/Burgelu',318,290),(21,2,'Casas de Juan Núñez',723,659),(21,3,'Banyeres de Mariola',3569,3586),(21,4,'Bayarque',109,107),(21,5,'Barco de Ávila, El',1248,1328),(21,6,'Bodonal de la Sierra',558,523),(21,7,'Estellencs',181,155),(21,8,'Bellprat',46,28),(21,9,'Arauzo de Salce',35,25),(21,10,'Arroyo de la Luz',2996,3046),(21,11,'Jimena de la Frontera',5016,4756),(21,12,'Betxí',2842,2921),(21,13,'Arroba de los Montes',251,220),(21,14,'Córdoba',157311,170051),(21,15,'Carral',3040,3140),(21,17,'Beuda',100,93),(21,18,'Armilla',11828,11795),(21,19,'Almoguera',733,668),(21,20,'Belauntza',131,117),(21,21,'Cartaya',9853,9311),(21,22,'Almudévar',1288,1213),(21,23,'Carboneros',331,310),(21,24,'Boñar',976,971),(21,25,'Almenar',1879,1646),(21,26,'Autol',2215,2212),(21,27,'Xermade',966,1019),(21,28,'Berrueco, El',319,299),(21,29,'Atajate',83,75),(21,30,'Fuente Álamo de Murcia',8498,7786),(21,31,'Aranarache/Aranaratxe',42,31),(21,32,'Castrelo do Val',555,524),(21,33,'Cudillero',2596,2614),(21,35,'Santa Brígida',9214,9368),(21,36,'Gondomar',6954,7102),(21,37,'Aldeaseca de Alba',40,46),(21,38,'Hermigua',991,959),(21,39,'Cieza',284,276),(21,40,'Arevalillo de Cega',18,12),(21,41,'Camas',13114,13747),(21,42,'Almazul',49,35),(21,43,'Barberà de la Conca',267,238),(21,44,'Allepuz',56,62),(21,45,'Borox',1879,1726),(21,46,'Aldaia',15554,15566),(21,47,'Bocigas',45,41),(21,48,'Busturia',839,848),(21,49,'Benavente',8977,9573),(21,50,'Almochuel',17,17),(22,1,'Elciego',521,530),(22,2,'Casas de Lázaro',228,175),(22,3,'Benasau',76,79),(22,4,'Bédar',484,506),(22,5,'Barraco, El',1019,949),(22,6,'Burguillos del Cerro',1574,1605),(22,7,'Felanitx',8760,8652),(22,8,'Berga',7952,8286),(22,9,'Arauzo de Torre',43,35),(22,10,'Arroyomolinos de la Vera',238,233),(22,11,'Línea de la Concepción, La',31073,32279),(22,12,'Bejís',228,171),(22,13,'Ballesteros de Calatrava',209,207),(22,14,'Doña Mencía',2372,2510),(22,15,'Cedeira',3548,3514),(22,16,'Arcos de la Sierra',51,37),(22,17,'Bisbal d\'Empordà, La',5370,5389),(22,18,'Atarfe',8852,8940),(22,19,'Almonacid de Zorita',362,398),(22,20,'Berastegi',552,509),(22,21,'Castaño del Robledo',122,89),(22,22,'Almunia de San Juan',350,329),(22,24,'Borrenes',187,181),(22,25,'Alòs de Balaguer',69,54),(22,26,'Azofra',108,97),(22,27,'Guitiriz',2755,2765),(22,28,'Boadilla del Monte',23859,24916),(22,29,'Benadalid',124,129),(22,30,'Jumilla',13181,12303),(22,31,'Arantza',343,295),(22,32,'Castrelo de Miño',777,779),(22,33,'Degaña',560,522),(22,34,'Baltanás',671,602),(22,35,'Santa Lucía de Tirajana',34529,34540),(22,36,'Grove, O',5306,5495),(22,37,'Aldeaseca de la Frontera',152,143),(22,38,'Icod de los Vinos',11176,11483),(22,39,'Cillorigo de Liébana',707,611),(22,40,'Armuña',131,102),(22,41,'Campana, La',2705,2705),(22,42,'Almenar de Soria',140,100),(22,43,'Batea',966,979),(22,44,'Alloza',305,299),(22,45,'Buenaventura',234,211),(22,46,'Alfafar',10405,10720),(22,47,'Bocos de Duero',26,31),(22,48,'Karrantza Harana/Valle de Carranza',1422,1327),(22,49,'Benegiles',176,156),(22,50,'Almolda, La',298,295),(23,1,'Elvillar/Bilar',175,178),(23,2,'Casas de Ves',343,323),(23,3,'Beneixama',864,882),(23,4,'Beires',55,64),(23,5,'Barromán',106,90),(23,6,'Cabeza del Buey',2531,2607),(23,7,'Ferreries',2290,2281),(23,8,'Bigues i Riells',4524,4334),(23,9,'Arcos',837,729),(23,10,'Arroyomolinos',420,367),(23,11,'Medina-Sidonia',5990,5759),(23,13,'Bolaños de Calatrava',6129,5872),(23,14,'Dos Torres',1219,1238),(23,15,'Cee',3702,4021),(23,16,'Chillarón de Cuenca',309,258),(23,17,'Blanes',19561,19571),(23,18,'Baza',10280,10388),(23,19,'Alocén',91,77),(23,20,'Berrobi',304,279),(23,21,'Cerro de Andévalo, El',1253,1242),(23,22,'Almuniente',261,261),(23,24,'Brazuelo',167,140),(23,25,'Alpicat',3146,3129),(23,26,'Badarán',266,268),(23,27,'Guntín',1470,1411),(23,28,'Boalo, El',3658,3499),(23,29,'Benahavís',3555,3550),(23,30,'Librilla',2571,2445),(23,31,'Aranguren',4729,4669),(23,32,'Castro Caldelas',679,672),(23,33,'Franco, El',1895,1964),(23,34,'Venta de Baños',3229,3203),(23,35,'Santa María de Guía de Gran Canaria',6926,6964),(23,36,'Guarda, A',4969,5224),(23,37,'Aldeatejada',875,849),(23,38,'San Cristóbal de La Laguna',74382,78461),(23,39,'Colindres',4089,4182),(23,41,'Cantillana',5476,5241),(23,42,'Alpanseque',37,33),(23,43,'Bellmunt del Priorat',153,150),(23,44,'Allueva',14,13),(23,45,'Burguillos de Toledo',1532,1496),(23,46,'Alfauir',231,227),(23,47,'Boecillo',2057,1959),(23,48,'Artea',385,383),(23,49,'Bermillo de Sayago',581,523),(23,50,'Almonacid de la Cuba',132,123),(24,2,'Casas-Ibáñez',2407,2251),(24,3,'Benejúzar',2697,2701),(24,4,'Benahadux',2071,2112),(24,5,'Becedas',127,109),(24,6,'Cabeza la Vaca',713,678),(24,7,'Formentera',6226,5652),(24,8,'Borredà',280,223),(24,9,'Arenillas de Riopisuerga',102,77),(24,10,'Baños de Montemayor',372,402),(24,11,'Olvera',4089,4200),(24,12,'Benafer',88,82),(24,13,'Brazatortas',537,501),(24,14,'Encinas Reales',1159,1184),(24,15,'Cerceda',2476,2600),(24,16,'Arguisuelas',80,66),(24,17,'Bolvir',195,185),(24,18,'Beas de Granada',549,463),(24,19,'Alovera',6272,5975),(24,20,'Bidania-Goiatz',281,245),(24,21,'Corteconcepción',275,277),(24,22,'Alquézar',163,134),(24,23,'Carolina, La',7738,7935),(24,24,'Burgo Ranero, El',409,358),(24,25,'Alt Àneu',232,175),(24,26,'Bañares',144,140),(24,27,'Incio, O',885,892),(24,28,'Braojos',115,88),(24,29,'Benalauría',255,215),(24,30,'Lorca',46986,44728),(24,31,'Arano',60,48),(24,32,'Celanova',2637,2899),(24,33,'Gijón',129372,144918),(24,34,'Baquerín de Campos',25,12),(24,35,'Teguise',10883,10571),(24,36,'Lalín',9707,10298),(24,37,'Aldeavieja de Tormes',58,49),(24,38,'Llanos de Aridane, Los',9833,10394),(24,39,'Comillas',1070,1197),(24,40,'Ayllón',656,612),(24,41,'Carmona',14439,14217),(24,42,'Arancón',58,33),(24,43,'Bellvei',1140,1045),(24,44,'Anadón',15,10),(24,45,'Burujón',732,667),(24,46,'Alfara de la Baronia',273,253),(24,47,'Bolaños de Campos',185,162),(24,48,'Zeanuri',642,616),(24,49,'Bóveda de Toro, La',394,387),(24,50,'Almonacid de la Sierra',405,326),(25,2,'Caudete',5167,4996),(25,3,'Benferri',992,907),(25,5,'Becedillas',58,45),(25,6,'Calamonte',3125,3205),(25,7,'Fornalutx',350,353),(25,8,'Bruc, El',1097,935),(25,9,'Arija',76,70),(25,10,'Barrado',224,210),(25,11,'Paterna de Rivera',2880,2705),(25,12,'Benafigos',89,67),(25,13,'Cabezarados',171,157),(25,14,'Espejo',1742,1701),(25,15,'Cerdido',599,634),(25,16,'Arrancacepas',13,13),(25,17,'Bordils',844,866),(25,18,'Beas de Guadix',184,179),(25,20,'Zegama',777,740),(25,21,'Cortegana',2514,2417),(25,22,'Altorricón',785,684),(25,23,'Castellar',1724,1716),(25,24,'Burón',190,135),(25,25,'Naut Aran',890,870),(25,26,'Baños de Rioja',54,38),(25,27,'Xove',1696,1728),(25,28,'Brea de Tajo',326,234),(25,29,'Benalmádena',32976,33622),(25,30,'Lorquí',3555,3465),(25,31,'Arakil',494,461),(25,32,'Cenlle',566,623),(25,33,'Gozón',5164,5424),(25,34,'Bárcena de Campos',30,33),(25,35,'Tejeda',1064,937),(25,36,'Lama, A',1296,1374),(25,37,'Aldehuela de la Bóveda',157,130),(25,38,'Matanza de Acentejo, La',4387,4365),(25,39,'Corrales de Buelna, Los',5432,5645),(25,40,'Barbolla',112,88),(25,41,'Carrión de los Céspedes',1230,1333),(25,42,'Arcos de Jalón',892,769),(25,43,'Benifallet',356,361),(25,44,'Andorra',4101,3964),(25,45,'Cabañas de la Sagra',926,834),(25,46,'Alfara del Patriarca',1590,1638),(25,47,'Brahojos de Medina',68,61),(25,48,'Zeberio',537,544),(25,49,'Bretó',108,76),(25,50,'Almunia de Doña Godina, La',3915,3765),(26,2,'Cenizate',602,572),(26,3,'Beniarbeig',958,968),(26,4,'Benitagla',42,36),(26,5,'Bercial de Zapardiel',118,103),(26,6,'Calera de León',513,501),(26,7,'Eivissa',25264,24711),(26,8,'Brull, El',138,116),(26,9,'Arlanzón',258,171),(26,10,'Belvís de Monroy',337,313),(26,11,'Prado del Rey',2908,2911),(26,12,'Benasal',584,566),(26,13,'Cabezarrubias del Puerto',273,248),(26,14,'Espiel',1253,1255),(26,16,'Atalaya del Cañavate',54,62),(26,17,'Borrassà',368,343),(26,20,'Zerain',118,137),(26,21,'Cortelazor',143,140),(26,23,'Castillo de Locubín',2114,2179),(26,24,'Bustillo del Páramo',675,636),(26,26,'Baños de Río Tobía',810,811),(26,27,'Láncara',1398,1366),(26,28,'Brunete',5138,5260),(26,29,'Benamargosa',808,760),(26,30,'Mazarrón',16627,15523),(26,31,'Aras',94,78),(26,32,'Coles',1594,1574),(26,33,'Grado',4967,5342),(26,35,'Telde',50487,51591),(26,36,'Marín',12588,12496),(26,37,'Aldehuela de Yeltes',114,99),(26,38,'Orotava, La',20400,20917),(26,39,'Corvera de Toranzo',1058,1022),(26,40,'Basardilla',63,74),(26,41,'Casariche',2853,2741),(26,42,'Arenillas',13,16),(26,43,'Benissanet',683,568),(26,44,'Arcos de las Salinas',56,49),(26,45,'Cabañas de Yepes',142,130),(26,46,'Alfarp',791,741),(26,47,'Bustillo de Chaves',49,42),(26,48,'Dima',728,696),(26,49,'Bretocino',133,115),(26,50,'Alpartir',288,276),(27,1,'Iruraiz-Gauna',281,228),(27,2,'Corral-Rubio',198,160),(27,3,'Beniardá',116,111),(27,4,'Benizalón',146,137),(27,5,'Berlanas, Las',168,162),(27,6,'Calzadilla de los Barros',425,420),(27,7,'Inca',15414,15237),(27,8,'Cabanyes, Les',501,466),(27,9,'Arraya de Oca',27,18),(27,10,'Benquerencia',44,36),(27,11,'Puerto de Santa María, El',43424,44911),(27,12,'Benicarló',13161,13242),(27,13,'Calzada de Calatrava',2064,2058),(27,14,'Fernán-Núñez',4865,4848),(27,15,'Coirós',872,885),(27,16,'Barajas de Melo',498,437),(27,17,'Breda',1862,1866),(27,18,'Benalúa',1644,1654),(27,19,'Alustante',101,71),(27,20,'Zestoa',1956,1758),(27,21,'Cumbres de Enmedio',33,21),(27,22,'Angüés',213,178),(27,23,'Cazalilla',426,446),(27,24,'Cabañas Raras',677,660),(27,25,'Anglesola',688,690),(27,26,'Berceo',111,61),(27,27,'Lourenzá',1109,1192),(27,28,'Buitrago del Lozoya',908,957),(27,29,'Benamocarra',1541,1506),(27,30,'Molina de Segura',34617,34714),(27,31,'Arbizu',571,540),(27,32,'Cortegada',577,607),(27,33,'Grandas de Salime',474,453),(27,34,'Barruelo de Santullán',631,644),(27,35,'Teror',6435,6064),(27,36,'Meaño',2611,2771),(27,37,'Almenara de Tormes',143,107),(27,38,'Paso, El',3757,3806),(27,39,'Campoo de Enmedio',1938,1842),(27,41,'Castilblanco de los Arroyos',2492,2454),(27,42,'Arévalo de la Sierra',48,28),(27,43,'Bisbal de Falset, La',120,101),(27,44,'Arens de Lledó',100,106),(27,45,'Cabezamesada',234,199),(27,46,'Alfarrasí',615,632),(27,47,'Cabezón de Pisuerga',1844,1761),(27,48,'Durango',14130,14769),(27,49,'Brime de Sog',74,81),(27,50,'Ambel',124,132),(28,1,'Labastida/Bastida',759,712),(28,2,'Cotillas',75,66),(28,3,'Beniarrés',608,600),(28,4,'Bentarique',145,113),(28,6,'Campanario',2532,2618),(28,7,'Lloret de Vistalegre',626,607),(28,8,'Cabrera d\'Anoia',715,633),(28,10,'Berrocalejo',66,59),(28,11,'Puerto Real',20911,20598),(28,12,'Benicasim/Benicàssim',9083,9015),(28,13,'Campo de Criptana',7100,7026),(28,14,'Fuente la Lancha',192,185),(28,15,'Corcubión',814,841),(28,17,'Brunyola',199,195),(28,18,'Benalúa de las Villas',602,546),(28,20,'Zizurkil',1515,1495),(28,21,'Cumbres de San Bartolomé',210,211),(28,22,'Ansó',219,207),(28,23,'Cazorla',3730,3962),(28,24,'Cabreros del Río',235,196),(28,26,'Bergasa',84,68),(28,27,'Lugo',45630,52504),(28,28,'Bustarviejo',1199,1168),(28,29,'Benaoján',787,726),(28,30,'Moratalla',4165,4024),(28,31,'Arce/Artzi',140,124),(28,32,'Cualedro',934,906),(28,33,'Ibias',816,657),(28,34,'Báscones de Ojeda',82,72),(28,35,'Tías',10241,9778),(28,36,'Meis',2399,2607),(28,37,'Almendra',96,76),(28,38,'Puerto de la Cruz',14381,15031),(28,39,'Entrambasaguas',2513,2418),(28,40,'Bercial',59,56),(28,41,'Castilleja de Guzmán',1457,1398),(28,42,'Ausejo de la Sierra',47,37),(28,43,'Bisbal del Penedès, La',1838,1636),(28,44,'Argente',101,113),(28,45,'Calera y Chozas',2384,2307),(28,46,'Algar de Palancia',253,250),(28,47,'Cabezón de Valderaduey',18,17),(28,48,'Ea',428,416),(28,49,'Brime de Urz',76,53),(28,50,'Anento',68,37),(29,2,'Chinchilla de Monte-Aragón',2165,2004),(29,3,'Benigembla',248,242),(29,4,'Berja',7653,7521),(29,5,'Bernuy-Zapardiel',75,56),(29,6,'Campillo de Llerena',712,702),(29,7,'Lloseta',2847,2792),(29,8,'Cabrera de Mar',2277,2245),(29,9,'Atapuerca',106,81),(29,10,'Berzocana',236,225),(29,11,'Puerto Serrano',3613,3532),(29,12,'Benlloch',562,557),(29,13,'Cañada de Calatrava',60,46),(29,14,'Fuente Obejuna',2506,2388),(29,15,'Coristanco',3151,3400),(29,16,'Barchín del Hoyo',52,38),(29,17,'Boadella i les Escaules',134,127),(29,18,'Benamaurel',1210,1168),(29,20,'Deba',2744,2719),(29,21,'Cumbres Mayores',924,924),(29,22,'Antillón',85,74),(29,23,'Chiclana de Segura',506,517),(29,24,'Cabrillanes',426,402),(29,25,'Arbeca',1156,1122),(29,26,'Bergasillas Bajera',20,19),(29,27,'Meira',885,864),(29,28,'Cabanillas de la Sierra',387,346),(29,29,'Benarrabá',258,263),(29,30,'Mula',8599,8206),(29,31,'Arcos, Los',560,576),(29,32,'Chandrexa de Queixa',296,232),(29,33,'Illano',197,192),(29,34,'Becerril de Campos',419,393),(29,35,'Tinajo',3014,2810),(29,36,'Moaña',9527,9965),(29,37,'Anaya de Alba',127,92),(29,38,'Puntagorda',1031,996),(29,39,'Escalante',393,365),(29,40,'Bercimuel',16,16),(29,41,'Castilleja de la Cuesta',8469,8990),(29,42,'Baraona',94,69),(29,43,'Blancafort',211,202),(29,44,'Ariño',386,377),(29,45,'Caleruela',124,110),(29,46,'Algemesí',13714,13919),(29,47,'Cabreros del Monte',38,29),(29,48,'Etxebarri',5440,5441),(29,49,'Burganes de Valverde',364,331),(29,50,'Aniñón',417,344),(30,1,'Lagrán',87,76),(30,2,'Elche de la Sierra',1891,1870),(30,3,'Benidoleig',585,611),(30,4,'Canjáyar',698,644),(30,5,'Berrocalejo de Aragona',27,24),(30,6,'Capilla',98,93),(30,7,'Llubí',1081,1095),(30,8,'Cabrils',3590,3660),(30,9,'Ausines, Los',78,48),(30,10,'Bohonal de Ibor',253,246),(30,11,'Rota',14545,14578),(30,13,'Caracuel de Calatrava',96,69),(30,14,'Fuente Palmera',5473,5422),(30,15,'Coruña, A',113191,130679),(30,16,'Bascuñana de San Pedro',12,8),(30,17,'Cabanes',499,432),(30,18,'Bérchules',394,345),(30,20,'Eibar',13300,14114),(30,21,'Chucena',1076,1046),(30,23,'Chilluévar',739,770),(30,24,'Cacabelos',2654,2664),(30,25,'Pont de Bar, El',88,71),(30,26,'Bezares',8,7),(30,27,'Mondoñedo',1813,2063),(30,28,'Cabrera, La',1270,1304),(30,29,'Borge, El',499,464),(30,30,'Murcia',215177,224712),(30,31,'Arellano',90,74),(30,32,'Entrimo',589,662),(30,33,'Illas',524,506),(30,35,'Tuineje',7071,6726),(30,36,'Mondariz',2273,2392),(30,37,'Añover de Tormes',51,43),(30,38,'Puntallana',1193,1179),(30,39,'Guriezo',1211,1143),(30,40,'Bernardos',294,253),(30,41,'Castilleja del Campo',317,305),(30,42,'Barca',65,43),(30,43,'Bonastre',329,312),(30,45,'Calzada de Oropesa',302,262),(30,46,'Algimia de Alfara',517,531),(30,47,'Campaspero',620,521),(30,48,'Etxebarria',399,388),(30,49,'Bustillo del Oro',44,42),(30,50,'Añón de Moncayo',121,85),(31,1,'Laguardia',782,738),(31,2,'Férez',355,350),(31,3,'Benidorm',34395,34650),(31,4,'Cantoria',1805,1775),(31,6,'Carmonita',278,283),(31,7,'Llucmajor',17458,17160),(31,8,'Calaf',1749,1677),(31,10,'Botija',101,88),(31,11,'San Fernando',47132,48999),(31,12,'Borriol',2615,2561),(31,13,'Carrión de Calatrava',1567,1523),(31,14,'Fuente-Tójar',345,376),(31,15,'Culleredo',14409,15184),(31,16,'Beamud',23,26),(31,17,'Cabanelles',130,107),(31,19,'Angón',12,3),(31,20,'Elduain',127,117),(31,21,'Encinasola',684,642),(31,23,'Escañuela',485,468),(31,24,'Calzada del Coto',142,111),(31,25,'Arres',42,25),(31,26,'Bobadilla',63,57),(31,27,'Monforte de Lemos',9021,10040),(31,28,'Cadalso de los Vidrios',1435,1332),(31,29,'Burgo, El',973,956),(31,30,'Ojós',270,234),(31,31,'Areso',136,124),(31,32,'Esgos',614,606),(31,33,'Langreo',19807,21931),(31,34,'Belmonte de Campos',18,15),(31,35,'Valsequillo de Gran Canaria',4682,4594),(31,36,'Mondariz-Balneario',329,323),(31,37,'Arabayona de Mógica',216,180),(31,38,'Realejos, Los',17844,18432),(31,39,'Hazas de Cesto',767,753),(31,40,'Bernuy de Porreros',385,334),(31,41,'Castillo de las Guardas, El',764,747),(31,42,'Barcones',16,9),(31,43,'Borges del Camp, Les',1043,1044),(31,44,'Azaila',58,58),(31,45,'Camarena',1972,1804),(31,46,'Alginet',6701,6443),(31,47,'Campillo, El',127,96),(31,48,'Elantxobe',188,196),(31,49,'Cabañas de Sayago',82,71),(31,50,'Aranda de Moncayo',117,70),(32,1,'Lanciego/Lantziego',350,329),(32,2,'Fuensanta',180,147),(32,3,'Benifallim',63,51),(32,4,'Carboneras',4034,3804),(32,6,'Carrascalejo, El',36,35),(32,7,'Maó-Mahón',13710,14296),(32,8,'Caldes d\'Estrac',1316,1401),(32,9,'Avellanosa de Muñó',61,54),(32,10,'Brozas',977,976),(32,11,'Sanlúcar de Barrameda',33621,33812),(32,12,'Borriana/Burriana',17244,17464),(32,13,'Carrizosa',670,661),(32,14,'Granjuela, La',247,235),(32,15,'Curtis',2016,1999),(32,16,'Belinchón',185,171),(32,17,'Cadaqués',1371,1469),(32,18,'Bubión',159,150),(32,19,'Anguita',107,98),(32,20,'Elgoibar',5766,5823),(32,21,'Escacena del Campo',1030,1065),(32,22,'Aragüés del Puerto',63,56),(32,23,'Espelúy',346,353),(32,24,'Campazas',67,72),(32,25,'Arsèguel',46,33),(32,26,'Brieva de Cameros',34,19),(32,27,'Monterroso',1880,1898),(32,28,'Camarma de Esteruelas',3629,3505),(32,29,'Campillos',4265,4259),(32,30,'Pliego',2050,1923),(32,31,'Arguedas',1174,1121),(32,32,'Xinzo de Limia',4911,5132),(32,33,'Laviana',6526,7056),(32,34,'Berzosilla',25,22),(32,35,'Valleseco',2030,1826),(32,36,'Moraña',2111,2247),(32,37,'Arapiles',337,307),(32,38,'Rosario, El',8781,8496),(32,39,'Hermandad de Campoo de Suso',913,766),(32,40,'Boceguillas',407,386),(32,41,'Cazalla de la Sierra',2465,2542),(32,42,'Bayubas de Abajo',81,76),(32,43,'Bot',320,298),(32,44,'Bádenas',11,8),(32,45,'Camarenilla',283,270),(32,46,'Almàssera',3548,3721),(32,47,'Camporredondo',96,70),(32,48,'Elorrio',3620,3651),(32,49,'Calzadilla de Tera',165,185),(32,50,'Arándiga',175,165),(33,1,'Lapuebla de Labarca',449,411),(33,2,'Fuente-Álamo',1366,1225),(33,3,'Benifato',79,77),(33,4,'Castro de Filabres',71,76),(33,5,'Blascomillán',101,96),(33,6,'Casas de Don Pedro',795,765),(33,7,'Manacor',19979,20191),(33,8,'Caldes de Montbui',8521,8577),(33,9,'Bahabón de Esgueva',55,34),(33,10,'Cabañas del Castillo',253,217),(33,11,'San Roque',14652,14721),(33,12,'Cabanes',1474,1465),(33,13,'Castellar de Santiago',1027,1028),(33,14,'Guadalcázar',777,789),(33,15,'Dodro',1396,1486),(33,16,'Belmonte',996,1023),(33,17,'Caldes de Malavella',3559,3607),(33,18,'Busquístar',155,134),(33,19,'Anquela del Ducado',41,28),(33,20,'Elgeta',561,555),(33,21,'Fuenteheridos',332,309),(33,23,'Frailes',824,827),(33,24,'Campo de Villavidel',116,96),(33,25,'Artesa de Lleida',793,724),(33,26,'Briñas',101,109),(33,27,'Muras',350,334),(33,28,'Campo Real',2994,2860),(33,29,'Canillas de Aceituno',911,826),(33,30,'Puerto Lumbreras',7357,7337),(33,31,'Aria',31,21),(33,32,'Gomesende',393,436),(33,33,'Lena',5634,6020),(33,34,'Boada de Campos',12,6),(33,35,'Vega de San Mateo',3910,3758),(33,36,'Mos',7549,7756),(33,37,'Arcediano',59,50),(33,38,'San Andrés y Sauces',2146,2119),(33,39,'Herrerías',373,284),(33,40,'Brieva',50,43),(33,41,'Constantina',3072,3118),(33,42,'Bayubas de Arriba',31,21),(33,43,'Botarell',576,525),(33,44,'Báguena',179,148),(33,45,'Campillo de la Jara, El',208,197),(33,46,'Almiserà',137,135),(33,47,'Canalejas de Peñafiel',143,121),(33,48,'Ereño',132,120),(33,49,'Camarzana de Tera',443,446),(33,50,'Ardisa',48,26),(34,1,'Leza',107,109),(34,2,'Fuentealbilla',962,939),(34,3,'Benijófar',1798,1857),(34,4,'Cóbdar',103,80),(34,5,'Blasconuño de Matacabras',9,6),(34,6,'Casas de Reina',94,105),(34,7,'Mancor de la Vall',672,649),(34,8,'Calders',496,472),(34,9,'Balbases, Los',173,150),(34,10,'Cabezabellosa',198,183),(34,11,'Setenil de las Bodegas',1457,1388),(34,12,'Càlig',1049,1000),(34,13,'Ciudad Real',35200,39227),(34,14,'Guijo, El',195,177),(34,15,'Dumbría',1470,1607),(34,16,'Belmontejo',107,89),(34,17,'Calonge',5272,5248),(34,18,'Cacín',298,291),(34,19,'Anquela del Pedregal',14,5),(34,20,'Eskoriatza',2069,2016),(34,21,'Galaroza',733,753),(34,23,'Fuensanta de Martos',1558,1602),(34,24,'Camponaraya',2039,2047),(34,25,'Artesa de Segre',1840,1774),(34,26,'Briones',446,389),(34,27,'Navia de Suarna',678,533),(34,28,'Canencia',248,216),(34,29,'Canillas de Albaida',426,416),(34,30,'Ricote',718,651),(34,31,'Aribe',23,21),(34,32,'Gudiña, A',732,660),(34,33,'Valdés',6035,6386),(34,34,'Boadilla del Camino',71,56),(34,35,'Yaiza',8288,7527),(34,36,'Neves, As',1971,2095),(34,37,'Arco, El',49,45),(34,38,'San Juan de la Rambla',2475,2483),(34,39,'Lamasón',192,110),(34,40,'Caballar',49,47),(34,41,'Coria del Río',15134,15224),(34,42,'Beratón',20,17),(34,43,'Bràfim',334,331),(34,44,'Bañón',83,67),(34,45,'Camuñas',937,887),(34,46,'Almoines',1158,1144),(34,47,'Canillas de Esgueva',46,36),(34,48,'Ermua',8048,8000),(34,49,'Cañizal',252,233),(34,50,'Ariza',615,581),(35,2,'Gineta, La',1294,1238),(35,3,'Benilloba',399,387),(35,4,'Cuevas del Almanzora',6882,6410),(35,5,'Blascosancho',57,60),(35,6,'Castilblanco',554,531),(35,7,'Maria de la Salut',1071,1042),(35,8,'Calella',8886,9340),(35,9,'Baños de Valdearados',213,148),(35,10,'Cabezuela del Valle',1170,1097),(35,11,'Tarifa',9127,8884),(35,13,'Corral de Calatrava',564,571),(35,14,'Hinojosa del Duque',3442,3612),(35,15,'Fene',6408,6977),(35,16,'Beteta',140,153),(35,17,'Camós',346,337),(35,18,'Cádiar',808,746),(35,20,'Ezkio-Itsaso',319,300),(35,21,'Gibraleón',6202,6306),(35,22,'Arén',173,155),(35,23,'Fuerte del Rey',723,686),(35,25,'Sentiu de Sió, La',234,225),(35,26,'Cabezón de Cameros',12,4),(35,27,'Negueira de Muñiz',112,102),(35,28,'Carabaña',1002,1015),(35,29,'Cañete la Real',885,853),(35,30,'San Javier',16167,15748),(35,31,'Armañanzas',40,28),(35,32,'Irixo, O',770,830),(35,33,'Llanera',6908,6996),(35,34,'Boadilla de Rioseco',73,53),(35,36,'Nigrán',8660,8959),(35,37,'Armenteros',159,122),(35,38,'San Miguel de Abona',8619,8471),(35,39,'Laredo',5553,6090),(35,40,'Cabañas de Polendos',103,77),(35,41,'Coripe',680,679),(35,42,'Berlanga de Duero',474,469),(35,43,'Cabacés',166,164),(35,44,'Barrachina',73,60),(35,45,'Cardiel de los Montes',199,173),(35,46,'Almussafes',4403,4356),(35,47,'Carpio',567,490),(35,48,'Fruiz',278,269),(35,49,'Cañizo',132,117),(35,50,'Artieda',48,33),(36,1,'Laudio/Llodio',9046,9254),(36,2,'Golosalvo',62,52),(36,3,'Benillup',47,54),(36,4,'Chercos',145,130),(36,5,'Bohodón, El',68,61),(36,6,'Castuera',3052,3111),(36,7,'Marratxí',17932,17794),(36,8,'Calonge de Segarra',99,98),(36,9,'Bañuelos de Bureba',22,15),(36,10,'Cabrero',196,160),(36,11,'Torre Alháquime',399,380),(36,12,'Canet lo Roig',364,382),(36,13,'Cortijos, Los',497,464),(36,14,'Hornachuelos',2340,2302),(36,15,'Ferrol',32627,36825),(36,16,'Boniches',70,81),(36,17,'Campdevànol',1653,1699),(36,18,'Cájar',2383,2526),(36,19,'Aranzueque',221,215),(36,20,'Hondarribia',8421,8524),(36,21,'Granada de Río-Tinto, La',102,100),(36,22,'Argavieso',61,44),(36,24,'Candín',151,146),(36,25,'Aspa',110,108),(36,26,'Calahorra',11763,12192),(36,28,'Casarrubuelos',1806,1742),(36,29,'Carratraca',395,380),(36,30,'San Pedro del Pinatar',12293,12046),(36,31,'Arróniz',563,505),(36,32,'Xunqueira de Ambía',758,740),(36,33,'Llanes',6664,7030),(36,34,'Brañosera',144,103),(36,36,'Oia',1511,1497),(36,37,'San Miguel del Robledo',34,32),(36,38,'San Sebastián de la Gomera',4338,4253),(36,39,'Liendo',630,593),(36,40,'Cabezuela',344,330),(36,41,'Coronil, El',2474,2472),(36,42,'Blacos',28,22),(36,43,'Cabra del Camp',578,531),(36,44,'Bea',17,9),(36,45,'Carmena',403,382),(36,46,'Alpuente',379,300),(36,47,'Casasola de Arión',155,120),(36,48,'Galdakao',14461,14883),(36,49,'Carbajales de Alba',297,289),(36,50,'Asín',51,53),(37,1,'Arraia-Maeztu',404,308),(37,2,'Hellín',15227,15365),(37,3,'Benimantell',238,263),(37,4,'Chirivel',812,792),(37,5,'Bohoyo',168,136),(37,6,'Codosera, La',1162,1035),(37,7,'Mercadal, Es',2583,2508),(37,8,'Calldetenes',1240,1187),(37,9,'Barbadillo de Herreros',69,47),(37,10,'Cáceres',45947,49670),(37,11,'Trebujena',3542,3530),(37,12,'Castell de Cabres',10,6),(37,13,'Cózar',536,556),(37,14,'Iznájar',2285,2271),(37,15,'Fisterra',2405,2370),(37,17,'Campelles',64,63),(37,18,'Calicasas',295,311),(37,19,'Arbancón',91,66),(37,20,'Gaintza',72,50),(37,21,'Granado, El',291,249),(37,22,'Arguis',72,54),(37,23,'Génave',335,283),(37,24,'Cármenes',214,182),(37,25,'Avellanes i Santa Linya, Les',269,204),(37,26,'Camprovín',87,67),(37,27,'Nogais, As',629,562),(37,28,'Cenicientos',1003,1032),(37,29,'Cartajima',129,118),(37,30,'Torre-Pacheco',17975,16494),(37,31,'Arruazu',56,52),(37,32,'Xunqueira de Espadanedo',406,412),(37,33,'Mieres',19138,21200),(37,34,'Buenavista de Valdavia',178,142),(37,36,'Pazos de Borbén',1494,1573),(37,37,'Atalaya, La',67,52),(37,38,'Santa Cruz de la Palma',7716,8184),(37,39,'Liérganes',1186,1200),(37,40,'Calabazas de Fuentidueña',22,17),(37,41,'Corrales, Los',2051,1952),(37,42,'Bliecos',22,15),(37,43,'Calafell',12191,12065),(37,44,'Beceite',299,267),(37,45,'Carpio de Tajo, El',1013,1025),(37,46,'Alqueria de la Comtessa, l\'',742,762),(37,47,'Castrejón de Trabancos',96,98),(37,48,'Galdames',424,389),(37,49,'Carbellino',109,97),(37,50,'Atea',64,48),(38,2,'Herrera, La',180,167),(38,3,'Benimarfull',217,216),(38,4,'Dalías',1968,2011),(38,5,'Bonilla de la Sierra',76,53),(38,6,'Cordobilla de Lácara',492,468),(38,7,'Montuïri',1430,1420),(38,8,'Callús',994,1030),(38,9,'Barbadillo del Mercado',71,58),(38,10,'Cachorrilla',49,44),(38,11,'Ubrique',8294,8542),(38,12,'Castellfort',104,102),(38,13,'Chillón',951,986),(38,14,'Lucena',21298,21399),(38,15,'Frades',1225,1235),(38,16,'Buciegas',27,19),(38,17,'Campllong',247,252),(38,18,'Campotéjar',676,625),(38,19,'Arbeteta',19,10),(38,20,'Gabiria',260,231),(38,21,'Higuera de la Sierra',681,646),(38,23,'Guardia de Jaén, La',2449,2383),(38,24,'Carracedelo',1777,1798),(38,25,'Aitona',1249,1207),(38,26,'Canales de la Sierra',62,35),(38,27,'Ourol',522,533),(38,28,'Cercedilla',3332,3449),(38,29,'Cártama',12497,12095),(38,30,'Torres de Cotillas, Las',10854,10545),(38,31,'Artajona',862,818),(38,32,'Larouco',249,277),(38,33,'Morcín',1367,1379),(38,34,'Bustillo de la Vega',171,145),(38,36,'Pontevedra',39074,43465),(38,37,'Babilafuente',454,423),(38,38,'Santa Cruz de Tenerife',97375,106436),(38,39,'Limpias',905,910),(38,41,'Dos Hermanas',64762,66555),(38,42,'Borjabad',21,14),(38,43,'Cambrils',16170,16745),(38,44,'Belmonte de San José',57,60),(38,45,'Carranque',2357,2188),(38,46,'Andilla',228,134),(38,47,'Castrillo de Duero',74,59),(38,48,'Gamiz-Fika',669,675),(38,49,'Casaseca de Campeán',58,47),(38,50,'Ateca',1015,953),(39,1,'Moreda de Álava/Moreda Araba',117,116),(39,2,'Higueruela',649,600),(39,3,'Benimassot',61,50),(39,5,'Brabos',30,19),(39,6,'Coronada, La',1078,1117),(39,7,'Muro',3367,3356),(39,8,'Campins',249,242),(39,9,'Barbadillo del Pez',45,32),(39,10,'Cadalso',233,235),(39,11,'Vejer de la Frontera',6412,6400),(39,12,'Castellnovo',505,498),(39,13,'Daimiel',9273,9304),(39,14,'Luque',1568,1559),(39,15,'Irixoa',694,695),(39,16,'Buenache de Alarcón',262,237),(39,17,'Camprodon',1126,1173),(39,18,'Caniles',2206,2145),(39,19,'Argecilla',48,22),(39,20,'Getaria',1413,1370),(39,21,'Hinojales',132,141),(39,22,'Ayerbe',557,559),(39,23,'Guarromán',1470,1406),(39,24,'Carrizo',1186,1171),(39,25,'Baix Pallars',187,163),(39,26,'Canillas de Río Tuerto',18,20),(39,27,'Outeiro de Rei',2600,2468),(39,28,'Cervera de Buitrago',97,67),(39,29,'Casabermeja',1815,1603),(39,30,'Totana',15924,14992),(39,31,'Artazu',57,55),(39,32,'Laza',740,684),(39,33,'Muros de Nalón',893,990),(39,34,'Bustillo del Páramo de Carrión',38,26),(39,36,'Porriño, O',9296,9602),(39,37,'Bañobárez',167,150),(39,38,'Santa Úrsula',7128,7118),(39,39,'Luena',345,289),(39,40,'Campo de San Pedro',156,125),(39,41,'Écija',19864,20456),(39,42,'Borobia',135,123),(39,43,'Capafonts',58,53),(39,44,'Bello',113,125),(39,45,'Carriches',153,141),(39,46,'Anna',1365,1347),(39,47,'Castrillo-Tejeriego',108,89),(39,48,'Garai',156,157),(39,49,'Casaseca de las Chanas',206,172),(39,50,'Azuara',330,276),(40,2,'Hoya-Gonzalo',369,337),(40,3,'Benimeli',202,214),(40,5,'Bularros',43,26),(40,6,'Corte de Peleas',651,661),(40,7,'Palma de Mallorca',195144,205434),(40,8,'Canet de Mar',6884,7293),(40,10,'Calzadilla',256,245),(40,11,'Villaluenga del Rosario',248,223),(40,12,'Castellón de la Plana/Castelló de la Plana',83406,88263),(40,13,'Fernán Caballero',537,532),(40,14,'Montalbán de Córdoba',2266,2253),(40,15,'Laxe',1588,1597),(40,16,'Buenache de la Sierra',62,44),(40,17,'Canet d\'Adri',340,331),(40,18,'Cáñar',209,196),(40,19,'Armallones',33,21),(40,20,'Hernani',9582,10018),(40,21,'Hinojos',1942,1920),(40,22,'Azanuy-Alins',87,86),(40,23,'Lahiguera',877,906),(40,24,'Carrocera',268,246),(40,25,'Balaguer',8323,8156),(40,26,'Cañas',47,45),(40,27,'Palas de Rei',1783,1805),(40,28,'Ciempozuelos',11953,11743),(40,29,'Casarabonela',1363,1236),(40,30,'Ulea',471,435),(40,31,'Atez/Atetz',132,100),(40,32,'Leiro',811,819),(40,33,'Nava',2660,2751),(40,36,'Portas',1467,1594),(40,37,'Barbadillo',207,191),(40,38,'Santiago del Teide',5311,5379),(40,39,'Marina de Cudeyo',2613,2590),(40,40,'Cantalejo',1861,1832),(40,41,'Espartinas',7475,7434),(40,43,'Capçanes',204,209),(40,44,'Berge',125,121),(40,45,'Casar de Escalona, El',1059,927),(40,46,'Antella',644,657),(40,47,'Castrobol',34,32),(40,48,'Gatika',836,817),(40,49,'Castrillo de la Guareña',68,61),(40,50,'Badules',55,40),(41,1,'Navaridas',142,89),(41,2,'Jorquera',213,187),(41,3,'Benissa',5735,5863),(41,4,'Enix',246,191),(41,5,'Burgohondo',647,581),(41,6,'Cristina',288,268),(41,7,'Petra',1395,1421),(41,8,'Canovelles',8205,7701),(41,9,'Barrio de Muñó',17,15),(41,10,'Caminomorisco',667,601),(41,11,'Villamartín',6177,6094),(41,12,'Castillo de Villamalefa',72,40),(41,13,'Fontanarejo',153,128),(41,14,'Montemayor',1978,1972),(41,15,'Laracha, A',5608,5794),(41,16,'Buendía',224,201),(41,17,'Cantallops',166,162),(41,19,'Armuña de Tajuña',124,116),(41,20,'Hernialde',168,163),(41,21,'Huelva',70283,76035),(41,22,'Azara',95,94),(41,23,'Higuera de Calatrava',341,308),(41,24,'Carucedo',294,289),(41,25,'Barbens',477,423),(41,26,'Cárdenas',85,77),(41,27,'Pantón',1278,1396),(41,28,'Cobeña',3450,3533),(41,29,'Casares',3069,2885),(41,30,'Unión, La',9916,9656),(41,31,'Ayegui/Aiegi',1166,1051),(41,32,'Lobeira',389,424),(41,33,'Navia',4189,4455),(41,34,'Calahorra de Boedo',51,43),(41,36,'Poio',8326,8516),(41,37,'Barbalos',42,37),(41,38,'Sauzal, El',4410,4520),(41,39,'Mazcuerras',1090,1037),(41,40,'Cantimpalos',703,643),(41,41,'Estepa',6312,6404),(41,42,'Buberos',20,16),(41,43,'Caseres',131,127),(41,44,'Bezas',37,30),(41,45,'Casarrubios del Monte',2806,2513),(41,46,'Aras de los Olmos',217,165),(41,47,'Castrodeza',108,68),(41,48,'Gautegiz Arteaga',428,430),(41,49,'Castrogonzalo',261,230),(41,50,'Bagüés',8,5),(42,1,'Okondo',604,552),(42,2,'Letur',480,507),(42,3,'Benitachell/Poble Nou de Benitatxell, el',2317,2373),(42,5,'Cabezas de Alambre',83,85),(42,6,'Cheles',587,634),(42,7,'Pollença',8016,8099),(42,8,'Cànoves i Samalús',1473,1424),(42,10,'Campillo de Deleitosa',22,30),(42,11,'Zahara',735,701),(42,12,'Catí',395,384),(42,13,'Fuencaliente',563,519),(42,14,'Montilla',11639,11880),(42,15,'Lousame',1684,1779),(42,16,'Campillo de Altobuey',725,756),(42,17,'Capmany',307,283),(42,18,'Capileira',249,259),(42,19,'Arroyo de las Fraguas',16,12),(42,20,'Ibarra',2154,2124),(42,21,'Isla Cristina',10515,10678),(42,22,'Azlor',67,74),(42,23,'Hinojares',186,169),(42,24,'Castilfalé',41,30),(42,25,'Baronia de Rialb, La',128,117),(42,26,'Casalarreina',611,579),(42,27,'Paradela',962,972),(42,28,'Colmenar del Arroyo',829,782),(42,29,'Coín',10868,10693),(42,30,'Villanueva del Río Segura',1270,1254),(42,31,'Azagra',1951,1853),(42,32,'Lobios',1006,982),(42,33,'Noreña',2559,2774),(42,34,'Calzada de los Molinos',189,158),(42,36,'Ponteareas',11214,11776),(42,37,'Barceo',28,20),(42,38,'Silos, Los',2397,2408),(42,39,'Medio Cudeyo',3671,3859),(42,41,'Fuentes de Andalucía',3583,3607),(42,42,'Buitrago',33,27),(42,43,'Castellvell del Camp',1448,1449),(42,44,'Blancas',84,65),(42,45,'Casasbuenas',104,104),(42,46,'Aielo de Malferit',2349,2356),(42,47,'Castromembibre',38,27),(42,48,'Gordexola',869,841),(42,49,'Castronuevo',120,127),(42,50,'Balconchán',6,7),(43,1,'Oyón-Oion',1684,1636),(43,2,'Lezuza',759,724),(43,3,'Biar',1796,1861),(43,4,'Felix',385,303),(43,5,'Cabezas del Pozo',50,38),(43,6,'Don Álvaro',402,379),(43,7,'Porreres',2703,2564),(43,8,'Canyelles',2235,2140),(43,9,'Barrios de Bureba, Los',122,77),(43,10,'Campo Lugar',459,457),(43,12,'Caudiel',359,341),(43,13,'Fuenllana',132,129),(43,14,'Montoro',4733,4907),(43,15,'Malpica de Bergantiños',2762,2904),(43,16,'Campillos-Paravientos',62,55),(43,17,'Queralbs',100,73),(43,18,'Carataunas',113,97),(43,19,'Atanzón',50,31),(43,20,'Idiazabal',1158,1150),(43,21,'Jabugo',1146,1121),(43,22,'Baélls',60,46),(43,23,'Hornos',322,335),(43,24,'Castrillo de Cabrera',72,62),(43,25,'Vall de Boí, La',532,472),(43,26,'Castañares de Rioja',218,221),(43,27,'Páramo, O',741,733),(43,28,'Colmenar de Oreja',4097,3974),(43,29,'Colmenar',1765,1679),(43,30,'Yecla',17071,17029),(43,31,'Azuelo',15,22),(43,32,'Maceda',1438,1519),(43,33,'Onís',402,361),(43,36,'Ponte Caldelas',2691,2849),(43,38,'Tacoronte',11908,11985),(43,39,'Meruelo',980,942),(43,40,'Carbonero el Mayor',1303,1237),(43,41,'Garrobo, El',400,377),(43,42,'Burgo de Osma-Ciudad de Osma',2532,2534),(43,43,'Catllar, El',2176,2039),(43,44,'Blesa',65,44),(43,45,'Castillo de Bayuela',502,476),(43,46,'Aielo de Rugat',91,82),(43,47,'Castromonte',182,139),(43,48,'Gorliz',2827,2843),(43,49,'Castroverde de Campos',178,171),(43,50,'Bárboles',187,153),(44,1,'Peñacerrada-Urizaharra',164,106),(44,2,'Liétor',686,635),(44,3,'Bigastro',3424,3290),(44,4,'Fines',1118,1025),(44,5,'Cabezas del Villar',151,110),(44,6,'Don Benito',18268,18703),(44,7,'Pobla, Sa',6473,6221),(44,8,'Capellades',2592,2676),(44,9,'Barrios de Colina',26,26),(44,10,'Cañamero',898,811),(44,12,'Cervera del Maestre',312,341),(44,13,'Fuente el Fresno',1747,1618),(44,14,'Monturque',997,1010),(44,15,'Mañón',702,752),(44,16,'Campillos-Sierra',16,20),(44,17,'Cassà de la Selva',5132,4898),(44,18,'Cástaras',153,97),(44,19,'Atienza',253,205),(44,20,'Ikaztegieta',252,234),(44,21,'Lepe',14051,13624),(44,22,'Bailo',171,117),(44,23,'Huelma',3021,3068),(44,24,'Castrillo de la Valduerna',82,101),(44,25,'Bassella',117,117),(44,26,'Castroviejo',40,28),(44,27,'Pastoriza, A',1636,1638),(44,28,'Colmenarejo',4420,4514),(44,29,'Comares',751,634),(44,31,'Bakaiku',178,161),(44,32,'Manzaneda',482,493),(44,33,'Oviedo',103063,118807),(44,36,'Pontecesures',1532,1530),(44,37,'Barruecopardo',274,222),(44,38,'Tanque, El',1317,1381),(44,39,'Miengo',2367,2308),(44,40,'Carrascal del Río',82,68),(44,41,'Gelves',4882,4956),(44,42,'Cabrejas del Campo',36,24),(44,43,'Sénia, La',2912,2887),(44,44,'Bordón',66,51),(44,46,'Ayora',2667,2636),(44,47,'Castronuevo de Esgueva',216,177),(44,48,'Getxo',37043,41803),(44,49,'Cazurra',48,41),(44,50,'Bardallur',139,143),(45,2,'Madrigueras',2424,2300),(45,3,'Bolulla',217,209),(45,4,'Fiñana',1078,1056),(45,5,'Cabizuela',51,47),(45,6,'Entrín Bajo',289,273),(45,7,'Puigpunyent',1027,991),(45,8,'Capolat',44,48),(45,9,'Basconcillos del Tozo',168,123),(45,10,'Cañaveral',530,551),(45,12,'Cinctorres',207,217),(45,13,'Granátula de Calatrava',398,421),(45,14,'Moriles',1923,1925),(45,15,'Mazaricos',1998,2175),(45,16,'Canalejas del Arroyo',157,132),(45,18,'Castilléjar',735,665),(45,19,'Auñón',87,76),(45,20,'Irun',30089,31392),(45,21,'Linares de la Sierra',140,132),(45,22,'Baldellou',58,44),(45,23,'Huesa',1301,1283),(45,25,'Bausen',32,26),(45,26,'Cellorigo',5,7),(45,27,'Pedrafita do Cebreiro',599,520),(45,28,'Colmenar Viejo',23546,24055),(45,29,'Cómpeta',1759,1744),(45,31,'Barásoain',351,314),(45,32,'Maside',1391,1488),(45,33,'Parres',2680,2810),(45,34,'Capillas',40,39),(45,36,'Redondela',14516,15181),(45,37,'Bastida, La',17,11),(45,38,'Tazacorte',2420,2351),(45,39,'Miera',214,196),(45,40,'Casla',87,69),(45,41,'Gerena',3746,3658),(45,42,'Cabrejas del Pinar',215,161),(45,43,'Colldejou',94,78),(45,44,'Bronchales',247,176),(45,45,'Cazalegas',883,847),(45,46,'Barxeta',822,793),(45,47,'Castronuño',443,446),(45,48,'Güeñes',3216,3362),(45,50,'Belchite',793,769),(46,1,'Erriberagoitia/Ribera Alta',442,331),(46,2,'Mahora',722,700),(46,3,'Busot',1559,1516),(46,4,'Fondón',532,488),(46,5,'Canales',30,26),(46,6,'Esparragalejo',722,767),(46,7,'Sant Antoni de Portmany',12330,11301),(46,8,'Cardedeu',8799,9139),(46,9,'Bascuñana',22,13),(46,10,'Carbajo',109,108),(46,12,'Cirat',130,103),(46,13,'Guadalmez',405,408),(46,14,'Nueva Carteya',2769,2701),(46,15,'Melide',3714,3824),(46,16,'Cañada del Hoyo',143,137),(46,17,'Castellfollit de la Roca',498,494),(46,18,'Castril',1159,1117),(46,19,'Azuqueca de Henares',17780,17116),(46,20,'Irura',887,803),(46,21,'Lucena del Puerto',1599,1447),(46,22,'Ballobar',425,413),(46,23,'Ibros',1475,1498),(46,24,'Castrocalbón',554,497),(46,25,'Belianes',274,281),(46,26,'Cenicero',1019,1009),(46,27,'Pol',844,888),(46,28,'Collado Mediano',3301,3298),(46,29,'Cortes de la Frontera',1694,1610),(46,31,'Barbarin',31,36),(46,32,'Melón',614,679),(46,33,'Peñamellera Alta',280,279),(46,34,'Cardeñosa de Volpejera',28,21),(46,36,'Ribadumia',2457,2630),(46,37,'Béjar',6513,7211),(46,38,'Tegueste',5506,5601),(46,39,'Molledo',790,805),(46,40,'Castillejo de Mesleón',85,58),(46,41,'Gilena',1948,1913),(46,42,'Calatañazor',31,24),(46,43,'Conesa',58,62),(46,44,'Bueña',27,28),(46,45,'Cebolla',1789,1738),(46,46,'Barx',658,606),(46,47,'Castroponce',82,62),(46,48,'Gernika-Lumo',8079,8684),(46,49,'Cerecinos de Campos',169,139),(46,50,'Belmonte de Gracián',117,94),(47,1,'Ribera Baja/Erribera Beitia',739,620),(47,2,'Masegoso',65,56),(47,3,'Calp',10917,10623),(47,4,'Gádor',1577,1450),(47,5,'Candeleda',2597,2507),(47,6,'Esparragosa de la Serena',544,516),(47,7,'Sencelles',1555,1527),(47,8,'Cardona',2404,2494),(47,9,'Belbimbre',36,33),(47,10,'Carcaboso',572,564),(47,13,'Herencia',4448,4310),(47,14,'Obejo',1041,986),(47,15,'Mesía',1364,1370),(47,16,'Cañada Juncosa',153,119),(47,17,'Castelló d\'Empúries',5502,5368),(47,18,'Cenes de la Vega',4007,3935),(47,19,'Baides',36,37),(47,20,'Itsasondo',336,339),(47,21,'Manzanilla',1065,1043),(47,22,'Banastás',162,143),(47,23,'Iruela, La',988,1011),(47,24,'Castrocontrigo',447,392),(47,25,'Bellcaire d\'Urgell',659,637),(47,26,'Cervera del Río Alhama',1230,1197),(47,27,'Pobra do Brollón, A',887,907),(47,28,'Collado Villalba',30325,31731),(47,29,'Cuevas Bajas',699,732),(47,31,'Bargota',143,149),(47,32,'Merca, A',979,1042),(47,33,'Peñamellera Baja',633,658),(47,34,'Carrión de los Condes',1048,1129),(47,36,'Rodeiro',1371,1329),(47,37,'Beleña',104,116),(47,38,'Tijarafe',1314,1282),(47,39,'Noja',1293,1294),(47,40,'Castro de Fuentidueña',20,12),(47,41,'Gines',6558,6751),(47,43,'Constantí',3337,3079),(47,44,'Burbáguena',126,128),(47,45,'Cedillo del Condado',1896,1708),(47,46,'Bèlgida',335,348),(47,47,'Castroverde de Cerrato',143,90),(47,48,'Gizaburuaga',110,103),(47,49,'Cerecinos del Carrizal',68,53),(47,50,'Berdejo',33,20),(48,2,'Minaya',801,763),(48,3,'Callosa d\'en Sarrià',3602,3531),(48,4,'Gallardos, Los',1521,1452),(48,5,'Cantiveros',69,57),(48,6,'Esparragosa de Lares',477,495),(48,7,'Sant Josep de sa Talaia',13381,12293),(48,8,'Carme',411,381),(48,9,'Belorado',1020,949),(48,10,'Carrascalejo',126,131),(48,12,'Cortes de Arenoso',165,143),(48,13,'Hinojosas de Calatrava',256,243),(48,14,'Palenciana',778,767),(48,15,'Miño',2927,2932),(48,16,'Cañamares',267,233),(48,17,'Castell-Platja d\'Aro',5251,5338),(48,18,'Cijuela',1640,1581),(48,19,'Baños de Tajo',13,4),(48,20,'Larraul',138,111),(48,21,'Marines, Los',136,137),(48,22,'Barbastro',8269,8751),(48,23,'Iznatoraf',537,479),(48,25,'Bell-lloc d\'Urgell',1156,1173),(48,26,'Cidamón',15,12),(48,27,'Pontenova, A',1196,1274),(48,28,'Corpa',348,321),(48,29,'Cuevas del Becerro',816,827),(48,31,'Barillas',108,95),(48,32,'Mezquita, A',570,539),(48,33,'Pesoz',89,83),(48,34,'Castil de Vela',37,34),(48,36,'Rosal, O',3154,3252),(48,38,'Valverde',2483,2387),(48,39,'Penagos',1022,995),(48,40,'Castrojimeno',19,19),(48,41,'Guadalcanal',1368,1376),(48,42,'Caltojar',40,25),(48,43,'Corbera d\'Ebre',572,523),(48,44,'Cabra de Mora',43,30),(48,45,'Cerralbos, Los',232,202),(48,46,'Bellreguard',2315,2308),(48,47,'Ceinos de Campos',136,111),(48,48,'Ibarrangelu',323,317),(48,49,'Cernadilla',68,70),(48,50,'Berrueco',19,18),(49,1,'Añana',87,70),(49,2,'Molinicos',466,451),(49,3,'Callosa de Segura',9158,9042),(49,4,'Garrucha',4412,4165),(49,5,'Cardeñosa',243,211),(49,6,'Feria',592,617),(49,7,'Sant Joan',998,1037),(49,8,'Casserres',764,777),(49,10,'Casar de Cáceres',2313,2351),(49,12,'Costur',287,263),(49,13,'Horcajo de los Montes',479,480),(49,14,'Palma del Río',10742,10780),(49,15,'Moeche',583,663),(49,16,'Cañavate, El',87,78),(49,17,'Celrà',2591,2564),(49,18,'Cogollos de Guadix',390,328),(49,19,'Bañuelos',15,2),(49,20,'Lazkao',2761,2695),(49,21,'Minas de Riotinto',1967,2096),(49,22,'Barbués',49,38),(49,23,'Jabalquinto',1111,1090),(49,24,'Castropodame',888,840),(49,25,'Bellmunt d\'Urgell',93,95),(49,26,'Cihuri',116,110),(49,27,'Portomarín',797,760),(49,28,'Coslada',42947,43972),(49,29,'Cuevas de San Marcos',1951,1933),(49,31,'Basaburua',488,371),(49,32,'Montederramo',410,397),(49,33,'Piloña',3663,3749),(49,34,'Castrejón de la Peña',217,181),(49,36,'Salceda de Caselas',4433,4440),(49,37,'Bermellar',77,71),(49,38,'Valle Gran Rey',2144,2079),(49,39,'Peñarrubia',191,160),(49,40,'Castroserna de Abajo',39,35),(49,41,'Guillena',6317,6189),(49,42,'Candilichera',74,53),(49,43,'Cornudella de Montsant',539,442),(49,44,'Calaceite',535,517),(49,45,'Cervera de los Montes',267,254),(49,46,'Bellús',164,162),(49,47,'Cervillego de la Cruz',52,43),(49,48,'Ispaster',373,329),(50,2,'Montalvos',56,52),(50,3,'Campello, el',13390,13966),(50,4,'Gérgal',568,525),(50,6,'Fregenal de la Sierra',2441,2527),(50,7,'Sant Joan de Labritja',3014,2858),(50,8,'Castellar del Riu',96,79),(50,9,'Berberana',37,37),(50,10,'Casar de Palomero',631,614),(50,12,'Coves de Vinromà, les',933,937),(50,13,'Labores, Las',311,306),(50,14,'Pedro Abad',1474,1453),(50,15,'Monfero',1036,1001),(50,16,'Cañaveras',159,166),(50,17,'Cervià de Ter',468,458),(50,18,'Cogollos de la Vega',1045,1054),(50,19,'Barriopedro',11,8),(50,20,'Leaburu',196,172),(50,21,'Moguer',10636,10747),(50,22,'Barbuñales',49,50),(50,23,'Jaén',55553,59842),(50,24,'Castrotierra de Valmadrigal',60,55),(50,25,'Bellpuig',2590,2399),(50,26,'Cirueña',84,46),(50,27,'Quiroga',1650,1774),(50,28,'Cubas de la Sagra',2904,2971),(50,29,'Cútar',308,297),(50,31,'Baztan',3925,3867),(50,32,'Monterrei',1402,1356),(50,33,'Ponga',385,270),(50,34,'Castrillo de Don Juan',128,106),(50,36,'Salvaterra de Miño',4796,4823),(50,37,'Berrocal de Huebra',40,30),(50,38,'Vallehermoso',1490,1423),(50,39,'Pesaguero',180,132),(50,41,'Herrera',3212,3255),(50,42,'Cañamaque',26,10),(50,43,'Creixell',1771,1721),(50,44,'Calamocha',2180,2237),(50,45,'Ciruelos',304,260),(50,46,'Benagéber',122,95),(50,47,'Cigales',2588,2483),(50,48,'Izurtza',142,112),(50,49,'Cobreros',320,271),(50,50,'Bijuesca',64,36),(51,1,'Salvatierra/Agurain',2483,2503),(51,2,'Montealegre del Castillo',1075,1047),(51,3,'Campo de Mirra/Camp de Mirra, el',232,213),(51,4,'Huécija',247,268),(51,5,'Carrera, La',106,95),(51,6,'Fuenlabrada de los Montes',942,979),(51,7,'Sant Llorenç des Cardassar',4027,4119),(51,8,'Castellar del Vallès',11561,11881),(51,9,'Berlangas de Roa',96,89),(51,10,'Casares de las Hurdes',233,216),(51,12,'Culla',271,264),(51,13,'Luciana',212,186),(51,14,'Pedroche',785,839),(51,15,'Mugardos',2601,2761),(51,16,'Cañaveruelas',77,74),(51,17,'Cistella',146,157),(51,18,'Colomera',746,670),(51,19,'Berninches',38,27),(51,20,'Legazpi',4335,4186),(51,21,'Nava, La',145,144),(51,22,'Bárcabo',68,49),(51,23,'Jamilena',1727,1677),(51,24,'Cea',241,219),(51,25,'Bellver de Cerdanya',1051,977),(51,26,'Clavijo',176,131),(51,27,'Ribadeo',4751,5178),(51,28,'Chapinería',1111,1047),(51,29,'Estepona',33234,33846),(51,31,'Beire',154,142),(51,32,'Muíños',816,806),(51,33,'Pravia',4196,4471),(51,34,'Castrillo de Onielo',62,52),(51,36,'Sanxenxo',8613,8778),(51,37,'Berrocal de Salvatierra',46,41),(51,38,'Victoria de Acentejo, La',4542,4484),(51,39,'Pesquera',42,31),(51,40,'Castroserracín',34,30),(51,41,'Huévar del Aljarafe',1440,1351),(51,42,'Carabantes',10,12),(51,43,'Cunit',5889,5994),(51,44,'Calanda',1911,1982),(51,45,'Cobeja',1139,1057),(51,46,'Benaguasil',5574,5362),(51,47,'Ciguñuela',206,184),(51,48,'Lanestosa',138,133),(51,50,'Biota',500,502),(52,1,'Samaniego',150,144),(52,2,'Motilleja',290,265),(52,3,'Cañada',607,622),(52,4,'Huércal de Almería',8596,8227),(52,5,'Casas del Puerto',52,48),(52,6,'Fuente de Cantos',2432,2509),(52,7,'Sant Lluís',3781,3740),(52,8,'Castellar de n\'Hug',86,73),(52,9,'Berzosa de Bureba',23,9),(52,10,'Casas de Don Antonio',101,103),(52,12,'Xert',384,395),(52,13,'Malagón',4112,4168),(52,14,'Peñarroya-Pueblonuevo',5467,5833),(52,15,'Muxía',2440,2585),(52,16,'Cañete',413,389),(52,17,'Siurana',73,79),(52,19,'Bodera, La',19,12),(52,20,'Legorreta',722,719),(52,21,'Nerva',2656,2858),(52,22,'Belver de Cinca',735,577),(52,23,'Jimena',652,692),(52,24,'Cebanico',100,74),(52,25,'Bellvís',1141,1129),(52,26,'Cordovín',82,85),(52,27,'Ribas de Sil',512,489),(52,28,'Chinchón',2768,2668),(52,29,'Faraján',130,135),(52,31,'Belascoáin',61,56),(52,32,'Nogueira de Ramuín',1072,1052),(52,33,'Proaza',450,336),(52,34,'Castrillo de Villavega',107,89),(52,36,'Silleda',4254,4518),(52,37,'Boada',153,145),(52,38,'Vilaflor de Chasna',856,815),(52,39,'Piélagos',12135,12225),(52,40,'Cedillo de la Torre',56,55),(52,41,'Lantejuela',1978,1895),(52,42,'Caracena',10,5),(52,43,'Xerta',589,620),(52,44,'Calomarde',50,37),(52,45,'Cobisa',2079,2075),(52,46,'Benavites',296,330),(52,47,'Cistérniga',4480,4309),(52,48,'Larrabetzu',990,1056),(52,49,'Coomonte',105,98),(52,50,'Bisimbre',51,46),(53,1,'San Millán/Donemiliaga',403,319),(53,2,'Munera',1845,1798),(53,3,'Castalla',5056,4938),(53,4,'Huércal-Overa',9204,9326),(53,5,'Casasola',41,37),(53,6,'Fuente del Arco',360,349),(53,7,'Santa Eugènia',829,809),(53,8,'Castellbell i el Vilar',1820,1746),(53,10,'Casas de Don Gómez',160,141),(53,12,'Chilches/Xilxes',1440,1312),(53,13,'Manzanares',9258,9384),(53,14,'Posadas',3769,3775),(53,15,'Muros',4331,4629),(53,16,'Cañizares',270,235),(53,18,'Cortes de Baza',1039,1019),(53,19,'Brihuega',1327,1211),(53,20,'Lezo',2976,3014),(53,21,'Niebla',2015,1984),(53,22,'Benabarre',584,543),(53,23,'Jódar',5959,6063),(53,24,'Cebrones del Río',268,244),(53,25,'Benavent de Segrià',780,726),(53,26,'Corera',135,118),(53,27,'Ribeira de Piquín',291,289),(53,28,'Daganzo de Arriba',4970,4949),(53,29,'Frigiliana',1557,1508),(53,31,'Berbinzana',331,302),(53,32,'Oímbra',1112,908),(53,33,'Quirós',701,549),(53,34,'Castromocho',125,109),(53,36,'Soutomaior',3640,3677),(53,38,'Villa de Mazo',2441,2422),(53,39,'Polaciones',154,87),(53,40,'Cerezo de Abajo',78,70),(53,41,'Lebrija',13730,13719),(53,42,'Carrascosa de Abajo',18,10),(53,43,'Duesaigües',128,108),(53,44,'Camañas',67,58),(53,45,'Consuegra',5258,5179),(53,46,'Beneixida',327,363),(53,47,'Cogeces de Íscar',74,68),(53,48,'Laukiz',571,574),(53,49,'Coreses',560,520),(53,50,'Boquiñeni',445,426),(54,1,'Urkabustaiz',688,612),(54,2,'Navas de Jorquera',267,257),(54,3,'Castell de Castells',214,217),(54,4,'Illar',199,181),(54,5,'Casavieja',770,737),(54,6,'Fuente del Maestre',3387,3469),(54,7,'Santa Eulària des Riu',18214,17598),(54,8,'Castellbisbal',6272,6092),(54,9,'Bozoó',61,44),(54,10,'Casas del Castañar',295,309),(54,13,'Membrilla',3104,3064),(54,14,'Pozoblanco',8496,8884),(54,15,'Narón',19194,20371),(54,17,'Colera',270,263),(54,18,'Cortes y Graena',538,505),(54,19,'Budia',129,102),(54,20,'Lizartza',335,289),(54,21,'Palma del Condado, La',5327,5335),(54,22,'Benasque',1109,981),(54,23,'Larva',251,236),(54,24,'Cimanes de la Vega',256,244),(54,26,'Cornago',202,153),(54,27,'Riotorto',672,692),(54,28,'Escorial, El',7577,7765),(54,29,'Fuengirola',37983,39542),(54,31,'Bertizarana',294,296),(54,32,'Ourense',48592,57639),(54,33,'Regueras, Las',988,946),(54,36,'Tomiño',6856,6806),(54,37,'Bodón, El',153,143),(54,39,'Polanco',2867,2838),(54,40,'Cerezo de Arriba',80,65),(54,41,'Lora de Estepa',437,419),(54,42,'Carrascosa de la Sierra',14,6),(54,43,'Espluga de Francolí, L\'',1846,1972),(54,44,'Camarena de la Sierra',74,49),(54,45,'Corral de Almaguer',2886,2791),(54,46,'Benetússer',7061,7375),(54,47,'Cogeces del Monte',394,333),(54,48,'Leioa',14973,15742),(54,49,'Corrales del Vino',519,533),(54,50,'Bordalba',41,21),(55,1,'Valdegovía/Gaubea',559,454),(55,2,'Nerpio',737,625),(55,3,'Catral',4405,4285),(55,4,'Instinción',225,233),(55,5,'Casillas',375,329),(55,6,'Fuentes de León',1189,1226),(55,7,'Santa Margalida',5934,5738),(55,8,'Castellcir',345,349),(55,9,'Brazacorta',40,33),(55,10,'Casas del Monte',416,412),(55,12,'Chodos/Xodos',70,54),(55,13,'Mestanza',354,370),(55,14,'Priego de Córdoba',11222,11714),(55,15,'Neda',2565,2696),(55,16,'Carboneras de Guadazaón',415,395),(55,17,'Colomers',91,98),(55,19,'Bujalaro',36,31),(55,20,'Arrasate/Mondragón',10934,11121),(55,21,'Palos de la Frontera',5178,5187),(55,22,'Berbegal',193,185),(55,23,'Linares',29316,30421),(55,24,'Cimanes del Tejar',411,352),(55,25,'Biosca',104,95),(55,26,'Corporales',25,22),(55,27,'Samos',756,669),(55,28,'Estremera',703,647),(55,29,'Fuente de Piedra',1345,1268),(55,31,'Betelu',184,163),(55,32,'Paderne de Allariz',715,771),(55,33,'Ribadedeva',890,946),(55,34,'Cervatos de la Cueza',170,130),(55,36,'Tui',8169,8844),(55,37,'Bogajo',78,66),(55,39,'Potes',697,716),(55,40,'Cilleruelo de San Mamés',25,14),(55,41,'Lora del Río',9572,9756),(55,42,'Casarejos',96,89),(55,43,'Falset',1435,1432),(55,44,'Camarillas',60,39),(55,45,'Cuerva',725,675),(55,46,'Beniarjó',872,882),(55,47,'Corcos',115,101),(55,48,'Lemoa',1773,1732),(55,49,'Cotanes del Monte',65,52),(55,50,'Borja',2462,2468),(56,1,'Harana/Valle de Arana',140,102),(56,2,'Ontur',1064,1077),(56,3,'Cocentaina',5752,5654),(56,4,'Laroya',100,78),(56,5,'Castellanos de Zapardiel',52,45),(56,6,'Garbayuela',285,258),(56,7,'Santa María del Camí',3321,3364),(56,8,'Castelldefels',31500,32391),(56,9,'Briviesca',3606,3523),(56,10,'Casas de Millán',331,322),(56,12,'Chóvar',172,155),(56,13,'Miguelturra',7587,7445),(56,14,'Puente Genil',15022,15145),(56,15,'Negreira',3349,3587),(56,16,'Cardenete',283,250),(56,17,'Cornellà del Terri',1147,1089),(56,18,'Cúllar',2183,2168),(56,20,'Mutriku',2680,2633),(56,21,'Paterna del Campo',1802,1752),(56,23,'Lopera',1892,1887),(56,24,'Cistierna',1672,1679),(56,25,'Bovera',152,123),(56,26,'Cuzcurrita de Río Tirón',277,230),(56,27,'Rábade',780,769),(56,28,'Fresnedillas de la Oliva',803,751),(56,29,'Gaucín',884,786),(56,31,'Biurrun-Olcoz',127,92),(56,32,'Padrenda',916,996),(56,33,'Ribadesella',2821,3083),(56,34,'Cervera de Pisuerga',1223,1219),(56,36,'Valga',2965,3097),(56,37,'Bouza, La',29,36),(56,39,'Puente Viesgo',1471,1415),(56,40,'Cobos de Fuentidueña',19,20),(56,41,'Luisiana, La',2357,2317),(56,42,'Castilfrío de la Sierra',19,10),(56,43,'Fatarella, La',512,516),(56,44,'Caminreal',342,317),(56,45,'Chozas de Canales',1968,1795),(56,46,'Beniatjar',119,121),(56,47,'Corrales de Duero',49,36),(56,48,'Lemoiz',641,574),(56,49,'Cubillos',164,158),(56,50,'Botorrita',267,217),(57,1,'Villabuena de Álava/Eskuernaga',160,146),(57,2,'Ossa de Montiel',1251,1259),(57,3,'Confrides',118,90),(57,4,'Láujar de Andarax',785,789),(57,5,'Cebreros',1649,1583),(57,6,'Garlitos',328,302),(57,7,'Santanyí',5682,5634),(57,8,'Castell de l\'Areny',41,32),(57,9,'Bugedo',112,63),(57,10,'Casas de Miravete',101,56),(57,12,'Eslida',415,418),(57,13,'Montiel',758,692),(57,14,'Rambla, La',3785,3762),(57,15,'Noia',6926,7546),(57,16,'Carrascosa',57,32),(57,17,'Corçà',628,616),(57,18,'Cúllar Vega',3608,3520),(57,19,'Bustares',50,30),(57,20,'Mutiloa',143,123),(57,21,'Paymogo',623,615),(57,22,'Bielsa',249,239),(57,23,'Lupión',450,460),(57,24,'Congosto',787,804),(57,25,'Bòrdes, Es',136,101),(57,26,'Daroca de Rioja',35,19),(57,27,'Sarria',6555,6838),(57,28,'Fresno de Torote',1080,961),(57,29,'Genalguacil',233,223),(57,31,'Buñuel',1109,1162),(57,32,'Parada de Sil',323,282),(57,33,'Ribera de Arriba',963,927),(57,34,'Cevico de la Torre',251,260),(57,36,'Vigo',139688,154410),(57,37,'Bóveda del Río Almar',128,114),(57,39,'Ramales de la Victoria',1434,1386),(57,40,'Coca',952,944),(57,41,'Madroño, El',151,154),(57,42,'Castilruiz',108,89),(57,43,'Febró, La',28,11),(57,45,'Chueca',146,123),(57,46,'Benicolet',312,300),(57,47,'Cubillas de Santa Marta',168,128),(57,48,'Lekeitio',3564,3665),(57,49,'Cubo de Benavente',64,52),(57,50,'Brea de Aragón',869,850),(58,1,'Legutio',913,803),(58,2,'Paterna del Madera',205,173),(58,3,'Cox',3701,3528),(58,4,'Líjar',222,209),(58,5,'Cepeda la Mora',45,40),(58,6,'Garrovilla, La',1239,1214),(58,7,'Selva',1957,1933),(58,8,'Castellet i la Gornal',1115,1097),(58,9,'Buniel',285,231),(58,10,'Casatejada',737,691),(58,12,'Espadilla',48,38),(58,13,'Moral de Calatrava',2730,2699),(58,14,'Rute',5116,5153),(58,15,'Oleiros',16859,17834),(58,16,'Carrascosa de Haro',63,59),(58,17,'Crespià',133,123),(58,19,'Cabanillas del Campo',4907,4800),(58,20,'Olaberria',475,457),(58,21,'Puebla de Guzmán',1619,1524),(58,22,'Bierge',139,105),(58,23,'Mancha Real',5590,5622),(58,24,'Corbillos de los Oteros',115,93),(58,25,'Borges Blanques, Les',3051,2968),(58,26,'Enciso',103,63),(58,27,'Saviñao, O',2041,2015),(58,28,'Fuenlabrada',96951,98229),(58,29,'Guaro',1044,1016),(58,31,'Auritz/Burguete',131,131),(58,32,'Pereiro de Aguiar, O',3236,3083),(58,33,'Riosa',1038,1023),(58,34,'Cevico Navero',105,91),(58,36,'Vilaboa',2934,3125),(58,37,'Brincones',30,30),(58,39,'Rasines',525,465),(58,40,'Codorniz',179,172),(58,41,'Mairena del Alcor',11416,11333),(58,42,'Castillejo de Robledo',66,49),(58,43,'Figuera, La',66,51),(58,45,'Domingo Pérez',231,230),(58,46,'Benifairó de les Valls',1122,1117),(58,47,'Cuenca de Campos',128,115),(58,48,'Mallabia',611,604),(58,49,'Cubo de Tierra del Vino, El',193,162),(58,50,'Bubierca',37,39),(59,1,'Vitoria-Gasteiz',119369,124549),(59,2,'Peñascosa',187,168),(59,3,'Crevillent',14419,14046),(59,4,'Lubrín',762,806),(59,5,'Cillán',65,45),(59,6,'Granja de Torrehermosa',1073,1087),(59,7,'Salines, Ses',2538,2480),(59,8,'Castellfollit del Boix',220,214),(59,9,'Burgos',84478,92622),(59,10,'Casillas de Coria',200,216),(59,12,'Fanzara',158,156),(59,13,'Navalpino',119,116),(59,14,'San Sebastián de los Ballesteros',412,404),(59,15,'Ordes',6201,6575),(59,18,'Chauchina',2696,2732),(59,19,'Campillo de Dueñas',47,38),(59,20,'Oñati',5595,5681),(59,21,'Puerto Moral',142,146),(59,22,'Biescas',781,706),(59,23,'Marmolejo',3534,3555),(59,24,'Corullón',503,487),(59,25,'Bossòst',555,582),(59,26,'Entrena',766,723),(59,27,'Sober',1180,1220),(59,28,'Fuente el Saz de Jarama',3273,3167),(59,29,'Humilladero',1697,1667),(59,31,'Burgui/Burgi',127,96),(59,32,'Peroxa, A',1005,1033),(59,33,'Salas',2659,2712),(59,34,'Cisneros',240,234),(59,36,'Vila de Cruces',2711,2845),(59,37,'Buenamadre',74,62),(59,39,'Reinosa',4516,5089),(59,40,'Collado Hermoso',70,75),(59,41,'Mairena del Aljarafe',21742,22646),(59,42,'Centenera de Andaluz',9,12),(59,43,'Figuerola del Camp',167,182),(59,44,'Cantavieja',393,348),(59,45,'Dosbarrios',1149,1106),(59,46,'Benifairó de la Valldigna',802,820),(59,47,'Curiel de Duero',73,38),(59,48,'Mañaria',270,257),(59,49,'Cuelgamures',59,34),(59,50,'Bujaraloz',528,480),(60,1,'Yécora/Iekora',141,125),(60,2,'Peñas de San Pedro',829,602),(60,3,'Quatretondeta',60,51),(60,4,'Lucainena de las Torres',315,291),(60,5,'Cisla',60,58),(60,6,'Guareña',3604,3547),(60,7,'Sineu',1799,1813),(60,8,'Castellfollit de Riubregós',96,71),(60,9,'Busto de Bureba',89,75),(60,10,'Castañar de Ibor',571,541),(60,12,'Figueroles',276,263),(60,13,'Navas de Estena',144,121),(60,14,'Santaella',3061,3001),(60,15,'Oroso',3664,3749),(60,16,'Casas de Benítez',449,469),(60,17,'Darnius',282,272),(60,19,'Campillo de Ranas',116,70),(60,20,'Orexa',66,60),(60,21,'Punta Umbría',7619,7377),(60,22,'Binaced',785,722),(60,23,'Martos',12099,12299),(60,24,'Crémenes',318,271),(60,25,'Cabanabona',38,44),(60,26,'Estollo',59,32),(60,27,'Taboada',1454,1578),(60,28,'Fuentidueña de Tajo',971,983),(60,29,'Igualeja',415,401),(60,31,'Burlada/Burlata',8896,9440),(60,32,'Petín',463,490),(60,33,'San Martín del Rey Aurelio',8245,8937),(60,34,'Cobos de Cerrato',80,66),(60,36,'Vilagarcía de Arousa',17978,19504),(60,37,'Buenavista',150,115),(60,39,'Reocín',4124,4258),(60,40,'Condado de Castilnovo',60,45),(60,41,'Marchena',9945,9933),(60,42,'Cerbón',22,11),(60,43,'Flix',1868,1886),(60,44,'Cañada de Benatanduz',27,14),(60,45,'Erustes',120,105),(60,46,'Benifaió',5927,5986),(60,47,'Encinas de Esgueva',158,121),(60,48,'Markina-Xemein',2547,2422),(60,50,'Bulbuente',126,110),(61,1,'Zalduondo',108,88),(61,2,'Pétrola',382,355),(61,3,'Daya Nueva',879,853),(61,4,'Lúcar',382,390),(61,5,'Colilla, La',169,162),(61,6,'Haba, La',651,635),(61,7,'Sóller',6864,6784),(61,8,'Castellgalí',1044,952),(61,9,'Cabañes de Esgueva',96,84),(61,10,'Ceclavín',988,955),(61,12,'Forcall',231,245),(61,13,'Pedro Muñoz',3932,3782),(61,14,'Santa Eufemia',433,426),(61,15,'Ortigueira',2952,3184),(61,16,'Casas de Fernando Alonso',704,607),(61,17,'Das',122,100),(61,18,'Chimeneas',719,641),(61,19,'Campisábalos',45,21),(61,20,'Orio',2929,2876),(61,21,'Rociana del Condado',3844,3799),(61,22,'Binéfar',4904,4535),(61,23,'Mengíbar',4956,4979),(61,24,'Cuadros',1015,984),(61,25,'Cabó',48,46),(61,26,'Ezcaray',1071,979),(61,27,'Trabada',567,611),(61,28,'Galapagar',15953,16341),(61,29,'Istán',696,692),(61,31,'Busto, El',36,35),(61,32,'Piñor',620,612),(61,33,'San Martín de Oscos',209,213),(61,34,'Collazos de Boedo',62,53),(61,36,'Vilanova de Arousa',5105,5317),(61,37,'Cabaco, El',124,120),(61,39,'Ribamontán al Mar',2241,2178),(61,40,'Corral de Ayllón',50,35),(61,41,'Marinaleda',1398,1336),(61,42,'Cidones',192,141),(61,43,'Forès',27,24),(61,44,'Cañada de Verich, La',61,41),(61,45,'Escalona',1697,1609),(61,46,'Beniflá',228,225),(61,47,'Esguevillas de Esgueva',152,131),(61,48,'Maruri-Jatabe',485,470),(61,49,'Entrala',87,78),(61,50,'Bureta',137,116),(62,1,'Zambrana',219,187),(62,2,'Povedilla',250,221),(62,3,'Daya Vieja',345,323),(62,4,'Macael',2904,2772),(62,5,'Collado de Contreras',101,91),(62,6,'Helechosa de los Montes',397,319),(62,7,'Son Servera',5710,5739),(62,8,'Castellnou de Bages',638,628),(62,9,'Cabezón de la Sierra',27,39),(62,10,'Cedillo',254,236),(62,13,'Picón',366,332),(62,14,'Torrecampo',581,596),(62,15,'Outes',3203,3488),(62,16,'Casas de Garcimolina',17,11),(62,17,'Escala, L\'',5210,5066),(62,18,'Churriana de la Vega',6919,6988),(62,20,'Ormaiztegi',662,642),(62,21,'Rosal de la Frontera',881,869),(62,22,'Bisaurri',95,81),(62,23,'Montizón',938,877),(62,24,'Cubillas de los Oteros',80,67),(62,25,'Camarasa',461,442),(62,26,'Foncea',52,47),(62,27,'Triacastela',351,348),(62,28,'Garganta de los Montes',193,174),(62,29,'Iznate',461,438),(62,31,'Cabanillas',737,677),(62,32,'Porqueira',440,461),(62,33,'Santa Eulalia de Oscos',248,223),(62,34,'Congosto de Valdavia',111,73),(62,37,'Cabezabellosa de la Calzada',49,39),(62,39,'Ribamontán al Monte',1174,1093),(62,40,'Cubillo',43,31),(62,41,'Martín de la Jara',1423,1333),(62,42,'Cigudosa',19,9),(62,43,'Freginals',214,185),(62,44,'Cañada Vellida',26,10),(62,45,'Escalonilla',725,745),(62,46,'Benigànim',3102,3018),(62,47,'Fombellida',108,77),(62,48,'Mendata',199,182),(62,49,'Espadañedo',63,66),(62,50,'Burgo de Ebro, El',1196,1152),(63,1,'Zuia',1235,1148),(63,2,'Pozohondo',896,821),(63,3,'Dénia',20290,21263),(63,4,'María',661,624),(63,5,'Collado del Mirón',21,14),(63,6,'Herrera del Duque',1871,1815),(63,7,'Valldemossa',1019,986),(63,8,'Castellolí',280,294),(63,9,'Cavia',146,101),(63,10,'Cerezo',89,97),(63,12,'Fuente la Reina',29,22),(63,13,'Piedrabuena',2349,2275),(63,14,'Valenzuela',607,634),(63,16,'Casas de Guijarro',63,53),(63,17,'Espinelves',95,101),(63,18,'Darro',772,773),(63,20,'Oiartzun',5040,5108),(63,21,'San Bartolomé de la Torre',1813,1795),(63,22,'Biscarrués',111,91),(63,23,'Navas de San Juan',2359,2353),(63,24,'Cubillas de Rueda',238,228),(63,25,'Canejan',56,44),(63,26,'Fonzaleche',97,49),(63,27,'Valadouro, O',995,1053),(63,28,'Gargantilla del Lozoya y Pinilla de Buitrago',186,165),(63,29,'Jimera de Líbar',216,199),(63,31,'Cabredo',58,46),(63,32,'Pobra de Trives, A',1116,1129),(63,33,'San Tirso de Abres',233,240),(63,34,'Cordovilla la Real',63,43),(63,37,'Cabeza de Béjar, La',48,34),(63,39,'Rionansa',588,463),(63,40,'Cuéllar',4773,4704),(63,41,'Molares, Los',1779,1688),(63,42,'Cihuela',31,27),(63,43,'Galera, La',397,373),(63,44,'Cañizar del Olivar',56,47),(63,45,'Espinoso del Rey',280,227),(63,46,'Benimodo',1150,1079),(63,47,'Fompedraza',64,54),(63,48,'Mendexa',239,224),(63,49,'Faramontanos de Tábara',189,176),(63,50,'Buste, El',36,30),(64,2,'Pozo-Lorente',210,205),(64,3,'Dolores',3624,3622),(64,4,'Mojácar',3387,3438),(64,5,'Constanzana',68,48),(64,6,'Higuera de la Serena',513,456),(64,7,'Castell, Es',3898,3737),(64,8,'Castellterçol',1192,1176),(64,9,'Caleruega',232,238),(64,10,'Cilleros',889,868),(64,12,'Fuentes de Ayódar',68,62),(64,13,'Poblete',1204,1130),(64,14,'Valsequillo',186,193),(64,15,'Paderne',1202,1265),(64,16,'Casas de Haro',462,411),(64,17,'Espolla',205,210),(64,18,'Dehesas de Guadix',229,225),(64,19,'Canredondo',49,39),(64,20,'Pasaia',7701,8311),(64,21,'San Juan del Puerto',4448,4384),(64,22,'Blecua y Torres',113,87),(64,23,'Noalejo',1008,992),(64,24,'Cubillos del Sil',965,856),(64,25,'Castellar de la Ribera',76,74),(64,26,'Fuenmayor',1591,1555),(64,27,'Vicedo, O',898,922),(64,28,'Gascones',104,72),(64,29,'Jubrique',319,319),(64,31,'Cadreita',1101,981),(64,32,'Pontedeva',295,305),(64,33,'Santo Adriano',131,132),(64,39,'Riotuerto',797,841),(64,41,'Montellano',3549,3539),(64,42,'Ciria',52,41),(64,43,'Gandesa',1536,1473),(64,44,'Cascante del Río',49,31),(64,45,'Esquivias',2725,2664),(64,46,'Benimuslem',335,323),(64,47,'Fontihoyuelo',20,13),(64,48,'Meñaka',377,357),(64,49,'Fariza',295,275),(64,50,'Cabañas de Ebro',283,244),(65,2,'Pozuelo',284,258),(65,3,'Elche/Elx',112783,114529),(65,4,'Nacimiento',251,250),(65,5,'Crespos',282,244),(65,6,'Higuera de Llerena',179,173),(65,7,'Vilafranca de Bonany',1454,1459),(65,8,'Castellví de la Marca',769,771),(65,9,'Campillo de Aranda',103,75),(65,10,'Collado de la Vera',100,81),(65,12,'Gaibiel',109,96),(65,13,'Porzuna',1918,1824),(65,14,'Victoria, La',1184,1191),(65,15,'Padrón',4168,4475),(65,16,'Casas de los Pinos',225,239),(65,17,'Esponellà',221,223),(65,18,'Dehesas Viejas',399,384),(65,19,'Cantalojas',104,62),(65,20,'Soraluze-Placencia de las Armas',1991,1956),(65,21,'Sanlúcar de Guadiana',224,219),(65,23,'Orcera',967,952),(65,24,'Chozas de Abajo',1299,1197),(65,26,'Galbárruli',31,15),(65,27,'Vilalba',7131,7514),(65,28,'Getafe',85919,89002),(65,29,'Júzcar',138,100),(65,31,'Caparroso',1426,1347),(65,32,'Punxín',369,391),(65,33,'Sariego',615,661),(65,37,'Cabeza del Caballo',190,159),(65,39,'Rozas de Valdearroyo, Las',159,123),(65,40,'Chañe',423,464),(65,41,'Morón de la Frontera',13945,14278),(65,42,'Cirujales del Río',15,8),(65,43,'Garcia',299,284),(65,44,'Castejón de Tornos',38,22),(65,45,'Estrella, La',133,127),(65,46,'Beniparrell',986,936),(65,47,'Fresno el Viejo',497,449),(65,48,'Ugao-Miraballes',2065,2057),(65,49,'Fermoselle',689,646),(65,50,'Cabolafuente',21,17),(66,2,'Recueja, La',141,134),(66,3,'Elda',25978,27270),(66,4,'Níjar',15163,12893),(66,5,'Cuevas del Valle',278,238),(66,6,'Higuera de Vargas',1010,1010),(66,8,'Castellví de Rosanes',868,903),(66,9,'Campolara',52,22),(66,10,'Conquista de la Sierra',110,81),(66,13,'Pozuelo de Calatrava',1728,1643),(66,14,'Villa del Río',3702,3701),(66,15,'Pino, O',2351,2355),(66,16,'Casasimarro',1624,1520),(66,17,'Figueres',22471,22875),(66,18,'Deifontes',1321,1303),(66,19,'Cañizar',37,34),(66,20,'Errezil',305,288),(66,21,'San Silvestre de Guzmán',347,287),(66,22,'Boltaña',518,463),(66,23,'Peal de Becerro',2696,2714),(66,24,'Destriana',265,284),(66,26,'Galilea',185,178),(66,27,'Viveiro',7696,8039),(66,28,'Griñón',4936,4982),(66,29,'Macharaviaya',257,220),(66,31,'Cárcar',534,520),(66,32,'Quintela de Leirado',277,352),(66,33,'Siero',25452,26739),(66,34,'Cubillas de Cerrato',32,29),(66,39,'Ruente',559,478),(66,41,'Navas de la Concepción, Las',805,834),(66,43,'Garidells, Els',92,96),(66,44,'Castel de Cabra',65,57),(66,45,'Fuensalida',5638,5430),(66,46,'Benirredrà',769,823),(66,47,'Fuensaldaña',780,738),(66,48,'Morga',219,201),(66,49,'Ferreras de Abajo',289,276),(66,50,'Cadrete',1892,1710),(67,2,'Riópar',738,710),(67,3,'Facheca',56,47),(67,4,'Ohanes',329,340),(67,5,'Chamartín',52,40),(67,6,'Higuera la Real',1197,1162),(67,8,'Centelles',3601,3771),(67,9,'Canicosa de la Sierra',274,240),(67,10,'Coria',6353,6577),(67,12,'Geldo',335,316),(67,13,'Pozuelos de Calatrava, Los',225,205),(67,14,'Villafranca de Córdoba',2507,2382),(67,15,'Pobra do Caramiñal, A',4699,4924),(67,16,'Castejón',85,73),(67,17,'Flaçà',506,554),(67,18,'Diezma',395,385),(67,19,'Cardoso de la Sierra, El',44,22),(67,20,'Errenteria',19123,20153),(67,21,'Santa Ana la Real',240,283),(67,22,'Bonansa',44,37),(67,23,'Pegalajar',1522,1510),(67,24,'Encinedo',419,378),(67,25,'Castelldans',534,447),(67,26,'Gallinero de Cameros',17,8),(67,28,'Guadalix de la Sierra',3034,3005),(67,29,'Málaga',273817,295313),(67,31,'Carcastillo',1261,1205),(67,32,'Rairiz de Veiga',733,697),(67,33,'Sobrescobio',458,397),(67,34,'Dehesa de Montejo',77,59),(67,37,'Cabrerizos',2115,2083),(67,39,'Ruesga',484,419),(67,41,'Olivares',4795,4727),(67,43,'Ginestar',418,384),(67,44,'Castelnou',71,71),(67,45,'Gálvez',1608,1579),(67,46,'Benisanó',1121,1112),(67,47,'Fuente el Sol',98,83),(67,48,'Muxika',739,711),(67,49,'Ferreras de Arriba',220,194),(67,50,'Calatayud',9730,9994),(68,2,'Robledo',210,195),(68,3,'Famorca',26,26),(68,4,'Olula de Castro',102,88),(68,6,'Hinojosa del Valle',256,258),(68,8,'Cervelló',4426,4425),(68,9,'Cantabrana',18,13),(68,10,'Cuacos de Yuste',444,421),(68,12,'Herbés',26,23),(68,13,'Puebla de Don Rodrigo',660,560),(68,14,'Villaharta',344,359),(68,15,'Ponteceso',2894,2895),(68,16,'Castillejo de Iniesta',107,82),(68,17,'Foixà',157,149),(68,18,'Dílar',920,918),(68,20,'Leintz-Gatzaga',128,113),(68,21,'Santa Bárbara de Casa',552,561),(68,22,'Borau',59,36),(68,24,'Ercina, La',251,239),(68,25,'Castellnou de Seana',391,345),(68,26,'Gimileo',70,57),(68,28,'Guadarrama',7688,7850),(68,29,'Manilva',7524,7063),(68,31,'Cascante',1868,1919),(68,32,'Ramirás',739,868),(68,33,'Somiedo',719,512),(68,34,'Dehesa de Romanos',20,14),(68,37,'Cabrillas',205,200),(68,39,'Ruiloba',399,369),(68,40,'Domingo García',17,11),(68,41,'Osuna',8809,8992),(68,42,'Coscurita',54,38),(68,43,'Godall',311,321),(68,44,'Castelserás',443,397),(68,45,'Garciotum',100,97),(68,46,'Benissoda',237,194),(68,47,'Fuente-Olmedo',19,23),(68,48,'Mundaka',912,980),(68,49,'Ferreruela',284,234),(68,50,'Calatorao',1502,1362),(69,2,'Roda, La',8011,7857),(69,3,'Finestrat',3208,3031),(69,4,'Olula del Río',3223,3036),(69,5,'Donjimeno',50,32),(69,6,'Hornachos',1875,1874),(69,8,'Collbató',2263,2126),(69,10,'Cumbre, La',460,454),(69,12,'Higueras',49,42),(69,13,'Puebla del Príncipe',377,379),(69,14,'Villanueva de Córdoba',4523,4618),(69,15,'Pontedeume',3843,4168),(69,17,'Fontanals de Cerdanya',237,213),(69,18,'Dólar',323,298),(69,20,'Donostia/San Sebastián',87532,98563),(69,21,'Santa Olalla del Cala',1033,977),(69,22,'Broto',287,245),(69,23,'Porcuna',3311,3256),(69,24,'Escobar de Campos',29,17),(69,25,'Castelló de Farfanya',294,253),(69,26,'Grañón',155,124),(69,28,'Hiruela, La',37,17),(69,29,'Marbella',67535,72002),(69,31,'Cáseda',484,505),(69,32,'Ribadavia',2474,2638),(69,33,'Soto del Barco',1957,2021),(69,34,'Dueñas',1399,1342),(69,37,'Calvarrasa de Abajo',596,559),(69,39,'San Felices de Buelna',1192,1216),(69,40,'Donhierro',54,48),(69,41,'Palacios y Villafranca, Los',19212,18945),(69,42,'Covaleda',908,871),(69,43,'Gratallops',131,112),(69,45,'Gerindote',1261,1166),(69,46,'Benisuera',98,93),(69,47,'Gallegos de Hornija',69,68),(69,48,'Mungia',8348,8783),(69,49,'Figueruela de Arriba',194,211),(69,50,'Calcena',50,29),(70,2,'Salobre',290,264),(70,3,'Formentera del Segura',2144,2062),(70,4,'Oria',1262,1166),(70,5,'Donvidas',20,17),(70,6,'Jerez de los Caballeros',4781,4834),(70,8,'Collsuspina',181,162),(70,9,'Carazo',24,10),(70,10,'Deleitosa',392,383),(70,12,'Jana, la',358,356),(70,13,'Puerto Lápice',479,476),(70,14,'Villanueva del Duque',777,776),(70,15,'Pontes de García Rodríguez, As',5166,5337),(70,16,'Castillejo-Sierra',18,15),(70,17,'Fontanilles',86,58),(70,18,'Dúdar',188,160),(70,19,'Casa de Uceda',60,51),(70,20,'Segura',749,727),(70,21,'Trigueros',3830,3916),(70,23,'Pozo Alcón',2492,2400),(70,24,'Fabero',2360,2458),(70,25,'Castellserà',530,514),(70,26,'Grávalos',108,100),(70,28,'Horcajo de la Sierra-Aoslos',90,69),(70,29,'Mijas',39913,39570),(70,31,'Castejón',2011,2051),(70,32,'San Xoán de Río',292,308),(70,33,'Tapia de Casariego',1900,2006),(70,34,'Espinosa de Cerrato',88,89),(70,37,'Calvarrasa de Arriba',326,294),(70,39,'San Miguel de Aguayo',83,81),(70,40,'Duruelo',108,73),(70,41,'Palomares del Río',4118,4093),(70,42,'Cubilla',25,15),(70,43,'Guiamets, Els',129,148),(70,44,'Castellar, El',37,21),(70,45,'Guadamur',933,931),(70,46,'Bétera',11231,11118),(70,47,'Gatón de Campos',23,21),(70,48,'Aulesti',330,328),(70,50,'Calmarza',44,33),(71,2,'San Pedro',668,648),(71,3,'Gata de Gorgos',2974,2911),(71,4,'Padules',237,227),(71,6,'Lapa, La',144,143),(71,8,'Copons',157,150),(71,9,'Carcedo de Bureba',28,22),(71,10,'Descargamaría',83,64),(71,12,'Jérica',820,779),(71,13,'Puertollano',24327,25708),(71,14,'Villanueva del Rey',550,546),(71,15,'Porto do Son',4698,4738),(71,16,'Castillo-Albaráñez',10,11),(71,17,'Fontcoberta',709,739),(71,18,'Dúrcal',3527,3596),(71,19,'Casar, El',5949,5657),(71,20,'Tolosa',9194,9919),(71,21,'Valdelarco',109,116),(71,23,'Puente de Génave',1123,1098),(71,24,'Folgoso de la Ribera',566,587),(71,25,'Cava',35,25),(71,26,'Haro',5652,5762),(71,28,'Horcajuelo de la Sierra',44,44),(71,29,'Moclinejo',653,602),(71,31,'Castillonuevo',12,4),(71,32,'Riós',851,832),(71,33,'Taramundi',333,365),(71,34,'Espinosa de Villagonzalo',103,98),(71,37,'Calzada de Béjar, La',49,41),(71,39,'San Pedro del Romeral',256,205),(71,40,'Encinas',27,23),(71,41,'Paradas',3509,3515),(71,42,'Cubo de la Solana',107,86),(71,43,'Horta de Sant Joan',632,585),(71,44,'Castellote',380,348),(71,45,'Guardia, La',1170,1159),(71,46,'Bicorp',271,262),(71,47,'Geria',255,264),(71,48,'Muskiz',3767,3834),(71,49,'Fonfría',428,409),(71,50,'Campillo de Aragón',77,64),(72,2,'Socovos',942,890),(72,3,'Gaianes',237,220),(72,4,'Partaloa',321,352),(72,5,'Espinosa de los Caballeros',55,47),(72,6,'Lobón',1466,1371),(72,8,'Corbera de Llobregat',7127,7113),(72,9,'Carcedo de Burgos',216,172),(72,10,'Eljas',478,463),(72,12,'Lucena del Cid',701,684),(72,13,'Retuerta del Bullaque',565,454),(72,14,'Villaralto',608,630),(72,15,'Rianxo',5557,5829),(72,16,'Castillo de Garcimuñoz',90,67),(72,18,'Escúzar',399,392),(72,20,'Urnieta',3123,3116),(72,21,'Valverde del Camino',6275,6491),(72,22,'Caldearenas',119,91),(72,23,'Puerta de Segura, La',1250,1253),(72,25,'Cervera',4483,4473),(72,26,'Herce',178,162),(72,28,'Hoyo de Manzanares',3979,3901),(72,29,'Mollina',2461,2440),(72,31,'Cintruénigo',3979,3800),(72,32,'Rúa, A',2269,2326),(72,33,'Teverga',929,839),(72,34,'Frechilla',88,88),(72,37,'Calzada de Don Diego',98,87),(72,39,'San Roque de Riomiera',233,161),(72,40,'Encinillas',144,106),(72,41,'Pedrera',2632,2696),(72,43,'Lloar, El',66,55),(72,45,'Herencias, Las',440,383),(72,46,'Bocairent',2190,2167),(72,48,'Otxandio',647,625),(72,50,'Carenas',90,82),(73,2,'Tarazona de la Mancha',3317,3226),(73,3,'Gorga',151,124),(73,4,'Paterna del Río',215,161),(73,5,'Flores de Ávila',175,145),(73,6,'Llera',459,429),(73,8,'Cornellà de Llobregat',42093,44283),(73,9,'Cardeñadijo',716,579),(73,10,'Escurial',399,356),(73,12,'Ludiente',99,82),(73,13,'Saceruela',332,285),(73,14,'Villaviciosa de Córdoba',1755,1688),(73,15,'Ribeira',13504,13868),(73,16,'Cervera del Llano',120,111),(73,17,'Fornells de la Selva',1244,1284),(73,19,'Casas de San Galindo',15,9),(73,20,'Usurbil',3126,3057),(73,21,'Villablanca',1440,1440),(73,23,'Quesada',2821,2764),(73,24,'Fresno de la Vega',277,283),(73,25,'Cervià de les Garrigues',364,331),(73,26,'Herramélluri',60,49),(73,28,'Humanes de Madrid',9809,9604),(73,29,'Monda',1208,1174),(73,31,'Ziordia',190,199),(73,32,'Rubiá',727,746),(73,33,'Tineo',5073,5055),(73,34,'Fresno del Río',99,106),(73,37,'Calzada de Valdunciel',340,315),(73,39,'Santa Cruz de Bezana',6188,6372),(73,40,'Escalona del Prado',295,263),(73,41,'Pedroso, El',1058,1066),(73,42,'Cueva de Ágreda',46,31),(73,43,'Llorac',61,50),(73,45,'Herreruela de Oropesa',177,180),(73,46,'Bolbaite',695,694),(73,47,'Herrín de Campos',62,67),(73,48,'Ondarroa',4304,4223),(73,50,'Cariñena',1728,1661),(74,2,'Tobarra',4051,3922),(74,3,'Granja de Rocamora',1257,1168),(74,4,'Pechina',1968,1892),(74,5,'Fontiveros',404,366),(74,6,'Llerena',2965,2964),(74,8,'Cubelles',7325,7095),(74,9,'Cardeñajimeno',534,485),(74,12,'Llosa, la',488,500),(74,13,'San Carlos del Valle',614,570),(74,14,'Viso, El',1307,1344),(74,15,'Rois',2244,2466),(74,16,'Cierva, La',26,18),(74,17,'Fortià',347,376),(74,18,'Ferreira',159,155),(74,19,'Caspueñas',56,41),(74,20,'Bergara',7354,7426),(74,21,'Villalba del Alcor',1637,1683),(74,22,'Campo',239,198),(74,23,'Rus',1904,1824),(74,24,'Fuentes de Carbajal',56,47),(74,25,'Ciutadilla',117,100),(74,26,'Hervías',57,61),(74,28,'Leganés',91179,95728),(74,29,'Montejaque',485,499),(74,31,'Cirauqui/Zirauki',263,220),(74,32,'San Amaro',566,604),(74,33,'Vegadeo',1901,2059),(74,34,'Frómista',416,406),(74,37,'Campillo de Azaba',100,73),(74,39,'Santa María de Cayón',4598,4492),(74,40,'Escarabajosa de Cabezas',176,151),(74,41,'Peñaflor',1880,1841),(74,43,'Llorenç del Penedès',1152,1171),(74,44,'Cedrillas',315,304),(74,45,'Hinojosa de San Vicente',227,186),(74,46,'Bonrepòs i Mirambell',1755,1811),(74,47,'Hornillos de Eresma',92,77),(74,48,'Urduña/Orduña',2132,2054),(74,50,'Caspe',5098,4769),(75,2,'Valdeganga',1011,980),(75,3,'Castell de Guadalest, el',114,110),(75,4,'Pulpí',4524,4238),(75,5,'Fresnedilla',54,77),(75,6,'Magacela',293,259),(75,8,'Dosrius',2644,2571),(75,9,'Cardeñuela Riopico',73,54),(75,10,'Fresnedoso de Ibor',156,137),(75,12,'Mata de Morella, la',89,87),(75,13,'San Lorenzo de Calatrava',124,107),(75,14,'Zuheros',347,341),(75,15,'Sada',7419,7661),(75,17,'Garrigàs',220,203),(75,19,'Castejón de Henares',42,27),(75,20,'Villabona',2942,2920),(75,21,'Villanueva de las Cruces',184,195),(75,22,'Camporrélls',78,60),(75,23,'Sabiote',2026,2047),(75,25,'Clariana de Cardener',71,69),(75,26,'Hormilla',245,210),(75,28,'Loeches',4123,4089),(75,29,'Nerja',10446,10739),(75,31,'Ciriza/Ziritza',60,71),(75,32,'San Cibrao das Viñas',2556,2480),(75,33,'Villanueva de Oscos',155,155),(75,39,'Santander',80318,93639),(75,40,'Escobar de Polendos',97,87),(75,41,'Pilas',7069,6918),(75,42,'Dévanos',49,43),(75,43,'Margalef',64,42),(75,44,'Celadas',222,176),(75,45,'Hontanar',93,63),(75,46,'Bufali',92,75),(75,47,'Íscar',3311,3225),(75,48,'Orozko',1287,1324),(75,49,'Fresno de la Polvorosa',80,73),(75,50,'Castejón de Alarba',58,37),(76,2,'Vianos',192,184),(76,3,'Guardamar del Segura',7704,7885),(76,4,'Purchena',865,821),(76,5,'Fresno, El',308,293),(76,6,'Maguilla',502,505),(76,8,'Esparreguera',10975,10726),(76,9,'Carrias',20,3),(76,10,'Galisteo',485,507),(76,12,'Matet',47,48),(76,13,'Santa Cruz de los Cáñamos',270,276),(76,15,'San Sadurniño',1494,1515),(76,17,'Garrigoles',88,72),(76,18,'Fonelas',548,506),(76,19,'Castellar de la Muela',18,23),(76,20,'Ordizia',4928,4918),(76,21,'Villanueva de los Castillejos',1380,1367),(76,22,'Canal de Berdún',197,170),(76,23,'Santa Elena',526,460),(76,24,'Garrafe de Torío',792,665),(76,25,'Cogul, El',97,84),(76,26,'Hormilleja',74,76),(76,28,'Lozoya',311,283),(76,29,'Ojén',1712,1641),(76,31,'Cizur',1917,1834),(76,32,'San Cristovo de Cea',1164,1182),(76,33,'Villaviciosa',7229,7461),(76,34,'Fuentes de Nava',349,333),(76,39,'Santillana del Mar',2036,2167),(76,40,'Espinar, El',4876,4610),(76,41,'Pruna',1386,1310),(76,42,'Deza',127,115),(76,43,'Marçà',314,282),(76,44,'Cella',1462,1314),(76,45,'Hormigos',409,332),(76,46,'Bugarra',371,368),(76,47,'Laguna de Duero',11294,11307),(76,48,'Sukarrieta',190,183),(76,49,'Fresno de la Ribera',205,176),(76,50,'Castejón de las Armas',53,48),(77,2,'Villa de Ves',33,26),(77,3,'Fondó de les Neus, el/Hondón de las Nieves',1305,1278),(77,4,'Rágol',177,161),(77,5,'Fuente el Saúz',98,84),(77,6,'Malcocinado',217,178),(77,8,'Esplugues de Llobregat',21965,23661),(77,9,'Cascajares de Bureba',17,19),(77,10,'Garciaz',422,382),(77,12,'Moncofa',3259,2997),(77,13,'Santa Cruz de Mudela',2149,2181),(77,15,'Santa Comba',4648,4987),(77,17,'Garriguella',419,423),(77,20,'Urretxu',3450,3458),(77,21,'Villarrasa',1097,1065),(77,22,'Candasnos',171,159),(77,23,'Santiago de Calatrava',410,387),(77,24,'Gordaliza del Pino',136,136),(77,25,'Coll de Nargó',293,282),(77,26,'Hornillos de Cameros',16,15),(77,29,'Parauta',116,133),(77,31,'Corella',3970,3770),(77,32,'Sandiás',595,712),(77,33,'Villayón',711,655),(77,34,'Fuentes de Valdepero',218,201),(77,37,'Campo de Peñaranda, El',157,121),(77,39,'Santiurde de Reinosa',162,117),(77,40,'Espirdo',597,510),(77,41,'Puebla de Cazalla, La',5599,5642),(77,43,'Mas de Barberans',297,307),(77,44,'Cerollera, La',68,38),(77,45,'Huecas',345,316),(77,46,'Buñol',4876,4850),(77,47,'Langayo',170,98),(77,48,'Plentzia',2117,2221),(77,49,'Fresno de Sayago',109,95),(77,50,'Castejón de Valdejasa',117,111),(78,2,'Villalgordo del Júcar',596,551),(78,3,'Hondón de los Frailes',604,556),(78,4,'Rioja',686,688),(78,5,'Fuentes de Año',69,57),(78,6,'Malpartida de la Serena',304,295),(78,8,'Espunyola, L\'',129,123),(78,9,'Cascajares de la Sierra',20,19),(78,10,'Garganta, La',238,208),(78,12,'Montán',186,207),(78,13,'Socuéllamos',6470,6251),(78,15,'Santiago de Compostela',44388,51224),(78,16,'Cuenca',26506,28922),(78,17,'Ger',230,200),(78,18,'Freila',482,468),(78,19,'Castilforte',36,21),(78,20,'Zaldibia',829,748),(78,21,'Zalamea la Real',1618,1592),(78,22,'Canfranc',313,247),(78,24,'Gordoncillo',237,236),(78,25,'Corbins',744,650),(78,26,'Hornos de Moncalvillo',56,35),(78,28,'Madarcos',28,17),(78,31,'Cortes',1616,1576),(78,32,'Sarreaus',649,634),(78,33,'Yernes y Tameza',92,67),(78,37,'Candelario',462,468),(78,39,'Santiurde de Toranzo',824,795),(78,40,'Fresneda de Cuéllar',101,77),(78,41,'Puebla de los Infantes, La',1537,1563),(78,42,'Duruelo de la Sierra',606,569),(78,43,'Masdenverge',565,531),(78,45,'Huerta de Valdecarábanos',888,910),(78,46,'Burjassot',18165,19381),(78,47,'Lomoviejo',96,89),(78,48,'Portugalete',22337,24381),(78,49,'Friera de Valverde',97,88),(78,50,'Castiliscar',142,138),(79,2,'Villamalea',2067,2039),(79,3,'Ibi',11669,11652),(79,4,'Roquetas de Mar',46592,44031),(79,5,'Gallegos de Altamiros',45,27),(79,6,'Manchita',393,367),(79,8,'Estany, L\'',199,199),(79,9,'Castellanos de Castro',30,18),(79,10,'Garganta la Olla',528,482),(79,12,'Montanejos',268,281),(79,13,'Solana, La',8054,7925),(79,15,'Santiso',889,820),(79,16,'Cueva del Hierro',24,11),(79,17,'Girona',46761,50825),(79,18,'Fuente Vaqueros',2228,2229),(79,19,'Castilnuevo',5,3),(79,20,'Zarautz',11209,11779),(79,21,'Zufre',452,434),(79,22,'Capdesaso',75,97),(79,23,'Santisteban del Puerto',2401,2265),(79,24,'Gradefes',528,469),(79,25,'Cubells',200,178),(79,26,'Huércanos',457,395),(79,28,'Madrid',1460597,1681394),(79,29,'Periana',1690,1541),(79,31,'Desojo',45,36),(79,32,'Taboadela',774,740),(79,34,'Grijota',1098,1016),(79,37,'Canillas de Abajo',50,20),(79,39,'Santoña',5428,5660),(79,40,'Fresno de Cantespino',149,128),(79,41,'Puebla del Río, La',6007,6107),(79,42,'Escobosa de Almazán',19,9),(79,43,'Masllorenç',271,230),(79,45,'Iglesuela, La',230,200),(79,46,'Calles',223,168),(79,47,'Llano de Olmedo',38,29),(79,48,'Errigoiti',280,227),(79,49,'Fuente Encalada',67,52),(79,50,'Cervera de la Cañada',169,142),(80,2,'Villapalacios',327,301),(80,3,'Jacarilla',973,957),(80,4,'Santa Cruz de Marchena',128,126),(80,5,'Gallegos de Sobrinos',25,31),(80,6,'Medellín',1157,1149),(80,8,'Fígols',23,20),(80,10,'Gargantilla',208,201),(80,12,'Morella',1274,1301),(80,13,'Solana del Pino',187,166),(80,15,'Sobrado',987,924),(80,17,'Gombrèn',92,93),(80,19,'Cendejas de Enmedio',44,42),(80,20,'Zumarraga',4871,5050),(80,22,'Capella',192,169),(80,23,'Santo Tomé',1167,1136),(80,24,'Grajal de Campos',123,119),(80,26,'Igea',339,273),(80,28,'Majadahonda',33702,37098),(80,29,'Pizarra',4626,4522),(80,31,'Dicastillo',336,301),(80,32,'Teixeira, A',189,189),(80,34,'Guardo',3249,3298),(80,37,'Cantagallo',144,126),(80,39,'San Vicente de la Barquera',2117,2130),(80,40,'Fresno de la Fuente',50,44),(80,41,'Real de la Jara, El',768,813),(80,42,'Espeja de San Marcelino',97,76),(80,43,'Masó, La',155,135),(80,44,'Codoñera, La',189,176),(80,45,'Illán de Vacas',4,2),(80,46,'Camporrobles',672,650),(80,47,'Manzanillo',28,21),(80,48,'Valle de Trápaga-Trapagaran',5916,6177),(80,49,'Fuentelapeña',414,364),(80,50,'Cerveruela',21,12),(81,2,'Villarrobledo',12894,13095),(81,3,'Xaló',1338,1337),(81,4,'Santa Fe de Mondújar',228,220),(81,5,'Garganta del Villar',29,11),(81,6,'Medina de las Torres',661,619),(81,8,'Fogars de Montclús',248,229),(81,10,'Gargüera',70,56),(81,12,'Navajas',398,367),(81,13,'Terrinches',400,382),(81,15,'Somozas, As',608,583),(81,16,'Chumillas',29,25),(81,17,'Gualta',203,165),(81,19,'Cendejas de la Torre',18,12),(81,20,'Zumaia',4866,4932),(81,22,'Casbas de Huesca',156,135),(81,23,'Segura de la Sierra',939,977),(81,24,'Gusendos de los Oteros',83,65),(81,25,'Espluga Calba, L\'',192,195),(81,26,'Jalón de Cameros',10,8),(81,29,'Pujerra',155,139),(81,31,'Donamaria',222,221),(81,32,'Toén',1249,1177),(81,34,'Guaza de Campos',34,27),(81,37,'Cantalapiedra',531,496),(81,39,'Saro',268,243),(81,40,'Frumales',65,62),(81,41,'Rinconada, La',18980,19200),(81,42,'Espejón',96,92),(81,43,'Maspujols',403,383),(81,45,'Illescas',13205,12759),(81,46,'Canals',6835,6793),(81,47,'Marzales',24,28),(81,48,'Lezama',1189,1217),(81,49,'Fuentesaúco',814,830),(81,50,'Cetina',328,317),(82,2,'Villatoya',68,47),(82,3,'Jávea/Xàbia',13704,13977),(82,4,'Senés',173,157),(82,5,'Gavilanes',329,290),(82,6,'Mengabril',249,223),(82,8,'Fogars de la Selva',755,715),(82,9,'Castildelgado',25,18),(82,10,'Garrovillas de Alconétar',1071,1134),(82,12,'Nules',6664,6778),(82,13,'Tomelloso',18845,18800),(82,15,'Teo',9096,9409),(82,16,'Enguídanos',182,163),(82,17,'Guils de Cerdanya',275,248),(82,18,'Galera',569,581),(82,19,'Centenera',57,49),(82,22,'Castejón del Puente',179,161),(82,23,'Siles',1199,1146),(82,24,'Hospital de Órbigo',491,504),(82,25,'Espot',196,166),(82,26,'Laguna de Cameros',74,54),(82,28,'Manzanares el Real',4214,4095),(82,29,'Rincón de la Victoria',21192,21943),(82,31,'Etxalar',429,372),(82,32,'Trasmiras',704,706),(82,34,'Hérmedes de Cerrato',47,40),(82,37,'Cantalpino',508,429),(82,39,'Selaya',959,963),(82,40,'Fuente de Santa Cruz',67,61),(82,41,'Roda de Andalucía, La',2125,2157),(82,42,'Estepa de San Juan',5,2),(82,43,'Masroig, El',280,231),(82,44,'Corbalán',60,50),(82,45,'Lagartera',757,746),(82,46,'Canet d\'En Berenguer',3281,3145),(82,47,'Matapozuelos',516,500),(82,48,'Santurtzi',22415,23869),(82,49,'Fuentes de Ropel',211,205),(82,50,'Cimballa',57,56),(83,2,'Villavaliente',138,100),(83,3,'Jijona/Xixona',3508,3697),(83,4,'Serón',1100,1067),(83,5,'Gemuño',87,82),(83,6,'Mérida',28796,30175),(83,8,'Folgueroles',1156,1129),(83,9,'Castil de Peones',20,17),(83,10,'Garvín',52,40),(83,12,'Olocau del Rey',67,56),(83,13,'Torralba de Calatrava',1538,1569),(83,15,'Toques',632,581),(83,16,'Fresneda de Altarejos',28,26),(83,17,'Hostalric',2017,1988),(83,18,'Gobernador',140,158),(83,22,'Castejón de Monegros',300,268),(83,24,'Igüeña',672,590),(83,26,'Lagunilla del Jubera',182,145),(83,28,'Meco',6674,6595),(83,29,'Riogordo',1539,1397),(83,31,'Echarri',40,38),(83,32,'Veiga, A',478,468),(83,34,'Herrera de Pisuerga',1039,1093),(83,37,'Cantaracillo',105,90),(83,39,'Soba',684,576),(83,40,'Fuente el Olmo de Fuentidueña',65,111),(83,41,'Ronquillo, El',727,671),(83,42,'Frechilla de Almazán',12,12),(83,43,'Milà, El',88,90),(83,45,'Layos',328,316),(83,46,'Carcaixent',10129,10350),(83,47,'Matilla de los Caños',52,42),(83,48,'Ortuella',4116,4299),(83,49,'Fuentesecas',30,34),(83,50,'Cinco Olivas',56,57),(84,2,'Villaverde de Guadalimar',200,173),(84,3,'Lorcha/Orxa, l\'',323,327),(84,4,'Sierro',207,185),(84,5,'Gilbuena',43,30),(84,6,'Mirandilla',683,666),(84,8,'Fonollosa',726,667),(84,9,'Castrillo de la Reina',132,77),(84,10,'Gata',820,773),(84,12,'Onda',12566,12397),(84,13,'Torre de Juan Abad',544,564),(84,15,'Tordoia',1684,1907),(84,16,'Fresneda de la Sierra',29,25),(84,17,'Isòvol',156,125),(84,18,'Gójar',2771,2639),(84,22,'Castejón de Sos',379,361),(84,23,'Sorihuela del Guadalimar',661,587),(84,24,'Izagre',98,86),(84,26,'Lardero',4788,4660),(84,28,'Mejorada del Campo',11454,11448),(84,29,'Ronda',17421,18255),(84,31,'Etxarri Aranatz',1280,1186),(84,32,'Verea',492,550),(84,34,'Herrera de Valdecañas',79,68),(84,39,'Solórzano',535,475),(84,40,'Fuente el Olmo de Íscar',38,30),(84,41,'Rubio, El',1729,1795),(84,42,'Fresno de Caracena',16,10),(84,43,'Miravet',402,345),(84,44,'Cortes de Aragón',27,31),(84,45,'Lillo',1454,1359),(84,46,'Càrcer',947,1018),(84,47,'Mayorga',825,864),(84,48,'Sestao',13598,14454),(84,49,'Fuentespreadas',174,148),(84,50,'Clarés de Ribota',45,35),(85,2,'Viveros',151,149),(85,3,'Llíber',541,558),(85,4,'Somontín',244,248),(85,5,'Gil García',21,22),(85,6,'Monesterio',2194,2112),(85,8,'Font-rubí',692,656),(85,9,'Castrillo de la Vega',340,296),(85,10,'Gordo, El',199,195),(85,12,'Oropesa del Mar/Orpesa',4992,4501),(85,13,'Torrenueva',1460,1451),(85,15,'Touro',1883,1895),(85,16,'Frontera, La',89,81),(85,17,'Jafre',208,179),(85,18,'Gor',396,381),(85,22,'Castelflorite',65,55),(85,23,'Torreblascopedro',1374,1368),(85,25,'Estaràs',95,81),(85,28,'Miraflores de la Sierra',2990,2817),(85,29,'Salares',105,102),(85,31,'Etxauri',305,281),(85,32,'Verín',6815,7292),(85,37,'Carbajosa de la Sagrada',3399,3341),(85,39,'Suances',4286,4326),(85,41,'Salteras',2667,2825),(85,42,'Fuentearmegil',111,86),(85,43,'Molar, El',156,135),(85,44,'Cosa',32,25),(85,45,'Lominchar',1226,1116),(85,46,'Carlet',7676,7721),(85,47,'Medina del Campo',10223,10887),(85,48,'Sopela',6486,6725),(85,49,'Galende',607,583),(85,50,'Codo',95,99),(86,2,'Yeste',1471,1398),(86,3,'Millena',115,109),(86,4,'Sorbas',1373,1235),(86,5,'Gimialcón',52,33),(86,6,'Montemolín',704,751),(86,8,'Franqueses del Vallès, Les',9894,9552),(86,9,'Castrillo del Val',504,335),(86,10,'Granja, La',193,164),(86,13,'Valdemanco del Esteras',108,102),(86,15,'Trazo',1605,1658),(86,16,'Fuente de Pedro Naharro',642,606),(86,17,'Jonquera, La',1615,1605),(86,18,'Gorafe',216,204),(86,19,'Cifuentes',989,931),(86,22,'Castiello de Jaca',139,112),(86,23,'Torredelcampo',7347,7258),(86,24,'Joarilla de las Matas',166,152),(86,25,'Esterri d\'Àneu',386,418),(86,26,'Ledesma de la Cogolla',13,5),(86,28,'Molar, El',4063,3973),(86,29,'Sayalonga',770,735),(86,31,'Valle de Egüés',9880,9723),(86,32,'Viana do Bolo',1509,1528),(86,34,'Hontoria de Cerrato',58,51),(86,37,'Carpio de Azaba',61,43),(86,39,'Tojos, Los',238,166),(86,40,'Fuentepelayo',479,435),(86,41,'San Juan de Aznalfarache',10361,11029),(86,42,'Fuentecambrón',23,18),(86,43,'Montblanc',3684,3599),(86,44,'Cretas',289,284),(86,45,'Lucillos',318,295),(86,46,'Carrícola',51,47),(86,47,'Medina de Rioseco',2375,2446),(86,48,'Sopuerta',1311,1288),(86,49,'Gallegos del Pan',75,54),(86,50,'Codos',113,72),(87,4,'Suflí',132,120),(87,5,'Gotarrendura',58,106),(87,6,'Monterrubio de la Serena',1214,1276),(87,8,'Gallifa',103,94),(87,10,'Guadalupe',988,1025),(87,12,'Palanques',15,16),(87,13,'Valdepeñas',14947,15567),(87,15,'Valdoviño',3304,3449),(87,16,'Fuentelespino de Haro',145,135),(87,17,'Juià',177,161),(87,18,'Granada',109370,126430),(87,19,'Cincovillas',12,10),(87,22,'Castigaleu',55,39),(87,23,'Torredonjimeno',6873,7138),(87,24,'Laguna Dalga',377,326),(87,25,'Esterri de Cardós',35,38),(87,26,'Leiva',142,135),(87,28,'Molinos, Los',2160,2189),(87,29,'Sedella',389,303),(87,31,'Elgorriaga',104,115),(87,32,'Vilamarín',1024,1002),(87,34,'Hornillos de Cerrato',72,65),(87,37,'Carrascal de Barregas',571,515),(87,39,'Torrelavega',25405,28091),(87,40,'Fuentepiñel',53,46),(87,41,'Sanlúcar la Mayor',6648,6803),(87,42,'Fuentecantos',26,27),(87,44,'Crivillén',37,37),(87,45,'Madridejos',5473,5403),(87,46,'Casas Altas',77,69),(87,47,'Megeces',234,213),(87,48,'Trucios-Turtzioz',278,235),(87,49,'Gallegos del Río',299,251),(87,50,'Contamina',21,15),(88,3,'Monforte del Cid',3967,3636),(88,4,'Tabernas',1910,1758),(88,5,'Grandes y San Martín',14,16),(88,6,'Montijo',7848,7941),(88,8,'Garriga, La',7646,8094),(88,9,'Castrillo de Riopisuerga',39,22),(88,10,'Guijo de Coria',114,102),(88,12,'Pavías',43,31),(88,13,'Valenzuela de Calatrava',327,379),(88,15,'Val do Dubra',1942,2091),(88,16,'Fuentelespino de Moya',69,56),(88,17,'Lladó',380,387),(88,18,'Guadahortuna',1015,974),(88,19,'Ciruelas',57,44),(88,22,'Castillazuelo',89,92),(88,23,'Torreperogil',3676,3872),(88,24,'Laguna de Negrillos',567,531),(88,25,'Estamariu',71,53),(88,26,'Leza de Río Leza',22,16),(88,28,'Montejo de la Sierra',191,183),(88,29,'Sierra de Yeguas',1713,1685),(88,31,'Noáin (Valle de Elorz)/Noain (Elortzibar)',3992,3900),(88,32,'Vilamartín de Valdeorras',923,875),(88,34,'Husillos',159,131),(88,37,'Carrascal del Obispo',119,106),(88,39,'Tresviso',48,23),(88,40,'Fuenterrebollo',193,176),(88,41,'San Nicolás del Puerto',303,296),(88,42,'Fuentelmonge',43,33),(88,43,'Montbrió del Camp',1382,1311),(88,44,'Cuba, La',19,18),(88,45,'Magán',1659,1543),(88,46,'Casas Bajas',97,91),(88,47,'Melgar de Abajo',64,51),(88,48,'Ubide',90,89),(88,49,'Gamones',56,45),(88,50,'Cosuenda',209,187),(89,3,'Monóvar/Monòver',6170,6211),(89,4,'Taberno',495,505),(89,5,'Guisando',269,265),(89,6,'Morera, La',370,366),(89,8,'Gavà',22851,23554),(89,10,'Guijo de Galisteo',794,782),(89,12,'Peníscola/Peñíscola',3772,3672),(89,13,'Villahermosa',964,1050),(89,15,'Vedra',2478,2581),(89,16,'Fuentes',249,216),(89,17,'Llagostera',4214,4010),(89,18,'Guadix',9354,9574),(89,19,'Ciruelos del Pinar',16,12),(89,22,'Castillonroy',176,167),(89,24,'León',58100,69717),(89,25,'Farrera',69,49),(89,26,'Logroño',72079,79265),(89,28,'Moraleja de Enmedio',2524,2522),(89,29,'Teba',2002,1971),(89,31,'Enériz/Eneritz',160,162),(89,32,'Vilar de Barrio',743,712),(89,34,'Itero de la Vega',97,82),(89,37,'Casafranca',42,30),(89,39,'Tudanca',110,44),(89,40,'Fuentesaúco de Fuentidueña',134,115),(89,41,'Santiponce',4220,4233),(89,42,'Fuentelsaz de Soria',29,30),(89,43,'Montferri',207,171),(89,44,'Cubla',37,17),(89,45,'Malpica de Tajo',950,911),(89,46,'Casinos',1429,1356),(89,47,'Melgar de Arriba',100,81),(89,48,'Urduliz',2022,2048),(89,50,'Cuarte de Huerva',6262,5879),(90,3,'Mutxamel',12072,12184),(90,4,'Tahal',203,193),(90,5,'Gutierre-Muñoz',45,45),(90,6,'Nava de Santiago, La',503,502),(90,8,'Gaià',91,77),(90,9,'Castrillo Matajudíos',32,26),(90,10,'Guijo de Granadilla',308,273),(90,12,'Pina de Montalgrao',65,64),(90,13,'Villamanrique',642,644),(90,15,'Vilasantar',669,611),(90,17,'Llambilles',374,359),(90,19,'Cobeta',57,64),(90,22,'Colungo',70,56),(90,23,'Torres',766,750),(90,24,'Lucillo',219,194),(90,28,'Moralzarzal',6128,6085),(90,29,'Tolox',1108,1078),(90,31,'Eratsun',91,59),(90,32,'Vilar de Santos',435,459),(90,37,'Casas del Conde, Las',31,25),(90,39,'Udías',450,445),(90,41,'Saucejo, El',2172,2227),(90,42,'Fuentepinilla',60,37),(90,43,'Montmell, El',749,624),(90,44,'Cucalón',62,42),(90,45,'Manzaneque',191,200),(90,46,'Castelló de Rugat',1164,1123),(90,47,'Mojados',1632,1503),(90,48,'Balmaseda',3814,3986),(90,49,'Gema',111,106),(90,50,'Cubel',93,96),(91,3,'Murla',241,275),(91,4,'Terque',207,210),(91,6,'Navalvillar de Pela',2364,2307),(91,8,'Gelida',3629,3624),(91,9,'Castrojeriz',437,408),(91,10,'Guijo de Santa Bárbara',229,202),(91,12,'Portell de Morella',113,105),(91,13,'Villamayor de Calatrava',329,344),(91,15,'Vilarmaior',633,600),(91,16,'Fuertescusa',40,35),(91,17,'Llanars',267,245),(91,19,'Cogollor',17,12),(91,23,'Torres de Albánchez',455,422),(91,24,'Luyego',367,350),(91,26,'Lumbreras',106,57),(91,28,'Morata de Tajuña',3707,3746),(91,29,'Torrox',7684,7433),(91,31,'Ergoiena',215,182),(91,32,'Vilardevós',1124,1046),(91,34,'Lagartos',78,59),(91,37,'Casillas de Flores',95,94),(91,39,'Valdáliga',1205,1104),(91,40,'Fuentesoto',60,52),(91,41,'Sevilla',329591,364287),(91,43,'Mont-ral',98,78),(91,45,'Maqueda',242,234),(91,46,'Castellonet de la Conquesta',73,60),(91,47,'Monasterio de Vega',48,42),(91,48,'Atxondo',693,685),(91,49,'Granja de Moreruela',154,136),(91,50,'Cuerlas, Las',27,23),(92,3,'Muro de Alcoy',4541,4626),(92,4,'Tíjola',1826,1875),(92,5,'Hernansancho',99,85),(92,6,'Nogales',349,351),(92,8,'Gironella',2422,2503),(92,10,'Herguijuela',171,165),(92,12,'Puebla de Arenoso',76,65),(92,13,'Villanueva de la Fuente',1174,1114),(92,15,'Vimianzo',3626,3894),(92,16,'Gabaldón',109,79),(92,17,'Llançà',2466,2519),(92,19,'Cogolludo',344,256),(92,23,'Úbeda',17124,17806),(92,24,'Llamas de la Ribera',465,420),(92,25,'Floresta, La',89,71),(92,26,'Manjarrés',71,46),(92,28,'Móstoles',101155,105108),(92,29,'Totalán',373,337),(92,31,'Erro',449,343),(92,32,'Vilariño de Conso',348,267),(92,34,'Lantadilla',177,154),(92,37,'Castellanos de Moriscos',1204,1118),(92,39,'Valdeolea',530,490),(92,40,'Fuentidueña',83,61),(92,41,'Tocina',4809,4919),(92,42,'Fuentes de Magaña',42,33),(92,43,'Mont-roig del Camp',6202,5675),(92,44,'Cuervo, El',47,40),(92,45,'Marjaliza',138,140),(92,46,'Castielfabib',139,136),(92,47,'Montealegre de Campos',73,54),(92,48,'Bedia',485,537),(92,49,'Granucillo',71,73),(92,50,'Chiprana',271,227),(93,3,'Novelda',12968,13178),(93,4,'Turre',1696,1650),(93,5,'Herradón de Pinares',314,235),(93,6,'Oliva de la Frontera',2718,2685),(93,8,'Gisclareny',16,11),(93,9,'Cayuela',98,82),(93,10,'Hernán-Pérez',243,242),(93,12,'Pobla de Benifassà, la',121,107),(93,13,'Villanueva de los Infantes',2657,2716),(93,15,'Zas',2337,2509),(93,16,'Garaballa',38,34),(93,17,'Llers',605,604),(93,18,'Gualchos',2477,2372),(93,23,'Valdepeñas de Jaén',1943,1983),(93,24,'Magaz de Cepeda',197,199),(93,25,'Fondarella',413,418),(93,26,'Mansilla de la Sierra',49,22),(93,28,'Navacerrada',1423,1432),(93,29,'Valle de Abdalajís',1323,1292),(93,31,'Ezcároz/Ezkaroze',175,148),(93,34,'Vid de Ojeda, La',64,42),(93,39,'Valdeprado del Río',189,142),(93,40,'Gallegos',51,43),(93,41,'Tomares',12235,12508),(93,42,'Fuentestrún',30,20),(93,43,'Móra d\'Ebre',2699,2778),(93,44,'Cuevas de Almudén',83,57),(93,45,'Marrupe',90,80),(93,46,'Catadau',1382,1379),(93,47,'Montemayor de Pililla',489,429),(93,48,'Areatza',575,620),(93,49,'Guarrate',180,171),(93,50,'Chodes',72,60),(94,3,'Nucia, la',10154,9885),(94,4,'Turrillas',137,105),(94,5,'Herreros de Suso',78,67),(94,6,'Oliva de Mérida',925,873),(94,8,'Granada, La',1070,1015),(94,9,'Cebrecos',30,17),(94,10,'Herrera de Alcántara',137,133),(94,12,'Pobla Tornesa, la',626,565),(94,13,'Villanueva de San Carlos',163,145),(94,16,'Gascueña',94,82),(94,17,'Llívia',787,669),(94,18,'Güejar Sierra',1553,1400),(94,22,'Chalamera',58,53),(94,23,'Vilches',2357,2332),(94,24,'Mansilla de las Mulas',919,886),(94,25,'Foradada',99,75),(94,26,'Manzanares de Rioja',50,33),(94,28,'Navalafuente',620,581),(94,29,'Vélez-Málaga',38769,39397),(94,31,'Eslava',64,59),(94,34,'Ledigos',37,27),(94,39,'Valderredible',556,445),(94,40,'Garcillán',237,216),(94,41,'Umbrete',4331,4275),(94,42,'Garray',376,326),(94,43,'Móra la Nova',1600,1585),(94,44,'Cuevas Labradas',68,55),(94,45,'Mascaraque',244,235),(94,46,'Catarroja',13727,13961),(94,47,'Moral de la Reina',107,84),(94,48,'Igorre',2062,2179),(94,49,'Hermisende',145,128),(94,50,'Daroca',1040,1073),(95,3,'Ondara',3319,3298),(95,4,'Uleila del Campo',456,441),(95,5,'Higuera de las Dueñas',164,138),(95,6,'Olivenza',6040,6050),(95,8,'Granera',53,27),(95,9,'Celada del Camino',51,46),(95,10,'Herreruela',189,186),(95,12,'Ribesalbes',623,610),(95,13,'Villar del Pozo',53,46),(95,16,'Graja de Campalbo',51,50),(95,17,'Lloret de Mar',19338,18280),(95,18,'Güevéjar',1341,1199),(95,19,'Condemios de Abajo',11,9),(95,22,'Chía',57,33),(95,23,'Villacarrillo',5578,5462),(95,24,'Mansilla Mayor',183,161),(95,26,'Matute',55,54),(95,28,'Navalagamella',1272,1190),(95,29,'Villanueva de Algaidas',2219,2118),(95,31,'Esparza de Salazar/Espartza Zaraitzu',45,42),(95,39,'Val de San Vicente',1448,1349),(95,40,'Gomezserracín',348,328),(95,41,'Utrera',26176,26382),(95,42,'Golmayo',1300,1184),(95,43,'Morell, El',1808,1716),(95,45,'Mata, La',459,458),(95,46,'Caudete de las Fuentes',384,340),(95,47,'Moraleja de las Panaderas',27,13),(95,48,'Zaldibar',1534,1529),(95,49,'Hiniesta, La',171,162),(95,50,'Ejea de los Caballeros',8588,8166),(96,3,'Onil',3769,3779),(96,4,'Urrácal',170,166),(96,5,'Hija de Dios, La',47,35),(96,6,'Orellana de la Sierra',134,111),(96,8,'Granollers',29712,30389),(96,10,'Hervás',2074,2120),(96,12,'Rossell',533,487),(96,13,'Villarrubia de los Ojos',5257,5237),(96,16,'Graja de Iniesta',192,178),(96,17,'Llosses, Les',129,97),(96,18,'Huélago',221,209),(96,19,'Condemios de Arriba',69,59),(96,22,'Chimillas',182,176),(96,23,'Villanueva de la Reina',1642,1603),(96,24,'Maraña',82,56),(96,25,'Fuliola, La',653,638),(96,26,'Medrano',168,148),(96,28,'Navalcarnero',13307,13365),(96,29,'Villanueva del Rosario',1715,1793),(96,31,'Espronceda',66,48),(96,34,'Lomas',37,19),(96,37,'Castillejo de Martín Viejo',134,104),(96,39,'Vega de Liébana',422,371),(96,41,'Valencina de la Concepción',3944,4004),(96,42,'Gómara',184,151),(96,43,'Morera de Montsant, La',86,61),(96,44,'Ejulve',102,98),(96,45,'Mazarambroz',665,622),(96,46,'Cerdà',185,176),(96,47,'Morales de Campos',83,72),(96,48,'Zalla',4164,4313),(96,49,'Jambrina',93,86),(96,50,'Embid de Ariza',22,25),(97,3,'Orba',1097,1113),(97,4,'Velefique',145,123),(97,5,'Horcajada, La',266,259),(97,6,'Orellana la Vieja',1473,1363),(97,8,'Gualba',722,692),(97,10,'Higuera',68,46),(97,12,'Sacañet',48,32),(97,13,'Villarta de San Juan',1488,1465),(97,16,'Henarejos',85,84),(97,17,'Madremanya',138,138),(97,18,'Huéneja',618,550),(97,19,'Congostrina',14,7),(97,23,'Villanueva del Arzobispo',4378,4106),(97,24,'Matadeón de los Oteros',134,120),(97,25,'Fulleda',47,47),(97,28,'Navarredonda y San Mamés',84,52),(97,29,'Villanueva del Trabuco',2615,2631),(97,31,'Estella-Lizarra',6584,7118),(97,37,'Castraz',24,13),(97,39,'Vega de Pas',417,397),(97,40,'Grajera',127,107),(97,41,'Villamanrique de la Condesa',2214,2289),(97,42,'Gormaz',21,7),(97,43,'Nou de Gaià, La',264,273),(97,44,'Escorihuela',79,79),(97,45,'Mejorada',667,627),(97,46,'Cofrentes',560,537),(97,47,'Mota del Marqués',200,192),(97,48,'Zaratamo',800,813),(97,49,'Justel',60,39),(98,3,'Orxeta',436,414),(98,4,'Vélez-Blanco',1057,978),(98,6,'Palomas',345,352),(98,8,'Sant Salvador de Guardiola',1583,1543),(98,9,'Cerezo de Río Tirón',322,276),(98,10,'Hinojal',210,207),(98,12,'Salzadella, la',384,378),(98,13,'Viso del Marqués',1231,1293),(98,16,'Herrumblar, El',371,346),(98,17,'Maià de Montcal',229,217),(98,18,'Huéscar',3790,3887),(98,19,'Copernal',18,10),(98,23,'Villardompardo',514,515),(98,24,'Matallana de Torío',706,639),(98,25,'Gavet de la Conca',142,145),(98,26,'Munilla',58,58),(98,29,'Villanueva de Tapia',779,765),(98,31,'Esteribar',1352,1246),(98,34,'Magaz de Pisuerga',514,461),(98,37,'Cepeda',187,184),(98,39,'Villacarriedo',875,794),(98,41,'Villanueva del Ariscal',3133,3262),(98,42,'Herrera de Soria',7,4),(98,43,'Nulles',233,215),(98,45,'Menasalbas',1472,1342),(98,46,'Corbera',1613,1620),(98,47,'Mucientes',352,347),(98,49,'Losacino',133,108),(98,50,'Encinacorba',112,110),(99,3,'Orihuela',41273,41402),(99,4,'Vélez-Rubio',3304,3463),(99,5,'Horcajo de las Torres',311,245),(99,6,'Parra, La',711,672),(99,8,'Guardiola de Berguedà',493,437),(99,10,'Holguera',344,348),(99,12,'Sant Jordi/San Jorge',520,500),(99,16,'Hinojosa, La',107,107),(99,17,'Meranges',58,42),(99,18,'Huétor de Santillán',960,912),(99,19,'Corduente',203,162),(99,22,'Esplús',316,303),(99,23,'Villares, Los',3000,2999),(99,24,'Matanza',110,87),(99,25,'Golmés',882,888),(99,26,'Murillo de Río Leza',870,838),(99,28,'Navas del Rey',1394,1234),(99,29,'Viñuela',1046,967),(99,31,'Etayo',37,35),(99,34,'Manquillos',41,36),(99,37,'Cereceda de la Sierra',42,37),(99,39,'Villaescusa',1907,1919),(99,40,'Honrubia de la Cuesta',37,28),(99,41,'Villanueva del Río y Minas',2464,2480),(99,43,'Palma d\'Ebre, La',178,198),(99,44,'Escucha',523,430),(99,45,'Méntrida',2576,2408),(99,46,'Cortes de Pallás',532,461),(99,47,'Mudarra, La',86,80),(99,49,'Losacio',71,73),(99,50,'Épila',2379,2166),(100,3,'Parcent',497,500),(100,4,'Vera',7669,7439),(100,5,'Hornillo, El',169,148),(100,6,'Peñalsordo',502,540),(100,8,'Gurb',1318,1227),(100,9,'Cerratón de Juarros',37,18),(100,10,'Hoyos',461,473),(100,12,'Sant Mateu',986,1009),(100,16,'Hinojosos, Los',429,455),(100,17,'Masarac',154,140),(100,18,'Huétor Tájar',5103,5044),(100,24,'Molinaseca',487,405),(100,25,'Gósol',131,95),(100,26,'Muro de Aguas',35,23),(100,28,'Nuevo Baztán',3100,2998),(100,29,'Yunquera',1519,1464),(100,31,'Eulate',166,137),(100,34,'Mantinos',87,69),(100,37,'Cerezal de Peñahorcada',46,35),(100,39,'Villafufre',540,492),(100,40,'Hontalbilla',167,149),(100,41,'Villanueva de San Juan',589,643),(100,42,'Hinojosa del Campo',21,11),(100,43,'Pallaresos, Els',2298,2249),(100,44,'Estercuel',131,98),(100,45,'Mesegar de Tajo',116,112),(100,46,'Cotes',178,179),(100,47,'Muriel',77,69),(100,49,'Lubián',183,162),(100,50,'Erla',186,185),(101,3,'Pedreguer',3636,3701),(101,4,'Viator',2947,2751),(101,5,'Hoyocasero',206,163),(101,6,'Peraleda del Zaucejo',290,275),(101,8,'Hospitalet de Llobregat, L\'',122224,129947),(101,9,'Ciadoncha',47,34),(101,10,'Huélaga',111,109),(101,12,'San Rafael del Río',254,248),(101,16,'Hito, El',94,79),(101,17,'Massanes',381,341),(101,18,'Huétor Vega',5950,5899),(101,23,'Villarrodrigo',225,213),(101,24,'Murias de Paredes',210,216),(101,25,'Granadella, La',369,343),(101,26,'Muro en Cameros',30,18),(101,28,'Olmeda de las Fuentes',176,162),(101,31,'Ezcabarte',957,877),(101,34,'Marcilla de Campos',19,21),(101,37,'Cerralbo',98,80),(101,39,'Valle de Villaverde',167,169),(101,40,'Hontanares de Eresma',685,616),(101,41,'Villaverde del Río',3987,3836),(101,43,'Passanant i Belltall',100,73),(101,44,'Ferreruela de Huerva',37,32),(101,45,'Miguel Esteban',2534,2546),(101,46,'Quart de les Valls',506,550),(101,47,'Nava del Rey',1093,1032),(101,49,'Luelmo',88,83),(101,50,'Escatrón',531,553),(102,3,'Pego',5195,5136),(102,4,'Vícar',13011,11560),(102,5,'Hoyo de Pinares, El',1205,1103),(102,6,'Puebla de Alcocer',606,634),(102,8,'Igualada',18950,19801),(102,9,'Cillaperlata',25,12),(102,10,'Ibahernando',269,285),(102,12,'Santa Magdalena de Pulpis',438,372),(102,16,'Honrubia',821,829),(102,17,'Maçanet de Cabrenys',379,376),(102,18,'Illora',5203,5220),(102,19,'Cubillo de Uceda, El',76,69),(102,22,'Estada',114,96),(102,24,'Noceda del Bierzo',362,365),(102,25,'Granja d\'Escarp, La',528,473),(102,26,'Nájera',4046,4139),(102,28,'Orusco de Tajuña',632,628),(102,31,'Ezkurra',103,51),(102,34,'Mazariegos',128,93),(102,37,'Cerro, El',225,224),(102,39,'Voto',1445,1284),(102,41,'Viso del Alcor, El',9605,9544),(102,43,'Paüls',285,297),(102,44,'Fonfría',18,13),(102,45,'Mocejón',2466,2408),(102,46,'Quart de Poblet',12217,12647),(102,47,'Nueva Villa de las Torres',180,136),(102,49,'Maderal, El',110,104),(102,50,'Fabara',666,561),(103,3,'Penàguila',193,160),(103,4,'Zurgena',1504,1526),(103,5,'Hoyorredondo',43,34),(103,6,'Puebla de la Calzada',2974,2996),(103,8,'Jorba',422,416),(103,9,'Cilleruelo de Abajo',129,108),(103,10,'Jaraicejo',248,262),(103,12,'Serratella, la',54,47),(103,16,'Hontanaya',172,147),(103,17,'Maçanet de la Selva',3527,3360),(103,18,'Itrabo',511,507),(103,19,'Checa',175,114),(103,22,'Estadilla',392,427),(103,24,'Oencia',176,134),(103,25,'Granyanella',81,65),(103,26,'Nalda',510,442),(103,31,'Ezprogui',24,23),(103,34,'Mazuecos de Valdeginate',56,42),(103,37,'Cespedosa de Tormes',284,250),(103,40,'Huertos, Los',107,74),(103,42,'Langa de Duero',408,348),(103,43,'Perafort',697,623),(103,44,'Formiche Alto',98,82),(103,45,'Mohedas de la Jara',248,205),(103,46,'Quartell',760,797),(103,47,'Olivares de Duero',174,143),(103,49,'Madridanos',246,232),(104,3,'Petrer',17243,17343),(104,5,'Hoyos del Collado',20,13),(104,6,'Puebla de la Reina',400,389),(104,8,'Llacuna, La',476,407),(104,9,'Cilleruelo de Arriba',31,28),(104,10,'Jaraíz de la Vera',3242,3239),(104,12,'Segorbe',4486,4587),(104,16,'Hontecillas',31,27),(104,19,'Chequilla',11,10),(104,24,'Omañas, Las',157,134),(104,25,'Granyena de Segarra',70,69),(104,26,'Navajún',12,4),(104,28,'Paracuellos de Jarama',11353,10940),(104,31,'Falces',1204,1186),(104,34,'Melgar de Yuso',152,111),(104,37,'Cilleros de la Bastida',14,12),(104,40,'Ituero y Lama',202,173),(104,43,'Perelló, El',1500,1425),(104,45,'Montearagón',288,266),(104,46,'Quatretonda',1201,1177),(104,47,'Olmedo',1836,1908),(104,49,'Mahide',208,173),(104,50,'Farlete',206,208),(105,3,'Pinós, el/Pinoso',3881,3814),(105,5,'Hoyos del Espino',195,169),(105,6,'Puebla del Maestre',391,368),(105,8,'Llagosta, La',6531,6721),(105,9,'Ciruelos de Cervera',61,50),(105,10,'Jarandilla de la Vera',1471,1484),(105,12,'Sierra Engarcerán',540,478),(105,17,'Mieres',169,161),(105,18,'Iznalloz',3086,2930),(105,19,'Chiloeches',1715,1576),(105,22,'Estopiñán del Castillo',78,69),(105,24,'Onzonilla',907,851),(105,25,'Granyena de les Garrigues',96,65),(105,26,'Navarrete',1475,1453),(105,31,'Fitero',1005,1017),(105,40,'Juarros de Riomoros',35,24),(105,42,'Liceras',29,28),(105,43,'Piles, Les',112,97),(105,44,'Fórnoles',43,43),(105,45,'Montesclaros',236,204),(105,46,'Cullera',11070,11166),(105,47,'Olmos de Esgueva',119,107),(105,49,'Maire de Castroponce',89,75),(105,50,'Fayón',185,170),(106,3,'Planes',396,357),(106,5,'Hoyos de Miguel Muñoz',18,17),(106,6,'Puebla del Prior',262,253),(106,8,'Llinars del Vallès',4742,4828),(106,10,'Jarilla',75,71),(106,12,'Soneja',722,754),(106,16,'Horcajo de Santiago',1896,1793),(106,17,'Mollet de Peralada',95,85),(106,19,'Chillarón del Rey',64,47),(106,22,'Fago',16,9),(106,24,'Oseja de Sajambre',168,111),(106,26,'Nestares',53,44),(106,28,'Parla',62686,62370),(106,31,'Fontellas',489,472),(106,34,'Meneses de Campos',62,59),(106,37,'Cipérez',144,140),(106,40,'Juarros de Voltoya',120,118),(106,42,'Losilla, La',10,6),(106,43,'Pinell de Brai, El',533,520),(106,44,'Fortanete',118,85),(106,45,'Mora',5080,4997),(106,46,'Chelva',751,695),(106,47,'Olmos de Peñafiel',36,29),(106,50,'Fayos, Los',78,73),(107,3,'Polop',2252,2117),(107,5,'Hurtumpascual',38,24),(107,6,'Puebla de Obando',954,940),(107,8,'Lliçà d\'Amunt',7498,7244),(107,10,'Jerte',650,632),(107,12,'Sot de Ferrer',219,209),(107,16,'Huélamo',64,42),(107,17,'Molló',160,170),(107,18,'Jayena',595,583),(107,19,'Driebes',195,180),(107,22,'Fanlo',69,43),(107,24,'Pajares de los Oteros',192,116),(107,26,'Nieva de Cameros',60,33),(107,28,'Patones',259,265),(107,31,'Funes',1328,1143),(107,34,'Micieces de Ojeda',47,36),(107,37,'Ciudad Rodrigo',6310,6742),(107,40,'Labajos',80,65),(107,42,'Magaña',51,36),(107,43,'Pira',262,232),(107,44,'Foz-Calanda',143,126),(107,45,'Nambroca',2271,2171),(107,46,'Chella',1277,1327),(107,49,'Malva',67,73),(107,50,'Figueruelas',621,608),(108,5,'Junciana',28,25),(108,6,'Puebla de Sancho Pérez',1405,1388),(108,8,'Lliçà de Vall',3254,3129),(108,9,'Cogollos',249,202),(108,10,'Ladrillar',117,105),(108,12,'Sueras/Suera',289,275),(108,16,'Huelves',26,27),(108,18,'Jerez del Marquesado',525,496),(108,19,'Durón',64,65),(108,24,'Palacios de la Valduerna',208,217),(108,26,'Ocón',176,106),(108,28,'Pedrezuela',2652,2619),(108,31,'Fustiñana',1248,1263),(108,34,'Monzón de Campos',322,301),(108,37,'Coca de Alba',50,55),(108,40,'Laguna de Contreras',69,55),(108,42,'Maján',7,6),(108,43,'Pla de Santa Maria, El',1212,1121),(108,44,'Fresneda, La',265,209),(108,45,'Nava de Ricomalillo, La',303,294),(108,46,'Chera',283,244),(108,49,'Manganeses de la Lampreana',262,257),(108,50,'Fombuena',31,20),(109,3,'Rafal',2094,2073),(109,5,'Langa',269,251),(109,6,'Quintana de la Serena',2433,2385),(109,8,'Lluçà',139,141),(109,9,'Condado de Treviño',782,580),(109,10,'Logrosán',1047,1021),(109,12,'Tales',419,417),(109,16,'Huérguina',29,27),(109,17,'Montagut i Oix',498,451),(109,18,'Jete',466,442),(109,19,'Embid',25,19),(109,22,'Fiscal',192,169),(109,24,'Palacios del Sil',595,495),(109,25,'Guimerà',152,125),(109,26,'Ochánduri',59,39),(109,28,'Pelayos de la Presa',1229,1226),(109,31,'Galar',1097,977),(109,34,'Moratinos',36,24),(109,37,'Colmenar de Montemayor',105,84),(109,40,'Languilla',45,40),(109,43,'Pobla de Mafumet, La',1897,1778),(109,44,'Frías de Albarracín',72,59),(109,45,'Navahermosa',2009,1869),(109,46,'Cheste',4317,4142),(109,47,'Palazuelo de Vedija',109,97),(109,49,'Manganeses de la Polvorosa',355,364),(109,50,'Frago, El',65,39),(110,3,'Ràfol d\'Almúnia, el',318,317),(110,5,'Lanzahíta',470,435),(110,6,'Reina',81,88),(110,8,'Malgrat de Mar',9183,9188),(110,9,'Contreras',50,32),(110,10,'Losar de la Vera',1456,1377),(110,12,'Teresa',143,134),(110,16,'Huerta de la Obispalía',78,55),(110,17,'Mont-ras',859,851),(110,19,'Escamilla',35,36),(110,22,'Fonz',483,461),(110,24,'Páramo del Sil',713,690),(110,25,'Guissona',3637,3225),(110,26,'Ojacastro',108,79),(110,28,'Perales de Tajuña',1441,1430),(110,31,'Gallipienzo/Galipentzu',60,46),(110,34,'Mudá',49,45),(110,37,'Cordovilla',73,59),(110,40,'Lastras de Cuéllar',207,200),(110,42,'Matalebreras',45,32),(110,43,'Pobla de Massaluca, La',182,159),(110,44,'Fuenferrada',32,25),(110,45,'Navalcán',1160,1006),(110,46,'Xirivella',14301,14662),(110,47,'Parrilla, La',251,251),(110,49,'Manzanal de Arriba',213,185),(110,50,'Frasno, El',225,190),(111,3,'Redován',4006,3700),(111,6,'Rena',337,318),(111,8,'Malla',132,130),(111,10,'Madrigal de la Vera',891,814),(111,12,'Tírig',251,238),(111,16,'Huerta del Marquesado',123,87),(111,17,'Navata',652,671),(111,18,'Jun',1842,1778),(111,19,'Escariche',108,79),(111,22,'Foradada del Toscar',101,86),(111,25,'Guixers',89,53),(111,26,'Ollauri',150,131),(111,28,'Pezuela de las Torres',407,376),(111,31,'Gallués/Galoze',64,39),(111,40,'Lastras del Pozo',38,41),(111,42,'Matamala de Almazán',178,151),(111,43,'Pobla de Montornès, La',1518,1343),(111,44,'Fuentes Calientes',51,42),(111,45,'Navalmoralejo',35,35),(111,46,'Chiva',7747,7257),(111,47,'Pedraja de Portillo, La',588,555),(111,49,'Manzanal del Barco',74,68),(111,50,'Fréscano',109,96),(112,3,'Relleu',631,648),(112,5,'Losar del Barco, El',54,55),(112,6,'Retamal de Llerena',249,226),(112,8,'Manlleu',10096,10132),(112,9,'Coruña del Conde',78,46),(112,10,'Madrigalejo',930,925),(112,12,'Todolella',80,60),(112,16,'Huete',954,908),(112,17,'Ogassa',136,96),(112,18,'Juviles',72,81),(112,19,'Escopete',30,32),(112,22,'Fraga',7614,7307),(112,24,'Peranzanes',187,140),(112,25,'Ivars de Noguera',177,169),(112,26,'Ortigosa de Cameros',151,109),(112,28,'Pinilla del Valle',113,87),(112,31,'Garaioa',53,44),(112,34,'Nogal de las Huertas',26,18),(112,37,'Cristóbal',99,76),(112,40,'Lastrilla, La',1874,1795),(112,43,'Poboleda',196,167),(112,44,'Fuentes Claras',294,234),(112,45,'Navalmorales, Los',1448,1309),(112,46,'Chulilla',353,323),(112,47,'Pedrajas de San Esteban',1767,1665),(112,49,'Manzanal de los Infantes',81,61),(113,3,'Rojales',9188,8939),(113,5,'Llanos de Tormes, Los',39,43),(113,6,'Ribera del Fresno',1711,1729),(113,8,'Manresa',36397,38258),(113,9,'Covarrubias',312,273),(113,10,'Madroñera',1345,1350),(113,12,'Toga',53,53),(113,16,'Iniesta',2151,2231),(113,19,'Espinosa de Henares',360,336),(113,22,'Fueva, La',324,298),(113,24,'Pobladura de Pelayo García',202,194),(113,25,'Ivars d\'Urgell',831,760),(113,26,'Pazuengos',25,10),(113,28,'Pinto',24224,24436),(113,31,'Garde',96,61),(113,34,'Olea de Boedo',13,23),(113,37,'Cubo de Don Sancho, El',249,216),(113,40,'Losa, La',293,242),(113,42,'Medinaceli',363,369),(113,43,'Pont d\'Armentera, El',277,268),(113,44,'Fuentes de Rubielos',66,55),(113,45,'Navalucillos, Los',1216,1141),(113,46,'Daimús',1529,1525),(113,47,'Pedrosa del Rey',106,92),(113,49,'Matilla de Arzón',109,75),(113,50,'Fuendejalón',448,385),(114,3,'Romana, la',1253,1178),(114,5,'Madrigal de las Altas Torres',777,747),(114,6,'Risco',81,77),(114,8,'Martorell',14149,13545),(114,9,'Cubillo del Campo',54,46),(114,10,'Majadas',670,673),(114,12,'Torás',117,114),(114,17,'Olot',16845,17099),(114,18,'Calahorra, La',359,360),(114,19,'Esplegares',26,14),(114,22,'Gistaín',76,62),(114,24,'Pola de Gordón, La',1749,1773),(114,25,'Ivorra',55,51),(114,26,'Pedroso',55,26),(114,28,'Piñuécar-Gandullas',97,78),(114,31,'Garínoain',269,221),(114,34,'Olmos de Ojeda',130,83),(114,37,'Chagarcía Medianero',49,46),(114,43,'Porrera',243,205),(114,44,'Fuentespalda',143,142),(114,45,'Navamorcuende',342,326),(114,46,'Domeño',365,353),(114,47,'Peñafiel',2709,2710),(114,49,'Matilla la Seca',23,23),(114,50,'Fuendetodos',76,68),(115,3,'Sagra',211,199),(115,5,'Maello',334,313),(115,6,'Roca de la Sierra, La',741,774),(115,8,'Martorelles',2370,2386),(115,9,'Cubo de Bureba',59,44),(115,10,'Malpartida de Cáceres',2168,2169),(115,12,'Toro, El',139,112),(115,16,'Laguna del Marquesado',27,21),(115,17,'Ordis',208,181),(115,18,'Láchar',1666,1597),(115,19,'Establés',19,10),(115,22,'Grado, El',227,206),(115,24,'Ponferrada',31935,34949),(115,25,'Isona i Conca Dellà',558,506),(115,26,'Pinillos',8,7),(115,28,'Pozuelo de Alarcón',40498,44060),(115,31,'Garralda',96,89),(115,37,'Dios le Guarde',74,67),(115,40,'Maderuelo',63,56),(115,42,'Miño de Medinaceli',48,28),(115,43,'Pradell de la Teixeta',82,101),(115,44,'Galve',86,81),(115,45,'Noblejas',1808,1726),(115,46,'Dos Aguas',251,192),(115,47,'Peñaflor de Hornija',179,140),(115,49,'Mayalde',111,96),(115,50,'Fuentes de Ebro',2385,2209),(116,3,'Salinas',812,785),(116,5,'Malpartida de Corneja',62,61),(116,6,'Salvaleón',937,956),(116,8,'Masies de Roda, Les',354,361),(116,10,'Malpartida de Plasencia',2365,2349),(116,12,'Torralba del Pinar',34,37),(116,16,'Lagunaseca',52,42),(116,17,'Osor',217,204),(116,18,'Lanjarón',1838,1877),(116,19,'Estriégana',13,8),(116,22,'Grañén',973,886),(116,24,'Posada de Valdeón',279,198),(116,28,'Pozuelo del Rey',562,509),(116,31,'Genevilla',43,32),(116,34,'Osornillo',32,31),(116,37,'Doñinos de Ledesma',35,37),(116,42,'Miño de San Esteban',33,20),(116,43,'Prades',319,304),(116,44,'Gargallo',54,49),(116,45,'Noez',473,453),(116,46,'Eliana, l\'',8559,8877),(116,47,'Pesquera de Duero',263,211),(116,49,'Melgar de Tera',220,210),(116,50,'Fuentes de Jiloca',120,99),(117,3,'Sanet y Negrals',329,345),(117,5,'Mamblas',122,98),(117,6,'Salvatierra de los Barros',842,870),(117,8,'Masies de Voltregà, Les',1554,1611),(117,9,'Cueva de Roa, La',50,49),(117,10,'Marchagaz',118,102),(117,12,'Torreblanca',2744,2669),(117,16,'Landete',678,632),(117,17,'Palafrugell',11313,11420),(117,18,'Lanteira',286,260),(117,19,'Fontanar',1228,1110),(117,22,'Graus',1687,1684),(117,24,'Pozuelo del Páramo',244,234),(117,26,'Pradejón',2045,1931),(117,28,'Prádena del Rincón',74,48),(117,31,'Goizueta',400,336),(117,37,'Doñinos de Salamanca',1027,925),(117,42,'Molinos de Duero',92,86),(117,43,'Prat de Comte',89,76),(117,44,'Gea de Albarracín',203,184),(117,45,'Nombela',487,459),(117,46,'Emperador',359,328),(117,47,'Piña de Esgueva',169,161),(117,49,'Micereces de Tera',246,244),(117,50,'Gallocanta',90,70),(118,3,'San Fulgencio',4527,4494),(118,5,'Mancera de Arriba',50,38),(118,6,'Sancti-Spíritus',125,102),(118,8,'Masnou, El',11062,11861),(118,10,'Mata de Alcántara',166,154),(118,12,'Torrechiva',48,33),(118,16,'Ledaña',816,846),(118,17,'Palamós',8751,9160),(118,19,'Fuembellida',8,5),(118,24,'Prado de la Guzpeña',79,61),(118,25,'Juncosa',230,191),(118,26,'Pradillo',31,30),(118,28,'Puebla de la Sierra',48,25),(118,31,'Goñi',106,64),(118,37,'Ejeme',79,58),(118,40,'Marazuela',32,22),(118,42,'Momblona',16,7),(118,43,'Pratdip',368,329),(118,44,'Ginebrosa, La',114,89),(118,45,'Novés',1408,1319),(118,46,'Enguera',2535,2548),(118,47,'Piñel de Abajo',98,85),(118,49,'Milles de la Polvorosa',123,107),(118,50,'Gallur',1354,1341),(119,3,'Sant Joan d\'Alacant',11058,11767),(119,5,'Manjabálago y Ortigosa de Rioalmar',21,13),(119,6,'San Pedro de Mérida',447,430),(119,8,'Masquefa',4214,4121),(119,9,'Cuevas de San Clemente',17,32),(119,10,'Membrío',340,355),(119,12,'Torre d\'En Besora, la',94,69),(119,16,'Leganiel',97,92),(119,17,'Palau de Santa Eulàlia',54,34),(119,18,'Lecrín',1083,1055),(119,19,'Fuencemillán',57,42),(119,22,'Gurrea de Gállego',798,747),(119,24,'Priaranza del Bierzo',405,397),(119,25,'Juneda',1757,1627),(119,26,'Préjano',139,105),(119,28,'Quijorna',1620,1576),(119,31,'Güesa/Gorza',25,18),(119,37,'Encina, La',74,43),(119,40,'Martín Miguel',131,91),(119,42,'Monteagudo de las Vicarías',111,107),(119,43,'Puigpelat',577,542),(119,44,'Griegos',94,63),(119,45,'Numancia de la Sagra',2501,2262),(119,46,'Ènova, l\'',483,458),(119,47,'Piñel de Arriba',50,49),(119,49,'Molacillos',144,125),(119,50,'Gelsa',567,520),(120,3,'San Miguel de Salinas',3379,3394),(120,5,'Marlín',24,13),(120,6,'Santa Amalia',2089,2060),(120,8,'Matadepera',4461,4439),(120,9,'Encío',25,21),(120,10,'Mesas de Ibor',101,86),(120,12,'Torre d\'en Doménec, la',109,108),(120,17,'Palau-saverdera',742,743),(120,18,'Lentegí',183,163),(120,19,'Fuentelahiguera de Albatages',77,59),(120,24,'Prioro',215,161),(120,25,'Lleida',68412,70130),(120,26,'Quel',1043,953),(120,28,'Rascafría',948,791),(120,31,'Guesálaz/Gesalatz',267,183),(120,34,'Palencia',37516,42079),(120,37,'Encina de San Silvestre',58,52),(120,40,'Martín Muñoz de la Dehesa',119,103),(120,42,'Montejo de Tiermes',117,57),(120,43,'Querol',312,251),(120,44,'Guadalaviar',143,104),(120,45,'Nuño Gómez',80,74),(120,46,'Estivella',685,695),(120,49,'Molezuelas de la Carballeda',48,38),(120,50,'Godojos',20,15),(121,3,'Santa Pola',15975,15682),(121,5,'Martiherrero',159,148),(121,6,'Santa Marta',2163,2138),(121,8,'Mataró',62045,62822),(121,10,'Miajadas',4944,5000),(121,12,'Traiguera',775,759),(121,16,'Majadas, Las',146,138),(121,17,'Palau-sator',157,141),(121,18,'Lobras',84,82),(121,19,'Fuentelencina',188,144),(121,24,'Puebla de Lillo',398,317),(121,25,'Les',476,477),(121,26,'Rabanera',25,9),(121,28,'Redueña',137,122),(121,31,'Guirguillano',42,39),(121,34,'Palenzuela',112,96),(121,37,'Encinas de Abajo',343,323),(121,40,'Martín Muñoz de las Posadas',179,158),(121,42,'Montenegro de Cameros',43,27),(121,43,'Rasquera',430,434),(121,44,'Gúdar',43,34),(121,45,'Ocaña',5506,5289),(121,46,'Estubeny',59,60),(121,47,'Pollos',329,294),(121,49,'Mombuey',230,197),(121,50,'Gotor',177,157),(122,3,'San Vicente del Raspeig/Sant Vicent del Raspeig',27906,28396),(122,5,'Martínez',75,64),(122,6,'Santos de Maimona, Los',4194,4060),(122,8,'Mediona',1147,1126),(122,9,'Espinosa de Cervera',60,40),(122,10,'Millanes',135,122),(122,12,'Useras/Useres, les',532,482),(122,16,'Mariana',164,156),(122,18,'Loja',10475,10418),(122,19,'Fuentelsaz',56,48),(122,22,'Hoz de Jaca',35,33),(122,24,'Puente de Domingo Flórez',814,760),(122,25,'Linyola',1339,1313),(122,26,'Rasillo de Cameros, El',79,72),(122,28,'Ribatejada',344,363),(122,31,'Huarte/Uharte',3397,3379),(122,34,'Páramo de Boedo',59,52),(122,37,'Encinas de Arriba',127,121),(122,40,'Marugán',333,291),(122,43,'Renau',79,72),(122,44,'Híjar',888,873),(122,45,'Olías del Rey',3682,3547),(122,46,'Faura',1759,1718),(122,47,'Portillo',1270,1171),(122,49,'Monfarracinos',504,488),(122,50,'Grisel',45,29),(123,3,'Sax',4881,4815),(123,5,'Mediana de Voltoya',53,53),(123,6,'San Vicente de Alcántara',2863,2826),(123,8,'Molins de Rei',12255,12900),(123,9,'Espinosa del Camino',26,18),(123,10,'Mirabel',343,344),(123,12,'Vallat',21,31),(123,16,'Masegosa',44,35),(123,17,'Palol de Revardit',240,226),(123,18,'Lugros',176,144),(123,19,'Fuentelviejo',33,37),(123,24,'Quintana del Castillo',440,370),(123,25,'Lladorre',111,118),(123,26,'Redal, El',80,63),(123,28,'Rivas-Vaciamadrid',40686,40787),(123,31,'Uharte Arakil',443,397),(123,34,'Paredes de Nava',1008,973),(123,37,'Encinasola de los Comendadores',104,90),(123,40,'Matabuena',109,84),(123,42,'Morón de Almazán',113,103),(123,43,'Reus',50011,53183),(123,44,'Hinojosa de Jarque',77,59),(123,45,'Ontígola',2257,1975),(123,46,'Favara',1237,1224),(123,47,'Pozal de Gallinas',306,255),(123,49,'Montamarta',314,290),(123,50,'Grisén',332,324),(124,3,'Sella',317,271),(124,5,'Medinilla',53,59),(124,6,'Segura de León',998,1014),(124,8,'Mollet del Vallès',25648,26002),(124,9,'Espinosa de los Monteros',945,843),(124,10,'Mohedas de Granadilla',429,420),(124,12,'Vall d\'Alba',1478,1366),(124,16,'Mesas, Las',1217,1171),(124,17,'Pals',1265,1236),(124,18,'Lújar',274,243),(124,19,'Fuentenovilla',297,246),(124,22,'Huerto',132,106),(124,24,'Quintana del Marco',221,186),(124,25,'Lladurs',103,90),(124,26,'Ribafrecha',538,483),(124,28,'Robledillo de la Jara',51,49),(124,31,'Ibargoiti',145,104),(124,34,'Payo de Ojeda',37,26),(124,37,'Endrinal',129,109),(124,40,'Mata de Cuéllar',144,136),(124,42,'Muriel de la Fuente',37,29),(124,43,'Riba, La',325,280),(124,44,'Hoz de la Vieja, La',44,38),(124,45,'Orgaz',1367,1371),(124,46,'Fontanars dels Alforins',517,486),(124,47,'Pozaldez',272,227),(124,49,'Moral de Sayago',157,121),(124,50,'Herrera de los Navarros',290,260),(125,3,'Senija',320,290),(125,5,'Mengamuñoz',31,32),(125,6,'Siruela',1007,1010),(125,8,'Montcada i Reixac',16941,17436),(125,9,'Estépar',396,268),(125,10,'Monroy',516,521),(125,12,'Vall de Almonacid',140,122),(125,16,'Minglanilla',1233,1134),(125,17,'Pardines',87,68),(125,19,'Gajanejos',31,19),(125,22,'Huesca',24983,27256),(125,24,'Quintana y Congosto',185,187),(125,25,'Llardecans',253,238),(125,26,'Rincón de Soto',1897,1832),(125,28,'Robledo de Chavela',2075,1880),(125,31,'Igúzquiza',172,160),(125,34,'Pedraza de Campos',49,47),(125,37,'Escurial de la Sierra',140,114),(125,40,'Matilla, La',59,46),(125,42,'Muriel Viejo',57,41),(125,43,'Riba-roja d\'Ebre',618,554),(125,44,'Huesa del Común',43,30),(125,45,'Oropesa',1361,1410),(125,46,'Fortaleny',518,521),(125,47,'Pozuelo de la Orden',38,25),(125,49,'Moraleja del Vino',856,804),(125,50,'Ibdes',240,215),(126,5,'Mesegar de Corneja',41,34),(126,6,'Solana de los Barros',1342,1350),(126,8,'Montgat',5721,5780),(126,10,'Montánchez',913,915),(126,12,'Vall d\'Uixó, la',15703,15968),(126,16,'Mira',493,494),(126,17,'Parlavà',208,190),(126,18,'Malahá, La',918,916),(126,19,'Galápagos',1264,1104),(126,22,'Ibieca',60,50),(126,25,'Llavorsí',179,175),(126,26,'Robres del Castillo',20,11),(126,28,'Robregordo',28,20),(126,31,'Imotz',227,205),(126,34,'Pedrosa de la Vega',189,158),(126,37,'Espadaña',20,16),(126,40,'Melque de Cercos',46,45),(126,43,'Riera de Gaià, La',841,838),(126,44,'Iglesuela del Cid, La',224,208),(126,45,'Otero',189,182),(126,46,'Foios',3528,3671),(126,47,'Puras',28,27),(126,49,'Moraleja de Sayago',142,124),(126,50,'Illueca',1554,1585),(127,3,'Tàrbena',346,315),(127,5,'Mijares',418,349),(127,6,'Talarrubias',1794,1782),(127,8,'Monistrol de Montserrat',1473,1428),(127,9,'Fontioso',30,24),(127,10,'Montehermoso',2984,2860),(127,12,'Vallibona',47,38),(127,18,'Maracena',10743,11073),(127,19,'Galve de Sorbe',61,48),(127,22,'Igriés',365,327),(127,24,'Regueras de Arriba',177,149),(127,25,'Lles de Cerdanya',148,109),(127,26,'Rodezno',154,120),(127,28,'Rozas de Madrid, Las',45322,48198),(127,31,'Irañeta',96,76),(127,34,'Perales',58,53),(127,37,'Espeja',131,121),(127,40,'Membibre de la Hoz',19,15),(127,42,'Nafría de Ucero',24,15),(127,43,'Riudecanyes',600,551),(127,44,'Jabaloyas',42,35),(127,45,'Palomeque',488,414),(127,46,'Font d\'En Carròs, la',1871,1890),(127,47,'Quintanilla de Arriba',83,66),(127,49,'Morales del Vino',1541,1414),(128,3,'Teulada',5679,5781),(128,5,'Mingorría',211,196),(128,6,'Talavera la Real',2749,2735),(128,8,'Monistrol de Calders',361,336),(128,9,'Frandovínez',57,42),(128,10,'Moraleja',3480,3483),(128,12,'Vilafamés',992,875),(128,16,'Monreal del Llano',39,34),(128,17,'Pau',276,281),(128,18,'Marchal',198,229),(128,22,'Ilche',107,101),(128,25,'Llimiana',91,67),(128,26,'Sajazarra',63,62),(128,28,'Rozas de Puerto Real',304,219),(128,31,'Isaba/Izaba',229,244),(128,37,'Espino de la Orbada',153,130),(128,40,'Migueláñez',83,70),(128,42,'Narros',23,19),(128,43,'Riudecols',636,580),(128,44,'Jarque de la Val',41,37),(128,45,'Pantoja',1719,1690),(128,46,'Font de la Figuera, la',1074,1065),(128,47,'Quintanilla del Molar',28,35),(128,49,'Morales de Rey',312,306),(128,50,'Isuerre',22,13),(129,3,'Tibi',866,790),(129,5,'Mirón, El',82,52),(129,6,'Táliga',365,356),(129,8,'Muntanyola',313,293),(129,9,'Fresneda de la Sierra Tirón',85,38),(129,10,'Morcillo',193,214),(129,12,'Villafranca del Cid/Vilafranca',1137,1158),(129,16,'Montalbanejo',64,54),(129,17,'Pedret i Marzà',106,87),(129,19,'Gascueña de Bornova',23,16),(129,22,'Isábena',148,128),(129,24,'Reyero',64,61),(129,25,'Llobera',109,93),(129,26,'San Asensio',630,553),(129,28,'San Agustín del Guadalix',6393,6589),(129,31,'Ituren',265,250),(129,34,'Pino del Río',118,74),(129,37,'Florida de Liébana',153,128),(129,40,'Montejo de Arévalo',105,87),(129,42,'Navaleno',439,393),(129,43,'Riudoms',3409,3224),(129,44,'Jatiel',27,21),(129,45,'Paredes de Escalona',69,73),(129,46,'Fuenterrobles',379,319),(129,47,'Quintanilla de Onésimo',562,516),(129,49,'Morales de Toro',523,473),(129,50,'Jaraba',164,160),(130,3,'Tollos',28,24),(130,5,'Mironcillo',54,47),(130,6,'Tamurejo',117,108),(130,8,'Montclar',60,60),(130,9,'Fresneña',48,39),(130,10,'Navaconcejo',1032,998),(130,12,'Villahermosa del Río',260,224),(130,16,'Montalbo',371,316),(130,17,'Pera, La',210,231),(130,19,'Guadalajara',40278,43113),(130,22,'Jaca',6504,6584),(130,24,'Riaño',284,206),(130,25,'Maldà',117,111),(130,26,'San Millán de la Cogolla',160,84),(130,28,'San Fernando de Henares',19758,20430),(130,31,'Iturmendi',200,188),(130,34,'Piña de Campos',120,109),(130,37,'Forfoleda',101,86),(130,40,'Montejo de la Vega de la Serrezuela',88,62),(130,42,'Nepas',39,21),(130,43,'Rocafort de Queralt',133,118),(130,44,'Jorcas',23,18),(130,45,'Parrillas',194,181),(130,46,'Gavarda',530,583),(130,47,'Quintanilla de Trigueros',59,56),(130,49,'Morales de Valverde',103,95),(130,50,'Jarque',259,214),(131,3,'Tormos',161,151),(131,5,'Mirueña de los Infanzones',54,44),(131,6,'Torre de Miguel Sesmero',634,627),(131,8,'Montesquiu',480,463),(131,9,'Fresnillo de las Dueñas',336,300),(131,10,'Navalmoral de la Mata',8284,8872),(131,12,'Villamalur',40,30),(131,16,'Monteagudo de las Salinas',84,60),(131,22,'Jasa',59,45),(131,24,'Riego de la Vega',435,400),(131,25,'Massalcoreig',301,263),(131,26,'San Millán de Yécora',24,11),(131,28,'San Lorenzo de El Escorial',8691,9500),(131,31,'Iza/Itza',632,539),(131,34,'Población de Arroyo',34,28),(131,37,'Frades de la Sierra',114,100),(131,40,'Monterrubio',34,28),(131,42,'Nolay',30,27),(131,43,'Roda de Berà',3288,3064),(131,44,'Josa',21,15),(131,45,'Pelahustán',191,158),(131,46,'Gandia',37513,38001),(131,47,'Rábano',107,88),(131,49,'Moralina',156,146),(131,50,'Jaulín',140,120),(132,3,'Torremanzanas/Torre de les Maçanes, la',391,355),(132,5,'Mombeltrán',609,562),(132,6,'Torremayor',499,550),(132,8,'Montmajor',238,238),(132,9,'Fresno de Río Tirón',109,86),(132,10,'Navalvillar de Ibor',224,223),(132,12,'Vilanova d\'Alcolea',318,285),(132,16,'Mota de Altarejos',22,9),(132,17,'Peralada',920,921),(132,18,'Moclín',1971,2005),(132,19,'Henche',56,44),(132,24,'Riello',378,298),(132,25,'Massoteres',105,84),(132,26,'San Román de Cameros',82,67),(132,28,'San Martín de la Vega',9710,9125),(132,31,'Izagaondoa',114,63),(132,34,'Población de Campos',77,58),(132,37,'Fregeneda, La',184,198),(132,40,'Moral de Hornuez',39,32),(132,42,'Noviercas',84,74),(132,43,'Rodonyà',258,243),(132,44,'Lagueruela',42,39),(132,45,'Pepino',1421,1293),(132,46,'Genovés',1429,1392),(132,47,'Ramiro',27,19),(132,49,'Moreruela de los Infanzones',189,183),(132,50,'Joyosa, La',534,508),(133,3,'Torrevieja',44526,43921),(133,5,'Monsalupe',35,37),(133,6,'Torremejía',1171,1088),(133,8,'Montmaneu',83,73),(133,9,'Fresno de Rodilla',28,21),(133,10,'Navas del Madroño',679,693),(133,12,'Villanueva de Viver',33,28),(133,16,'Mota del Cuervo',3065,3107),(133,17,'Planes d\'Hostoles, Les',848,826),(133,18,'Molvízar',1473,1422),(133,19,'Heras de Ayuso',151,101),(133,22,'Labuerda',89,78),(133,24,'Rioseco de Tapia',201,171),(133,25,'Maials',500,441),(133,28,'San Martín de Valdeiglesias',4233,4230),(133,31,'Izalzu/Itzaltzu',31,20),(133,34,'Población de Cerrato',62,50),(133,37,'Fresnedoso',62,46),(133,43,'Roquetes',4246,3988),(133,44,'Lanzuela',21,8),(133,45,'Polán',1932,1919),(133,46,'Gestalgar',342,321),(133,47,'Renedo de Esgueva',1853,1767),(133,49,'Moreruela de Tábara',169,173),(133,50,'Lagata',69,55),(134,3,'Vall d\'Alcalà, la',87,82),(134,5,'Moraleja de Matacabras',27,20),(134,6,'Trasierra',352,302),(134,8,'Figaró-Montmany',549,545),(134,9,'Frías',143,122),(134,10,'Navezuelas',341,323),(134,12,'Vilar de Canes',95,80),(134,16,'Motilla del Palancar',2958,2938),(134,17,'Planoles',161,137),(134,18,'Monachil',3900,3638),(134,19,'Herrería',17,9),(134,24,'Robla, La',2178,2124),(134,25,'Menàrguens',471,378),(134,26,'Santa Coloma',63,43),(134,28,'San Sebastián de los Reyes',41593,43351),(134,31,'Jaurrieta',115,87),(134,34,'Polentinos',30,25),(134,37,'Fresno Alhándiga',135,112),(134,40,'Mozoncillo',499,433),(134,42,'Ólvega',1914,1801),(134,43,'Rourell, El',207,197),(134,45,'Portillo de Toledo',1086,1101),(134,46,'Gilet',1703,1611),(134,47,'Roales de Campos',99,75),(134,49,'Muelas de los Caballeros',114,91),(134,50,'Langa del Castillo',69,68),(135,3,'Vall d\'Ebo, la',131,118),(135,5,'Muñana',229,206),(135,6,'Trujillanos',759,683),(135,8,'Montmeló',4331,4504),(135,9,'Fuentebureba',27,27),(135,10,'Nuñomoral',739,653),(135,12,'Vila-real',25142,25438),(135,16,'Moya',98,73),(135,17,'Pont de Molins',251,261),(135,18,'Montefrío',2872,2848),(135,19,'Hiendelaencina',73,60),(135,22,'Laluenga',116,97),(135,25,'Miralcamp',695,695),(135,26,'Santa Engracia del Jubera',112,69),(135,28,'Santa María de la Alameda',632,567),(135,31,'Javier',37,66),(135,34,'Pomar de Valdivia',259,203),(135,37,'Fuente de San Esteban, La',695,681),(135,40,'Muñopedro',172,160),(135,42,'Oncala',46,36),(135,43,'Salomó',275,264),(135,44,'Libros',76,48),(135,45,'Puebla de Almoradiel, La',2812,2734),(135,46,'Godella',6317,6754),(135,47,'Robladillo',59,40),(135,49,'Muelas del Pan',353,352),(135,50,'Layana',62,52),(136,3,'Vall de Gallinera',331,278),(136,5,'Muñico',56,55),(136,6,'Usagre',922,929),(136,8,'Montornès del Vallès',8210,7962),(136,9,'Fuentecén',124,98),(136,10,'Oliva de Plasencia',188,148),(136,12,'Vilavella, la',1629,1624),(136,17,'Pontós',131,100),(136,18,'Montejícar',1139,1091),(136,19,'Hijes',16,9),(136,22,'Lalueza',520,477),(136,24,'Roperuelos del Páramo',300,292),(136,25,'Molsosa, La',56,57),(136,26,'Santa Eulalia Bajera',59,53),(136,28,'Santorcaz',438,411),(136,31,'Juslapeña',293,260),(136,34,'Poza de la Vega',124,101),(136,37,'Fuenteguinaldo',352,354),(136,40,'Muñoveros',78,81),(136,43,'Sant Carles de la Ràpita',7259,7501),(136,44,'Lidón',27,25),(136,45,'Puebla de Montalbán, La',4088,3975),(136,46,'Godelleta',1730,1650),(136,49,'Muga de Sayago',177,197),(136,50,'Lécera',396,333),(137,3,'Vall de Laguar, la',419,407),(137,6,'Valdecaballeros',585,550),(137,8,'Montseny',166,153),(137,9,'Fuentelcésped',104,109),(137,10,'Palomero',202,176),(137,12,'Villores',19,18),(137,16,'Narboneta',30,26),(137,17,'Porqueres',2253,2268),(137,18,'Montillana',703,627),(137,22,'Lanaja',678,590),(137,24,'Sabero',615,631),(137,25,'Mollerussa',7612,7288),(137,28,'Santos de la Humosa, Los',1216,1173),(137,31,'Beintza-Labaien',132,99),(137,34,'Pozo de Urama',19,11),(137,37,'Fuenteliante',56,54),(137,43,'Sant Jaume dels Domenys',1299,1222),(137,44,'Linares de Mora',166,121),(137,45,'Pueblanueva, La',1158,1146),(137,46,'Granja de la Costera, la',172,159),(137,47,'Roturas',19,13),(137,49,'Navianos de Valverde',114,91),(137,50,'Leciñena',619,601),(138,3,'Verger, el',2293,2334),(138,5,'Muñogalindo',187,187),(138,6,'Valdetorres',616,630),(138,8,'Moià',2942,2923),(138,9,'Fuentelisendo',55,41),(138,10,'Pasarón de la Vera',314,341),(138,12,'Vinaròs',13940,14250),(138,17,'Portbou',579,588),(138,18,'Moraleda de Zafayona',1629,1571),(138,19,'Hita',196,162),(138,25,'Montgai',347,316),(138,26,'Santo Domingo de la Calzada',3240,3161),(138,28,'Serna del Monte, La',44,42),(138,31,'Lakuntza',651,606),(138,37,'Fuenterroble de Salvatierra',130,122),(138,40,'Nava de la Asunción',1447,1435),(138,43,'Santa Bàrbara',1904,1830),(138,44,'Loscos',89,62),(138,45,'Puente del Arzobispo, El',651,686),(138,46,'Guadasséquies',250,216),(138,47,'Rubí de Bracamonte',130,106),(138,49,'Olmillos de Castro',134,116),(138,50,'Lechón',33,23),(139,3,'Villajoyosa/Vila Joiosa, la',16962,16916),(139,5,'Muñogrande',38,25),(139,6,'Valencia de las Torres',353,292),(139,8,'Mura',109,94),(139,9,'Fuentemolinos',62,35),(139,10,'Pedroso de Acim',54,50),(139,12,'Vistabella del Maestrat',199,171),(139,16,'Olivares de Júcar',179,166),(139,17,'Preses, Les',873,891),(139,19,'Hombrados',21,17),(139,22,'Laperdiguera',51,45),(139,24,'Sahagún',1341,1368),(139,25,'Montellà i Martinet',320,266),(139,26,'San Torcuato',34,28),(139,31,'Lana',100,76),(139,34,'Prádanos de Ojeda',108,89),(139,37,'Fuentes de Béjar',132,122),(139,40,'Navafría',173,151),(139,42,'Pinilla del Campo',13,10),(139,43,'Santa Coloma de Queralt',1414,1436),(139,45,'Puerto de San Vicente',96,96),(139,46,'Guadassuar',2900,3027),(139,47,'Rueda',678,634),(139,49,'Otero de Bodas',97,85),(139,50,'Letux',202,157),(140,3,'Villena',17151,17210),(140,5,'Muñomer del Peco',68,63),(140,6,'Valencia del Mombuey',387,379),(140,8,'Navarcles',2936,3076),(140,9,'Fuentenebro',84,55),(140,10,'Peraleda de la Mata',711,692),(140,12,'Viver',809,749),(140,16,'Olmeda de la Cuesta',15,13),(140,17,'Port de la Selva, El',533,469),(140,18,'Motril',29914,30863),(140,25,'Montferrer i Castellbò',546,464),(140,26,'Santurde de Rioja',154,139),(140,28,'Serranillos del Valle',1970,2024),(140,31,'Lantz',87,64),(140,34,'Puebla de Valdavia, La',56,53),(140,37,'Fuentes de Oñoro',552,518),(140,40,'Navalilla',64,59),(140,42,'Portillo de Soria',10,5),(140,43,'Santa Oliva',1674,1609),(140,45,'Pulgar',831,772),(140,46,'Guardamar de la Safor',263,226),(140,47,'Saelices de Mayorga',73,50),(140,50,'Litago',97,77),(141,5,'Muñopepe',67,45),(141,6,'Valencia del Ventoso',1029,1055),(141,8,'Navàs',3049,3054),(141,9,'Fuentespina',404,365),(141,10,'Peraleda de San Román',153,153),(141,12,'Zorita del Maestrazgo',65,64),(141,16,'Olmeda del Rey',65,70),(141,17,'Puigcerdà',4412,4413),(141,18,'Murtas',301,223),(141,22,'Lascellas-Ponzano',83,55),(141,24,'San Adrián del Valle',58,54),(141,25,'Montoliu de Segarra',107,87),(141,26,'Santurdejo',77,49),(141,28,'Sevilla la Nueva',4406,4496),(141,31,'Lapoblación',70,57),(141,34,'Quintana del Puente',157,120),(141,37,'Gajates',76,90),(141,40,'Navalmanzano',590,531),(141,42,'Póveda de Soria, La',67,48),(141,43,'Pontils',69,52),(141,44,'Lledó',90,79),(141,45,'Quero',553,531),(141,46,'Higueruelas',270,246),(141,47,'Salvador de Zapardiel',81,58),(141,49,'Pajares de la Lampreana',186,197),(141,50,'Lituénigo',65,58),(142,5,'Muñosancho',50,54),(142,6,'Valverde de Burguillos',153,143),(142,8,'Nou de Berguedà, La',74,79),(142,10,'Perales del Puerto',496,474),(142,12,'Zucaina',99,84),(142,16,'Olmedilla de Alarcón',91,67),(142,17,'Quart',1734,1714),(142,19,'Hontoba',178,136),(142,22,'Lascuarre',69,68),(142,24,'San Andrés del Rabanedo',15270,16475),(142,25,'Montoliu de Lleida',260,254),(142,26,'San Vicente de la Sonsierra',521,486),(142,31,'Larraga',1086,948),(142,37,'Galindo y Perahuy',408,302),(142,40,'Navares de Ayuso',26,28),(142,42,'Pozalmuro',30,38),(142,43,'Sarral',806,779),(142,44,'Maicas',20,16),(142,45,'Quintanar de la Orden',5826,5778),(142,46,'Jalance',477,437),(142,47,'San Cebrián de Mazote',102,75),(142,49,'Palacios del Pan',133,129),(142,50,'Lobera de Onsella',26,16),(143,5,'Muñotello',36,28),(143,6,'Valverde de Leganés',2110,2074),(143,8,'Òdena',1848,1775),(143,9,'Galbarros',20,9),(143,10,'Pescueza',77,88),(143,16,'Olmedilla de Eliz',13,6),(143,17,'Rabós',90,92),(143,18,'Nigüelas',616,598),(143,19,'Horche',1306,1238),(143,22,'Laspaúles',163,118),(143,24,'Sancedo',283,286),(143,25,'Montornès de Segarra',50,51),(143,26,'Sojuela',172,110),(143,28,'Somosierra',41,32),(143,31,'Larraona',51,61),(143,34,'Quintanilla de Onsoña',112,80),(143,37,'Galinduste',225,227),(143,40,'Navares de Enmedio',56,43),(143,43,'Savallà del Comtat',31,31),(143,44,'Manzanera',269,241),(143,45,'Quismondo',795,773),(143,46,'Xeraco',3004,2877),(143,47,'San Llorente',76,59),(143,49,'Palacios de Sanabria',129,132),(143,50,'Longares',499,348),(144,5,'Narrillos del Álamo',44,41),(144,6,'Valverde de Llerena',321,324),(144,8,'Olvan',423,433),(144,9,'Gallega, La',32,22),(144,10,'Pesga, La',594,536),(144,17,'Regencós',148,137),(144,18,'Nívar',476,446),(144,22,'Laspuña',155,135),(144,24,'San Cristóbal de la Polantera',392,408),(144,26,'Sorzano',134,105),(144,28,'Soto del Real',4147,4309),(144,31,'Larraun',533,452),(144,37,'Galisancho',220,175),(144,40,'Navares de las Cuevas',18,10),(144,42,'Quintana Redonda',286,221),(144,43,'Secuita, La',839,831),(144,44,'Martín del Río',225,216),(144,45,'Real de San Vicente, El',547,484),(144,46,'Jarafuel',409,399),(144,47,'San Martín de Valvení',48,40),(144,50,'Longás',25,11),(145,5,'Narrillos del Rebollar',30,26),(145,6,'Valverde de Mérida',551,535),(145,8,'Olèrdola',1823,1695),(145,10,'Piedras Albas',74,82),(145,16,'Osa de la Vega',284,260),(145,17,'Ribes de Freser',896,922),(145,18,'Ogíjares',6775,6944),(145,19,'Hortezuela de Océn',31,21),(145,24,'San Emiliano',374,320),(145,25,'Nalec',49,46),(145,26,'Sotés',169,123),(145,28,'Talamanca de Jarama',1700,1671),(145,31,'Lazagurría',105,101),(145,37,'Gallegos de Argañán',152,139),(145,40,'Navas de Oro',715,672),(145,42,'Quintanas de Gormaz',87,62),(145,43,'Selva del Camp, La',2797,2762),(145,44,'Mas de las Matas',681,637),(145,45,'Recas',2387,1924),(145,46,'Xàtiva',14202,14893),(145,47,'San Miguel del Arroyo',377,327),(145,49,'Pedralba de la Pradería',162,144),(146,6,'Valle de la Serena',663,639),(146,8,'Olesa de Bonesvalls',881,834),(146,10,'Pinofranqueado',938,824),(146,16,'Pajarón',41,43),(146,17,'Riells i Viabrea',2042,1903),(146,18,'Orce',633,593),(146,19,'Huerce, La',22,17),(146,24,'San Esteban de Nogales',149,132),(146,25,'Navès',136,145),(146,26,'Soto en Cameros',61,51),(146,28,'Tielmes',1328,1257),(146,31,'Leache/Leatxe',26,18),(146,34,'Reinoso de Cerrato',36,18),(146,37,'Gallegos de Solmirón',74,66),(146,40,'Navas de San Antonio',200,190),(146,43,'Senan',31,16),(146,44,'Mata de los Olmos, La',128,133),(146,45,'Retamoso de la Jara',53,53),(146,46,'Xeresa',1143,1096),(146,47,'San Miguel del Pino',173,143),(146,49,'Pego, El',167,160),(146,50,'Lucena de Jalón',132,110),(147,5,'Narros del Castillo',98,82),(147,6,'Valle de Matamoros',200,191),(147,8,'Olesa de Montserrat',11791,11745),(147,10,'Piornal',789,766),(147,16,'Pajaroncillo',48,28),(147,17,'Ripoll',5217,5415),(147,18,'Órgiva',2752,2731),(147,19,'Huérmeces del Cerro',28,15),(147,26,'Terroba',17,16),(147,28,'Titulcia',637,597),(147,31,'Legarda',58,52),(147,34,'Renedo de la Vega',110,93),(147,37,'Garcibuey',101,84),(147,43,'Solivella',313,316),(147,44,'Mazaleón',288,246),(147,45,'Rielves',385,375),(147,46,'Llíria',11526,11219),(147,47,'San Pablo de la Moraleja',66,61),(147,49,'Peleagonzalo',137,134),(147,50,'Luceni',518,488),(148,5,'Narros del Puerto',12,15),(148,6,'Valle de Santa Ana',580,595),(148,8,'Olivella',1895,1674),(148,9,'Grijalba',53,51),(148,10,'Plasencia',19786,20969),(148,16,'Palomares del Campo',337,343),(148,17,'Riudarenes',1091,1029),(148,18,'Otívar',549,544),(148,19,'Huertahernando',39,21),(148,24,'San Justo de la Vega',1002,947),(148,25,'Odèn',145,108),(148,26,'Tirgo',106,105),(148,28,'Torrejón de Ardoz',62982,63952),(148,31,'Legaria',44,54),(148,37,'Garcihernández',253,238),(148,40,'Nieva',157,143),(148,42,'Quiñonería',4,5),(148,43,'Tarragona',63920,67335),(148,44,'Mezquita de Jarque',67,48),(148,45,'Robledo del Mazo',186,141),(148,46,'Loriguilla',1024,929),(148,47,'San Pedro de Latarce',288,234),(148,49,'Peleas de Abajo',123,112),(148,50,'Luesia',186,148),(149,5,'Narros de Saldueña',61,49),(149,6,'Villafranca de los Barros',6540,6749),(149,8,'Olost',596,586),(149,9,'Grisaleña',28,11),(149,10,'Plasenzuela',248,253),(149,16,'Palomera',100,86),(149,17,'Riudaura',225,236),(149,18,'Villa de Otura',3442,3341),(149,22,'Loarre',190,145),(149,24,'San Millán de los Caballeros',99,91),(149,25,'Oliana',923,919),(149,26,'Tobía',36,25),(149,28,'Torrejón de la Calzada',3923,3978),(149,31,'Leitza',1517,1371),(149,34,'Requena de Campos',10,10),(149,37,'Garcirrey',42,31),(149,40,'Olombrada',322,283),(149,42,'Rábanos, Los',289,218),(149,43,'Tivenys',443,425),(149,44,'Mirambel',65,54),(149,45,'Romeral, El',351,355),(149,46,'Losa del Obispo',266,236),(149,47,'San Pelayo',20,24),(149,49,'Peñausende',220,217),(149,50,'Luesma',26,17),(150,6,'Villagarcía de la Torre',497,448),(150,8,'Orís',154,154),(150,10,'Portaje',203,194),(150,16,'Paracuellos',52,50),(150,17,'Riudellots de la Selva',1030,992),(150,18,'Padul',4236,4171),(150,19,'Hueva',84,56),(150,22,'Loporzano',298,234),(150,24,'San Pedro Bercianos',137,126),(150,25,'Oliola',128,105),(150,26,'Tormantos',79,58),(150,28,'Torrejón de Velasco',2125,2099),(150,31,'Leoz/Leotz',157,84),(150,37,'Gejuelo del Barro',23,17),(150,40,'Orejana',44,30),(150,43,'Tivissa',876,875),(150,44,'Miravete de la Sierra',20,9),(150,45,'San Bartolomé de las Abiertas',278,246),(150,46,'Llutxent',1245,1177),(150,47,'San Román de Hornija',164,182),(150,49,'Peque',69,85),(150,50,'Lumpiaque',456,430),(151,5,'Navacepedilla de Corneja',57,52),(151,6,'Villagonzalo',628,667),(151,8,'Oristà',275,284),(151,9,'Gumiel de Izán',332,245),(151,10,'Portezuelo',130,116),(151,16,'Paredes',35,30),(151,17,'Riumors',122,123),(151,18,'Pampaneira',157,158),(151,19,'Humanes',725,760),(151,22,'Loscorrales',51,55),(151,24,'Santa Colomba de Curueño',288,259),(151,25,'Olius',475,435),(151,26,'Torrecilla en Cameros',277,242),(151,28,'Torrelaguna',2458,2330),(151,31,'Lerga',43,30),(151,34,'Respenda de la Peña',106,75),(151,37,'Golpejas',81,76),(151,40,'Ortigosa de Pestaño',38,36),(151,42,'Rebollar',18,21),(151,43,'Torre de Fontaubella, La',67,62),(151,44,'Molinos',138,120),(151,45,'San Martín de Montalbán',401,399),(151,46,'Llocnou d\'En Fenollet',481,438),(151,47,'San Salvador',17,15),(151,49,'Perdigón, El',394,346),(151,50,'Luna',400,356),(152,5,'Nava de Arévalo',422,379),(152,6,'Villalba de los Barros',798,776),(152,8,'Orpí',76,63),(152,9,'Gumiel de Mercado',190,154),(152,10,'Pozuelo de Zarzón',243,240),(152,16,'Parra de las Vegas, La',26,18),(152,17,'Roses',9806,9769),(152,18,'Pedro Martínez',564,586),(152,19,'Illana',439,336),(152,24,'Santa Colomba de Somoza',298,269),(152,25,'Oluges, Les',85,76),(152,26,'Torrecilla sobre Alesanco',21,15),(152,28,'Torrelodones',11154,11963),(152,31,'Lerín',852,813),(152,34,'Revenga de Campos',85,77),(152,37,'Gomecello',254,226),(152,40,'Otero de Herreros',502,479),(152,42,'Recuerda',52,41),(152,43,'Torre de l\'Espanyol, La',338,306),(152,44,'Monforte de Moyuela',47,19),(152,45,'San Martín de Pusa',390,351),(152,46,'Llocnou de la Corona',77,67),(152,47,'Santa Eufemia del Arroyo',60,48),(152,49,'Pereruela',318,273),(152,50,'Maella',1042,911),(153,5,'Nava del Barco',57,51),(153,6,'Villanueva de la Serena',12738,13283),(153,8,'Òrrius',356,332),(153,10,'Puerto de Santa Cruz',183,180),(153,16,'Pedernoso, El',606,583),(153,17,'Rupià',125,123),(153,18,'Peligros',5544,5610),(153,19,'Iniéstola',15,9),(153,24,'Santa Cristina de Valmadrigal',140,131),(153,25,'Omellons, Els',118,108),(153,26,'Torre en Cameros',10,2),(153,28,'Torremocha de Jarama',464,484),(153,31,'Lesaka',1417,1325),(153,42,'Rello',11,6),(153,43,'Torredembarra',7528,7843),(153,44,'Monreal del Campo',1305,1306),(153,45,'San Pablo de los Montes',960,950),(153,46,'Llocnou de Sant Jeroni',262,265),(153,47,'Santervás de Campos',68,54),(153,49,'Perilla de Castro',92,90),(153,50,'Magallón',603,571),(154,5,'Navadijos',28,10),(154,6,'Villanueva del Fresno',1738,1751),(154,8,'Pacs del Penedès',451,442),(154,9,'Hacinas',93,73),(154,10,'Rebollar',107,112),(154,16,'Pedroñeras, Las',3519,3297),(154,17,'Sales de Llierca',68,71),(154,18,'Peza, La',645,605),(154,19,'Inviernas, Las',44,22),(154,24,'Santa Elena de Jamuz',587,548),(154,25,'Omells de na Gaia, Els',73,63),(154,26,'Torremontalbo',8,6),(154,28,'Torres de la Alameda',4028,3849),(154,31,'Lezáun',157,104),(154,34,'Revilla de Collazos',46,40),(154,37,'Guadramiro',87,65),(154,40,'Pajarejos',12,8),(154,42,'Renieblas',62,40),(154,43,'Torroja del Priorat',92,72),(154,44,'Monroyo',217,143),(154,45,'San Román de los Montes',990,865),(154,46,'Llanera de Ranes',532,526),(154,47,'Santibáñez de Valcorba',99,74),(154,49,'Pías',78,65),(154,50,'Mainar',81,71),(155,5,'Navaescurial',37,23),(155,6,'Villar del Rey',1204,1069),(155,8,'Palafolls',4550,4582),(155,9,'Haza',15,11),(155,10,'Riolobos',680,630),(155,16,'Peral, El',381,312),(155,17,'Salt',15461,13881),(155,19,'Irueste',42,23),(155,22,'Monesma y Cajigar',46,41),(155,24,'Santa María de la Isla',271,251),(155,25,'Organyà',418,427),(155,26,'Treviana',93,86),(155,28,'Valdaracete',323,316),(155,31,'Liédena',159,144),(155,34,'Ribas de Campos',85,81),(155,37,'Guijo de Ávila',52,35),(155,40,'Palazuelos de Eresma',2581,2405),(155,42,'Retortillo de Soria',106,76),(155,43,'Tortosa',16964,16900),(155,44,'Montalbán',674,653),(155,45,'Santa Ana de Pusa',250,199),(155,46,'Llaurí',616,617),(155,47,'Santovenia de Pisuerga',2155,2048),(155,49,'Piedrahita de Castro',50,43),(155,50,'Malanquilla',71,42),(156,5,'Navahondilla',191,144),(156,6,'Villar de Rena',733,680),(156,8,'Palau-solità i Plegamans',7087,7370),(156,10,'Robledillo de Gata',53,46),(156,16,'Peraleja, La',58,51),(156,19,'Jadraque',772,732),(156,22,'Monflorite-Lascasas',165,148),(156,24,'Santa María del Monte de Cea',133,123),(156,25,'Os de Balaguer',501,494),(156,28,'Valdeavero',754,697),(156,31,'Lizoáin-Arriasgoiti',191,127),(156,34,'Riberos de la Cueza',39,20),(156,37,'Guijuelo',2827,2846),(156,40,'Pedraza',232,184),(156,42,'Reznos',22,11),(156,43,'Ulldecona',3394,3243),(156,44,'Monteagudo del Castillo',29,23),(156,45,'Santa Cruz de la Zarza',2234,2192),(156,46,'Llombai',1391,1374),(156,47,'San Vicente del Palacio',97,81),(156,49,'Pinilla de Toro',135,117),(156,50,'Maleján',137,130),(157,5,'Navalacruz',133,126),(157,6,'Villarta de los Montes',259,257),(157,8,'Pallejà',5634,5664),(157,10,'Robledillo de la Vera',157,144),(157,16,'Pesquera, La',133,115),(157,17,'Sant Andreu Salou',79,70),(157,18,'Pinos Genil',745,693),(157,19,'Jirueque',41,27),(157,22,'Montanuy',124,97),(157,24,'Santa María del Páramo',1536,1592),(157,25,'Ossó de Sió',109,104),(157,26,'Tricio',190,200),(157,28,'Valdelaguna',424,413),(157,31,'Lodosa',2385,2356),(157,34,'Saldaña',1564,1557),(157,37,'Herguijuela de Ciudad Rodrigo',46,35),(157,40,'Pelayos del Arroyo',34,23),(157,42,'Riba de Escalote, La',11,5),(157,43,'Ulldemolins',228,176),(157,44,'Monterde de Albarracín',39,30),(157,45,'Santa Cruz del Retamar',1504,1397),(157,46,'Llosa de Ranes, la',1841,1734),(157,47,'Sardón de Duero',328,306),(157,49,'Pino del Oro',125,106),(157,50,'Malón',183,176),(158,5,'Navalmoral',187,166),(158,6,'Zafra',8161,8696),(158,8,'Papiol, El',2033,2038),(158,10,'Robledillo de Trujillo',197,175),(158,16,'Picazo, El',361,349),(158,17,'Sant Climent Sescebes',346,255),(158,18,'Pinos Puente',5315,5290),(158,22,'Monzón',8779,8481),(158,24,'Santa María de Ordás',174,166),(158,25,'Palau d\'Anglesola, El',1051,1085),(158,26,'Tudelilla',204,172),(158,28,'Valdemanco',495,427),(158,31,'Lónguida/Longida',165,141),(158,34,'Salinas de Pisuerga',183,175),(158,37,'Herguijuela de la Sierra',149,125),(158,40,'Perosillo',13,5),(158,42,'Rioseco de Soria',76,55),(158,43,'Vallclara',62,47),(158,44,'Mora de Rubielos',808,777),(158,45,'Santa Olalla',1664,1613),(158,46,'Macastre',645,604),(158,47,'Seca, La',564,543),(158,49,'Piñero, El',127,113),(159,5,'Navalonguilla',135,129),(159,6,'Zahínos',1406,1438),(159,8,'Parets del Vallès',9495,9406),(159,9,'Hontanas',42,25),(159,10,'Robledollano',182,145),(159,16,'Pinarejo',118,120),(159,17,'Sant Feliu de Buixalleu',411,376),(159,18,'Píñar',670,539),(159,19,'Ledanca',53,49),(159,24,'Santa Marina del Rey',1007,1022),(159,28,'Valdemaqueda',387,399),(159,31,'Lumbier',724,625),(159,34,'San Cebrián de Campos',246,200),(159,37,'Herguijuela del Campo',42,50),(159,40,'Pinarejos',104,77),(159,42,'Rollamienta',26,13),(159,43,'Vallfogona de Riucorb',58,37),(159,44,'Moscardón',31,27),(159,45,'Sartajada',59,43),(159,46,'Manises',15204,15603),(159,47,'Serrada',628,545),(159,49,'Pobladura del Valle',165,148),(159,50,'Maluenda',509,525),(160,5,'Navalosa',185,148),(160,6,'Zalamea de la Serena',1904,1882),(160,8,'Perafita',212,207),(160,9,'Hontangas',65,41),(160,10,'Romangordo',125,138),(160,16,'Pineda de Gigüela',36,33),(160,17,'Sant Feliu de Guíxols',10668,10918),(160,19,'Loranca de Tajuña',699,576),(160,22,'Naval',135,124),(160,24,'Santas Martas',422,387),(160,26,'Uruñuela',483,475),(160,28,'Valdemorillo',6241,5932),(160,31,'Luquin',72,63),(160,34,'San Cebrián de Mudá',87,73),(160,37,'Hinojosa de Duero',351,361),(160,40,'Pinarnegrillo',62,50),(160,42,'Royo, El',163,142),(160,43,'Vallmoll',836,815),(160,44,'Mosqueruela',322,271),(160,45,'Segurilla',676,642),(160,46,'Manuel',1223,1284),(160,47,'Siete Iglesias de Trabancos',260,228),(160,49,'Pobladura de Valderaduey',22,19),(160,50,'Mallén',1732,1560),(161,5,'Navalperal de Pinares',446,421),(161,6,'Zarza-Capilla',181,178),(161,8,'Piera',7621,7370),(161,10,'Ruanes',41,34),(161,16,'Piqueras del Castillo',31,26),(161,17,'Sant Feliu de Pallerols',654,678),(161,18,'Polícar',122,113),(161,19,'Lupiana',135,121),(161,24,'Santiago Millas',183,147),(161,25,'Conca de Dalt',233,213),(161,26,'Valdemadera',5,3),(161,28,'Valdemoro',36268,36586),(161,31,'Mañeru',233,199),(161,34,'San Cristóbal de Boedo',14,9),(161,37,'Horcajo de Montemayor',86,73),(161,40,'Pradales',26,21),(161,42,'Salduero',85,70),(161,43,'Valls',12127,12194),(161,44,'Muniesa',337,298),(161,45,'Seseña',11237,10321),(161,46,'Marines',963,896),(161,47,'Simancas',2661,2604),(161,50,'Manchones',75,55),(162,5,'Navalperal de Tormes',51,47),(162,6,'Zarza, La',1809,1777),(162,8,'Hostalets de Pierola, Els',1491,1396),(162,9,'Hontoria de la Cantera',86,71),(162,10,'Salorino',328,302),(162,16,'Portalrubio de Guadamejud',15,15),(162,17,'Sant Ferriol',135,104),(162,18,'Polopos',885,795),(162,19,'Luzaga',35,30),(162,22,'Novales',93,90),(162,24,'Santovenia de la Valdoncina',1035,971),(162,26,'Valgañón',86,51),(162,28,'Valdeolmos-Alalpardo',1932,1853),(162,31,'Marañón',26,27),(162,37,'Horcajo Medianero',118,100),(162,40,'Prádena',291,254),(162,42,'San Esteban de Gormaz',1604,1466),(162,43,'Vandellòs i l\'Hospitalet de l\'Infant',3019,3031),(162,45,'Sevilleja de la Jara',403,348),(162,46,'Massalavés',835,762),(162,47,'Tamariz de Campos',34,29),(162,49,'Porto',109,85),(162,50,'Mara',93,89),(163,5,'Navaluenga',1002,1015),(163,8,'Pineda de Mar',12986,12982),(163,9,'Hontoria del Pinar',388,319),(163,10,'Salvatierra de Santiago',120,119),(163,16,'Portilla',39,35),(163,17,'Sant Gregori',1762,1736),(163,18,'Pórtugos',213,196),(163,19,'Luzón',37,35),(163,22,'Nueno',303,249),(163,24,'Sariegos',2435,2391),(163,25,'Coma i la Pedra, La',165,105),(163,26,'Ventosa',95,77),(163,28,'Valdepiélagos',294,272),(163,31,'Marcilla',1399,1401),(163,34,'San Mamés de Campos',27,26),(163,37,'Hoya, La',26,17),(163,40,'Puebla de Pedraza',34,25),(163,42,'San Felices',34,21),(163,43,'Vendrell, El',18229,18329),(163,44,'Noguera de Albarracín',80,71),(163,45,'Sonseca',5709,5580),(163,46,'Massalfassar',1232,1241),(163,47,'Tiedra',161,158),(163,49,'Pozoantiguo',133,129),(163,50,'María de Huerva',2792,2633),(164,5,'Navaquesera',11,15),(164,8,'Pla del Penedès, El',614,616),(164,9,'Hontoria de Valdearados',124,77),(164,10,'San Martín de Trevejo',425,426),(164,17,'Sant Hilari Sacalm',2843,2765),(164,18,'Puebla de Don Fadrique',1211,1118),(164,22,'Olvena',23,22),(164,24,'Sena de Luna',201,201),(164,25,'Penelles',277,205),(164,26,'Ventrosa',41,26),(164,28,'Valdetorres de Jarama',2138,2096),(164,31,'Mélida',378,351),(164,37,'Huerta',166,140),(164,40,'Rapariegos',110,98),(164,42,'San Leonardo de Yagüe',1100,1064),(164,43,'Vespella de Gaià',232,193),(164,44,'Nogueras',20,9),(164,45,'Sotillo de las Palomas',118,95),(164,46,'Massamagrell',7687,7836),(164,47,'Tordehumos',220,223),(164,49,'Pozuelo de Tábara',89,83),(164,50,'Mediana de Aragón',219,238),(165,5,'Navarredonda de Gredos',239,234),(165,8,'Pobla de Claramunt, La',1089,1061),(165,10,'Santa Ana',149,127),(165,16,'Poyatos',36,31),(165,17,'Sant Jaume de Llierca',412,429),(165,18,'Pulianas',2666,2700),(165,19,'Majaelrayo',27,25),(165,22,'Ontiñena',284,285),(165,24,'Sobrado',179,184),(165,25,'Peramola',175,168),(165,26,'Viguera',251,186),(165,28,'Valdilecha',1469,1369),(165,31,'Mendavia',1842,1755),(165,34,'San Román de la Cuba',40,31),(165,37,'Iruelos',15,24),(165,40,'Rebollo',49,42),(165,42,'San Pedro Manrique',330,264),(165,43,'Vilabella',421,382),(165,44,'Nogueruelas',113,94),(165,45,'Talavera de la Reina',41166,43984),(165,46,'Massanassa',4594,4670),(165,47,'Tordesillas',4523,4413),(165,49,'Prado',34,26),(165,50,'Mequinenza',1180,1131),(166,5,'Navarredondilla',115,102),(166,8,'Pobla de Lillet, La',561,578),(166,9,'Hormazas, Las',62,44),(166,10,'Santa Cruz de la Sierra',163,166),(166,16,'Pozoamargo',163,148),(166,17,'Sant Jordi Desvalls',349,371),(166,19,'Málaga del Fresno',111,83),(166,24,'Soto de la Vega',847,794),(166,25,'Pinell de Solsonès',119,88),(166,26,'Villalba de Rioja',78,47),(166,28,'Valverde de Alcalá',235,206),(166,31,'Mendaza',158,153),(166,37,'Ituero de Azaba',120,112),(166,40,'Remondo',148,148),(166,42,'Santa Cruz de Yanguas',44,23),(166,43,'Vilallonga del Camp',1138,1090),(166,45,'Tembleque',1095,1054),(166,46,'Meliana',5230,5358),(166,47,'Torrecilla de la Abadesa',144,152),(166,49,'Puebla de Sanabria',711,773),(166,50,'Mesones de Isuela',141,150),(167,5,'Navarrevisca',167,140),(167,8,'Polinyà',4180,4046),(167,9,'Hornillos del Camino',32,24),(167,10,'Santa Cruz de Paniagua',177,149),(167,16,'Pozorrubio de Santiago',163,182),(167,17,'Sant Joan de les Abadesses',1676,1707),(167,18,'Purullena',1202,1197),(167,19,'Malaguilla',84,70),(167,22,'Osso de Cinca',391,355),(167,24,'Soto y Amío',435,418),(167,25,'Pinós',167,138),(167,26,'Villalobar de Rioja',46,17),(167,28,'Velilla de San Antonio',6271,6111),(167,31,'Mendigorría',548,507),(167,34,'Santa Cecilia del Alcor',76,53),(167,37,'Juzbado',88,78),(167,42,'Santa María de Huerta',176,143),(167,43,'Vilanova d\'Escornalbou',288,250),(167,44,'Obón',27,21),(167,45,'Toboso, El',992,972),(167,46,'Millares',192,195),(167,47,'Torrecilla de la Orden',132,130),(167,49,'Pueblica de Valverde',123,103),(167,50,'Mezalocha',135,100),(168,5,'Navas del Marqués, Las',2746,2674),(168,8,'Pontons',273,210),(168,9,'Horra, La',190,176),(168,10,'Santa Marta de Magasca',148,147),(168,17,'Sant Joan de Mollet',240,257),(168,18,'Quéntar',495,479),(168,19,'Mandayona',174,165),(168,22,'Palo',12,12),(168,24,'Toral de los Guzmanes',280,253),(168,25,'Poal, El',348,320),(168,26,'Villamediana de Iregua',3863,3780),(168,28,'Vellón, El',932,871),(168,31,'Metauten',161,130),(168,34,'Santa Cruz de Boedo',33,26),(168,37,'Lagunilla',273,234),(168,40,'Riaguas de San Bartolomé',22,16),(168,42,'Santa María de las Hoyas',67,52),(168,43,'Vilanova de Prades',61,60),(168,44,'Odón',118,108),(168,45,'Toledo',39859,43367),(168,46,'Miramar',1383,1237),(168,47,'Torrecilla de la Torre',20,12),(168,49,'Quintanilla del Monte',48,52),(168,50,'Mianos',19,12),(169,5,'Navatalgordo',127,112),(169,8,'Prat de Llobregat, El',30931,32083),(169,9,'Hortigüela',63,40),(169,10,'Santiago de Alcántara',283,300),(169,16,'Pozuelo, El',35,27),(169,17,'Sant Julià de Ramis',1724,1691),(169,19,'Mantiel',31,18),(169,24,'Toreno',1691,1689),(169,25,'Pobla de Cérvoles, La',124,98),(169,26,'Villanueva de Cameros',41,30),(169,28,'Venturada',1058,933),(169,31,'Milagro',1719,1571),(169,34,'Santervás de la Vega',266,213),(169,37,'Larrodrigo',110,81),(169,43,'Vilaplana',316,308),(169,44,'Ojos Negros',223,190),(169,45,'Torralba de Oropesa',119,108),(169,46,'Mislata',21093,22227),(169,47,'Torre de Esgueva',35,38),(169,49,'Quintanilla del Olmo',16,16),(169,50,'Miedes de Aragón',264,215),(170,5,'Navatejares',26,28),(170,8,'Prats de Rei, Els',280,256),(170,9,'Hoyales de Roa',109,102),(170,10,'Santiago del Campo',139,140),(170,16,'Priego',516,498),(170,17,'Vallfogona de Ripollès',111,94),(170,18,'Rubite',221,171),(170,19,'Maranchón',136,111),(170,22,'Panticosa',390,372),(170,24,'Torre del Bierzo',1153,1112),(170,25,'Bellaguarda',161,147),(170,26,'Villar de Arnedo, El',323,306),(170,28,'Villaconejos',1723,1682),(170,31,'Mirafuentes',24,32),(170,34,'Santibáñez de Ecla',33,32),(170,37,'Ledesma',881,897),(170,40,'Riaza',1244,1046),(170,43,'Vila-rodona',647,629),(170,45,'Torrecilla de la Jara',136,126),(170,46,'Mogente/Moixent',2281,2246),(170,47,'Torre de Peñafiel',25,17),(170,49,'Quintanilla de Urz',55,54),(170,50,'Monegrillo',241,190),(171,5,'Neila de San Miguel',37,36),(171,8,'Prats de Lluçanès',1294,1286),(171,10,'Santibáñez el Alto',178,171),(171,16,'Provencio, El',1249,1277),(171,17,'Sant Llorenç de la Muga',129,126),(171,18,'Salar',1366,1346),(171,19,'Marchamalo',3418,3332),(171,24,'Trabadelo',219,175),(171,25,'Pobla de Segur, La',1499,1517),(171,26,'Villar de Torre',111,77),(171,28,'Villa del Prado',3283,3131),(171,31,'Miranda de Arga',438,409),(171,34,'Santibáñez de la Peña',542,559),(171,37,'Ledrada',256,251),(171,40,'Ribota',35,8),(171,42,'Serón de Nágima',72,63),(171,43,'Vila-seca',11314,11018),(171,44,'Olba',137,103),(171,45,'Torre de Esteban Hambrán, La',914,856),(171,46,'Moncada',10777,11065),(171,47,'Torrelobatón',237,219),(171,49,'Quiruelas de Vidriales',356,354),(171,50,'Moneva',66,46),(172,5,'Niharra',94,78),(172,8,'Premià de Mar',13667,14277),(172,9,'Huérmeces',63,68),(172,10,'Santibáñez el Bajo',387,351),(172,16,'Puebla de Almenara',212,204),(172,17,'Sant Martí de Llémena',319,286),(172,19,'Masegoso de Tajuña',33,26),(172,22,'Peñalba',348,347),(172,24,'Truchas',232,222),(172,25,'Ponts',1305,1327),(172,26,'Villarejo',24,7),(172,28,'Villalbilla',6259,6092),(172,31,'Monreal/Elo',254,216),(172,37,'Linares de Riofrío',546,437),(172,40,'Riofrío de Riaza',34,19),(172,42,'Soliedra',20,16),(172,43,'Vilaverd',246,223),(172,44,'Oliete',218,194),(172,45,'Torrico',420,407),(172,46,'Montserrat',3750,3481),(172,47,'Torrescárcela',90,77),(172,49,'Rabanales',296,280),(172,50,'Monreal de Ariza',126,96),(173,5,'Ojos-Albos',39,28),(173,9,'Huerta de Arriba',73,55),(173,10,'Saucedilla',466,411),(173,16,'Valle de Altomira, El',135,111),(173,17,'Sant Martí Vell',131,117),(173,18,'Salobreña',6171,6258),(173,19,'Matarrubia',33,13),(173,22,'Peñas de Riglos, Las',164,100),(173,24,'Turcia',540,517),(173,25,'Pont de Suert, El',1167,1147),(173,26,'Villarroya',4,4),(173,28,'Villamanrique de Tajo',370,350),(173,31,'Monteagudo',550,547),(173,37,'Lumbrales',875,860),(173,40,'Roda de Eresma',107,90),(173,42,'Soria',18557,20611),(173,43,'Vilella Alta, La',70,65),(173,44,'Olmos, Los',69,58),(173,45,'Torrijos',6554,6719),(173,46,'Montaverner',850,841),(173,47,'Traspinedo',584,492),(173,49,'Rábano de Aliste',205,209),(173,50,'Monterde',157,121),(174,5,'Orbita',40,40),(174,8,'Puigdàlber',266,273),(174,9,'Huerta de Rey',542,465),(174,10,'Segura de Toro',86,103),(174,16,'Puebla del Salvador',118,93),(174,17,'Sant Miquel de Campmajor',115,104),(174,18,'Santa Cruz del Comercio',288,261),(174,19,'Matillas',71,78),(174,22,'Peralta de Alcofea',318,284),(174,24,'Urdiales del Páramo',271,244),(174,25,'Portella, La',398,333),(174,26,'Villarta-Quintana',89,66),(174,28,'Villamanta',1276,1249),(174,31,'Morentin',66,63),(174,34,'Santoyo',121,103),(174,37,'Macotera',627,557),(174,40,'Sacramenia',224,205),(174,42,'Sotillo del Rincón',103,95),(174,43,'Vilella Baixa, La',109,88),(174,44,'Orihuela del Tremedal',285,250),(174,45,'Totanés',199,187),(174,46,'Montesa',635,622),(174,47,'Trigueros del Valle',171,144),(174,49,'Requejo',77,79),(174,50,'Montón',63,42),(175,5,'Oso, El',100,76),(175,8,'Puig-reig',2022,2145),(175,9,'Humada',83,47),(175,10,'Serradilla',832,805),(175,16,'Quintanar del Rey',3909,3667),(175,17,'Sant Miquel de Fluvià',395,361),(175,18,'Santa Fe',7428,7639),(175,19,'Mazarete',22,24),(175,22,'Peralta de Calasanz',132,101),(175,24,'Valdefresno',1111,1038),(175,25,'Prats i Sansor',131,120),(175,26,'Villavelayo',37,20),(175,28,'Villamantilla',636,656),(175,31,'Mues',47,41),(175,34,'Serna, La',61,35),(175,37,'Machacón',240,216),(175,42,'Suellacabras',15,10),(175,43,'Vilalba dels Arcs',341,328),(175,44,'Orrios',69,68),(175,45,'Turleque',417,401),(175,46,'Montitxelvo/Montichelvo',332,333),(175,47,'Tudela de Duero',4451,4232),(175,49,'Revellinos',151,128),(175,50,'Morata de Jalón',592,612),(176,5,'Padiernos',151,141),(176,8,'Pujalt',109,89),(176,9,'Hurones',45,28),(176,10,'Serrejón',225,218),(176,16,'Rada de Haro',27,26),(176,17,'Sant Mori',96,80),(176,18,'Soportújar',167,129),(176,19,'Mazuecos',156,151),(176,22,'Peraltilla',104,97),(176,24,'Valdefuentes del Páramo',184,163),(176,25,'Preixana',204,203),(176,26,'Villaverde de Rioja',35,28),(176,28,'Villanueva de la Cañada',9373,9877),(176,31,'Murchante',1931,1911),(176,34,'Sotobañado y Priorato',93,66),(176,37,'Madroñal',93,66),(176,40,'Samboal',261,223),(176,42,'Tajahuerce',17,13),(176,43,'Vimbodí i Poblet',542,424),(176,44,'Palomar de Arroyos',106,76),(176,45,'Ugena',2727,2555),(176,46,'Montroi/Montroy',1528,1363),(176,47,'Unión de Campos, La',134,138),(176,49,'Riofrío de Aliste',401,346),(176,50,'Morata de Jiloca',148,108),(177,5,'Pajares de Adaja',95,96),(177,8,'Quar, La',28,24),(177,9,'Ibeas de Juarros',778,622),(177,10,'Sierra de Fuentes',1034,1006),(177,16,'Reíllo',47,42),(177,17,'Sant Pau de Segúries',336,346),(177,18,'Sorvilán',281,271),(177,19,'Medranda',43,41),(177,22,'Perarrúa',58,53),(177,24,'Valdelugueros',301,232),(177,25,'Preixens',234,224),(177,26,'Villoslada de Cameros',218,136),(177,28,'Villanueva del Pardillo',8260,8537),(177,31,'Murieta',189,164),(177,34,'Soto de Cerrato',114,81),(177,37,'Maíllo, El',153,136),(177,40,'San Cristóbal de Cuéllar',86,73),(177,42,'Tajueco',45,34),(177,43,'Vinebre',219,216),(177,44,'Pancrudo',68,44),(177,45,'Urda',1413,1417),(177,46,'Museros',3132,3057),(177,47,'Urones de Castroponce',66,50),(177,49,'Rionegro del Puente',158,148),(177,50,'Morés',195,167),(178,5,'Palacios de Goda',218,200),(178,8,'Rajadell',268,256),(178,9,'Ibrillos',31,24),(178,10,'Talaván',449,438),(178,17,'Sant Pere Pescador',1159,984),(178,18,'Torre-Cardela',437,410),(178,19,'Megina',31,16),(178,22,'Pertusa',74,50),(178,24,'Valdemora',36,43),(178,26,'Viniegra de Abajo',53,33),(178,28,'Villanueva de Perales',737,704),(178,31,'Murillo el Cuende',333,321),(178,34,'Tabanera de Cerrato',73,53),(178,37,'Malpartida',57,43),(178,40,'San Cristóbal de la Vega',58,59),(178,42,'Talveila',73,60),(178,43,'Vinyols i els Arcs',993,938),(178,44,'Parras de Castellote, Las',34,25),(178,46,'Náquera',3240,2964),(178,47,'Urueña',105,86),(178,49,'Roales',457,391),(178,50,'Moros',208,189),(179,5,'Papatrigo',127,126),(179,8,'Rellinars',388,360),(179,9,'Iglesiarrubia',25,19),(179,10,'Talaveruela de la Vera',183,162),(179,18,'Torvizcón',372,336),(179,19,'Membrillera',49,47),(179,24,'Valdepiélago',187,151),(179,25,'Prullans',105,101),(179,26,'Viniegra de Arriba',28,17),(179,28,'Villar del Olmo',1063,995),(179,31,'Murillo el Fruto',329,305),(179,34,'Tabanera de Valdavia',16,15),(179,37,'Mancera de Abajo',121,109),(179,40,'Sanchonuño',459,490),(179,44,'Peñarroya de Tastavins',260,217),(179,45,'Valdeverdeja',311,336),(179,46,'Navarrés',1578,1526),(179,47,'Valbuena de Duero',248,227),(179,49,'Robleda-Cervantes',245,219),(179,50,'Moyuela',153,127),(180,5,'Parral, El',44,35),(180,8,'Ripollet',18544,18901),(180,9,'Iglesias',78,62),(180,10,'Talayuela',4435,3805),(180,17,'Santa Coloma de Farners',6447,6234),(180,18,'Trevélez',411,375),(180,24,'Valdepolo',665,609),(180,25,'Puiggròs',153,142),(180,26,'Zarratón',150,118),(180,28,'Villarejo de Salvanés',3668,3620),(180,31,'Muruzábal',117,149),(180,34,'Támara de Campos',41,38),(180,37,'Manzano, El',39,34),(180,40,'Sangarcía',184,152),(180,44,'Peracense',41,31),(180,45,'Valmojado',2077,2002),(180,46,'Novelé/Novetlè',422,434),(180,47,'Valdearcos de la Vega',47,44),(180,49,'Roelos de Sayago',84,94),(180,50,'Mozota',60,61),(181,5,'Pascualcobo',26,13),(181,8,'Roca del Vallès, La',5278,5226),(181,9,'Isar',169,162),(181,10,'Tejeda de Tiétar',455,382),(181,16,'Rozalén del Monte',35,40),(181,17,'Santa Cristina d\'Aro',2570,2519),(181,18,'Turón',159,106),(181,19,'Miedes de Atienza',37,30),(181,22,'Piracés',59,48),(181,24,'Valderas',921,898),(181,25,'Puigverd d\'Agramunt',140,104),(181,26,'Zarzosa',11,4),(181,28,'Villaviciosa de Odón',13163,13912),(181,31,'Navascués/Nabaskoze',89,62),(181,34,'Tariego de Cerrato',281,245),(181,37,'Martiago',159,137),(181,40,'Real Sitio de San Ildefonso',2666,2737),(181,42,'Tardelcuende',239,211),(181,44,'Peralejos',45,41),(181,45,'Velada',1501,1392),(181,46,'Oliva',12982,13208),(181,47,'Valdenebro de los Valles',103,105),(181,49,'Rosinos de la Requejada',213,185),(181,50,'Muel',684,651),(182,5,'Pedro Bernardo',484,437),(182,8,'Pont de Vilomara i Rocafort, El',1901,1814),(182,9,'Itero del Castillo',46,38),(182,10,'Toril',111,59),(182,17,'Santa Llogaia d\'Àlguema',178,161),(182,18,'Ugíjar',1259,1301),(182,19,'Mierla, La',28,13),(182,22,'Plan',156,147),(182,24,'Valderrey',217,244),(182,25,'Puigverd de Lleida',725,680),(182,28,'Villavieja del Lozoya',150,130),(182,31,'Nazar',26,19),(182,34,'Torquemada',555,470),(182,37,'Martinamor',59,38),(182,40,'San Martín y Mudrián',129,129),(182,42,'Taroda',27,24),(182,44,'Perales del Alfambra',127,111),(182,45,'Ventas con Peña Aguilera, Las',622,584),(182,46,'Olocau',895,775),(182,47,'Valdestillas',896,836),(182,50,'Muela, La',2578,2402),(183,5,'Pedro-Rodríguez',82,76),(183,8,'Roda de Ter',3006,3116),(183,9,'Jaramillo de la Fuente',30,22),(183,10,'Tornavacas',595,549),(183,17,'Sant Aniol de Finestres',196,177),(183,18,'Válor',337,317),(183,19,'Milmarcos',56,42),(183,24,'Valderrueda',471,452),(183,25,'Rialp',340,315),(183,26,'Zorraquín',37,45),(183,28,'Zarzalejo',810,736),(183,31,'Obanos',445,459),(183,37,'Martín de Yeltes',228,219),(183,40,'San Miguel de Bernuy',79,75),(183,42,'Tejado',71,54),(183,44,'Pitarque',45,45),(183,45,'Ventas de Retamosa, Las',1777,1605),(183,46,'Olleria, l\'',4245,4124),(183,47,'Valdunquillo',77,81),(183,49,'Salce',47,57),(183,50,'Munébrega',222,183),(184,5,'Peguerinos',183,129),(184,8,'Rubí',36985,37551),(184,9,'Jaramillo Quemado',3,2),(184,10,'Torno, El',501,455),(184,17,'Santa Pau',796,766),(184,18,'Vélez de Benaudalla',1461,1442),(184,19,'Millana',72,54),(184,22,'Poleñino',116,101),(184,24,'Valdesamario',119,96),(184,31,'Oco',32,32),(184,34,'Torremormojón',31,24),(184,37,'Masueco',181,167),(184,40,'San Pedro de Gaíllos',174,148),(184,42,'Torlengua',38,33),(184,44,'Plou',30,22),(184,45,'Ventas de San Julián, Las',112,126),(184,46,'Ontinyent',17639,17982),(184,47,'Valoria la Buena',359,321),(184,49,'Samir de los Caños',103,88),(184,50,'Murero',76,55),(185,5,'Peñalba de Ávila',62,52),(185,8,'Rubió',125,104),(185,10,'Torrecilla de los Ángeles',337,316),(185,16,'Saceda-Trasierra',32,19),(185,17,'Sant Joan les Fonts',1451,1486),(185,18,'Ventas de Huelma',352,309),(185,19,'Miñosa, La',24,10),(185,24,'Val de San Lorenzo',271,271),(185,25,'Ribera d\'Urgellet',514,464),(185,31,'Ochagavía/Otsagabia',293,267),(185,34,'Triollo',34,26),(185,37,'Castellanos de Villiquera',372,312),(185,40,'Santa María la Real de Nieva',554,491),(185,42,'Torreblacos',14,12),(185,44,'Pobo, El',88,54),(185,45,'Villacañas',5004,5066),(185,46,'Otos',233,222),(185,47,'Valverde de Campos',64,42),(185,49,'San Agustín del Pozo',101,92),(185,50,'Murillo de Gállego',103,63),(186,5,'Piedrahíta',897,987),(186,10,'Torrecillas de la Tiesa',563,571),(186,16,'Saelices',284,269),(186,17,'Sarrià de Ter',2474,2499),(186,19,'Mirabueno',55,38),(186,22,'Pozán de Vero',108,113),(186,25,'Riner',131,136),(186,31,'Odieta',206,164),(186,34,'Valbuena de Pisuerga',30,22),(186,37,'Mata de Ledesma, La',59,50),(186,40,'Santa Marta del Cerro',20,22),(186,45,'Villa de Don Fadrique, La',1937,1981),(186,46,'Paiporta',12371,12439),(186,47,'Valladolid',143197,160708),(186,49,'San Cebrián de Castro',128,144),(186,50,'Navardún',25,16),(187,5,'Piedralaves',1119,1089),(187,8,'Sabadell',101118,106696),(187,10,'Torre de Don Miguel',268,235),(187,16,'Salinas del Manzano',53,41),(187,17,'Saus, Camallera i Llampaies',413,417),(187,18,'Villanueva de las Torres',350,311),(187,19,'Miralrío',38,26),(187,22,'Puebla de Castro, La',195,188),(187,24,'Valdevimbre',521,476),(187,31,'Oiz',81,60),(187,37,'Matilla de los Caños del Río',322,311),(187,42,'Torrubia de Soria',50,25),(187,44,'Portellada, La',121,119),(187,45,'Villafranca de los Caballeros',2586,2610),(187,46,'Palma de Gandía',845,807),(187,47,'Vega de Ruiponce',64,42),(187,49,'San Cristóbal de Entreviñas',777,704),(187,50,'Nigüella',47,31),(188,5,'Poveda',31,19),(188,8,'Sagàs',85,72),(188,10,'Torre de Santa María',293,289),(188,16,'Salmeroncillos',65,50),(188,17,'Selva de Mar, La',103,81),(188,18,'Villanueva Mesía',1008,1005),(188,19,'Mochales',29,23),(188,22,'Puente de Montañana',46,61),(188,24,'Valencia de Don Juan',2539,2642),(188,31,'Olaibar',177,139),(188,37,'Maya, La',117,82),(188,40,'Santiuste de Pedraza',67,44),(188,42,'Trévago',24,31),(188,45,'Villaluenga de la Sagra',1914,1943),(188,46,'Palmera',529,463),(188,47,'Vega de Valdetronco',67,53),(188,49,'San Esteban del Molar',71,54),(188,50,'Nombrevilla',19,15),(189,5,'Poyales del Hoyo',306,251),(189,8,'Sant Pere Sallavinera',93,74),(189,9,'Junta de Traslaloma',72,64),(189,10,'Torrejoncillo',1571,1613),(189,16,'Salvacañete',165,151),(189,17,'Cellera de Ter, La',1028,1043),(189,18,'Víznar',499,472),(189,19,'Mohernando',96,84),(189,22,'Puértolas',120,87),(189,24,'Valverde de la Virgen',3858,3577),(189,25,'Rosselló',1538,1505),(189,31,'Olazti/Olazagutía',776,744),(189,34,'Valdeolmillos',37,32),(189,37,'Membribe de la Sierra',80,59),(189,40,'Santiuste de San Juan Bautista',327,272),(189,42,'Ucero',31,30),(189,44,'Pozondón',33,29),(189,45,'Villamiel de Toledo',464,408),(189,46,'Palomar, el',293,295),(189,47,'Velascálvaro',94,77),(189,49,'San Justo',135,112),(189,50,'Nonaspe',538,470),(190,5,'Pozanco',31,22),(190,8,'Saldes',162,126),(190,9,'Junta de Villalba de Losa',49,40),(190,10,'Torrejón el Rubio',315,313),(190,16,'San Clemente',3427,3327),(190,17,'Serinyà',585,545),(190,19,'Molina de Aragón',1732,1736),(190,22,'Pueyo de Araguás, El',88,61),(190,24,'Valverde-Enrique',94,81),(190,25,'Salàs de Pallars',193,166),(190,31,'Olejua',28,21),(190,34,'Valderrábano',29,28),(190,37,'Mieza',112,115),(190,40,'Santo Domingo de Pirón',38,24),(190,42,'Vadillo',66,50),(190,44,'Pozuel del Campo',39,35),(190,45,'Villaminaya',283,276),(190,46,'Paterna',33479,33861),(190,47,'Velilla',55,56),(190,49,'San Martín de Valderaduey',33,32),(190,50,'Novallas',495,418),(191,5,'Pradosegar',74,65),(191,8,'Sallent',3215,3454),(191,9,'Jurisdicción de Lara',25,22),(191,10,'Torremenga',341,288),(191,16,'San Lorenzo de la Parrilla',571,582),(191,17,'Serra de Daró',114,95),(191,19,'Monasterio',4,9),(191,24,'Vallecillo',68,56),(191,25,'Sanaüja',219,208),(191,31,'Olite/Erriberri',1973,1934),(191,37,'Milano, El',62,49),(191,40,'Santo Tomé del Puerto',164,129),(191,42,'Valdeavellano de Tera',119,84),(191,44,'Puebla de Híjar, La',472,475),(191,45,'Villamuelas',346,325),(191,46,'Pedralba',1506,1353),(191,47,'Velliza',76,46),(191,49,'San Miguel de la Ribera',153,151),(191,50,'Novillas',283,295),(192,5,'Puerto Castilla',73,43),(192,8,'Santpedor',3721,3738),(192,9,'Jurisdicción de San Zadornil',27,24),(192,10,'Torremocha',449,466),(192,16,'San Martín de Boniches',25,23),(192,17,'Setcases',100,80),(192,18,'Zafarraya',1087,953),(192,19,'Mondéjar',1325,1254),(192,25,'Sant Guim de Freixenet',557,521),(192,31,'Olóriz/Oloritz',113,82),(192,34,'Valde-Ucieza',64,44),(192,37,'Miranda de Azán',228,195),(192,40,'Sauquillo de Cabezas',101,85),(192,42,'Valdegeña',30,13),(192,44,'Puebla de Valverde, La',269,231),(192,45,'Villanueva de Alcardete',1822,1681),(192,46,'Petrés',479,498),(192,47,'Ventosa de la Cuesta',63,50),(192,49,'San Miguel del Valle',74,82),(192,50,'Nuévalos',181,146),(193,5,'Rasueros',117,84),(193,8,'Sant Iscle de Vallalta',672,636),(193,10,'Torreorgaz',819,876),(193,16,'San Pedro Palmiches',40,30),(193,17,'Sils',2932,2865),(193,18,'Zubia, La',9160,9515),(193,19,'Montarrón',15,13),(193,22,'Pueyo de Santa Cruz',169,159),(193,24,'Vecilla, La',213,195),(193,25,'Sant Llorenç de Morunys',478,499),(193,31,'Cendea de Olza/Oltza Zendea',913,909),(193,37,'Miranda del Castañar',238,212),(193,40,'Sebúlcor',145,133),(193,42,'Valdelagua del Cerro',9,5),(193,44,'Puertomingalvo',69,50),(193,45,'Villanueva de Bogas',397,377),(193,46,'Picanya',5536,5734),(193,47,'Viana de Cega',1053,962),(193,49,'San Pedro de Ceque',265,248),(193,50,'Nuez de Ebro',420,406),(194,5,'Riocabado',84,66),(194,8,'Sant Adrià de Besòs',17638,18176),(194,9,'Lerma',1345,1358),(194,10,'Torrequemada',285,316),(194,16,'Santa Cruz de Moya',138,121),(194,17,'Susqueda',55,37),(194,18,'Zújar',1432,1345),(194,19,'Moratilla de los Meleros',61,50),(194,24,'Vegacervera',169,145),(194,25,'Sant Ramon',273,233),(194,31,'Ollo',217,192),(194,37,'Mogarraz',166,148),(194,40,'Segovia',25004,27724),(194,42,'Valdemaluque',87,102),(194,44,'Ráfales',71,62),(194,45,'Villarejo de Montalbán',44,37),(194,46,'Picassent',10324,10103),(194,47,'Viloria',186,177),(194,49,'San Pedro de la Nave-Almendra',193,186),(194,50,'Olvés',67,50),(195,5,'Riofrío',136,97),(195,8,'Sant Agustí de Lluçanès',45,45),(195,9,'Llano de Bureba',38,25),(195,10,'Trujillo',4620,4890),(195,16,'Santa María del Campo Rus',311,315),(195,17,'Tallada d\'Empordà, La',237,221),(195,19,'Morenilla',26,19),(195,22,'Quicena',145,141),(195,31,'Orbaizeta',102,100),(195,37,'Molinillo',33,24),(195,40,'Sepúlveda',609,559),(195,42,'Valdenebro',70,49),(195,44,'Rillo',54,43),(195,45,'Villarrubia de Santiago',1349,1316),(195,46,'Piles',1373,1367),(195,47,'Villabáñez',312,237),(195,50,'Orcajo',38,18),(196,5,'Rivilla de Barajas',31,36),(196,8,'Sant Andreu de la Barca',13717,13623),(196,9,'Madrigal del Monte',103,66),(196,10,'Valdastillas',170,164),(196,16,'Santa María de los Llanos',374,347),(196,17,'Terrades',145,149),(196,19,'Muduex',61,55),(196,24,'Vega de Espinareda',1144,1137),(196,25,'Sant Esteve de la Sarga',89,55),(196,31,'Orbara',22,20),(196,34,'Valle de Cerrato',58,38),(196,37,'Monforte de la Sierra',48,41),(196,40,'Sequera de Fresno',25,20),(196,42,'Valdeprado',10,4),(196,44,'Riodeva',79,84),(196,45,'Villaseca de la Sagra',914,894),(196,46,'Pinet',83,87),(196,47,'Villabaruz de Campos',17,21),(196,50,'Orera',65,62),(197,5,'Salobral',59,51),(197,8,'Sant Andreu de Llavaneres',5166,5327),(197,9,'Madrigalejo del Monte',114,67),(197,10,'Valdecañas de Tajo',76,61),(197,16,'Santa María del Val',38,30),(197,17,'Torrent',91,78),(197,19,'Navas de Jadraque, Las',19,8),(197,22,'Robres',294,292),(197,24,'Vega de Infanzones',456,449),(197,25,'Sant Guim de la Plana',94,80),(197,31,'Orísoain',49,43),(197,37,'Monleón',53,38),(197,42,'Valderrodilla',43,36),(197,44,'Ródenas',38,28),(197,45,'Villasequilla',1311,1234),(197,46,'Polinyà de Xúquer',1288,1238),(197,47,'Villabrágima',557,504),(197,49,'Santa Clara de Avedillo',93,87),(197,50,'Orés',66,46),(198,5,'Salvadiós',40,40),(198,8,'Sant Antoni de Vilamajor',2896,2893),(198,9,'Mahamud',70,53),(198,10,'Valdefuentes',637,656),(198,16,'Sisante',884,874),(198,17,'Torroella de Fluvià',387,345),(198,19,'Negredo',12,9),(198,24,'Vega de Valcarce',341,328),(198,31,'Oronz/Orontze',25,21),(198,37,'Monleras',116,129),(198,40,'Sotillo',15,11),(198,42,'Valtajeros',13,10),(198,44,'Royuela',123,98),(198,45,'Villatobas',1291,1224),(198,46,'Potries',502,518),(198,47,'Villacarralón',47,31),(198,50,'Oseja',36,25),(199,5,'San Bartolomé de Béjar',22,20),(199,8,'Sant Bartomeu del Grau',447,416),(199,9,'Mambrilla de Castrejón',53,47),(199,10,'Valdehúncar',99,88),(199,16,'Solera de Gabaldón',13,16),(199,17,'Torroella de Montgrí',5778,5610),(199,19,'Ocentejo',14,6),(199,22,'Sabiñánigo',4814,4784),(199,24,'Vegaquemada',244,221),(199,31,'Oroz-Betelu/Orotz-Betelu',87,66),(199,34,'Velilla del Río Carrión',723,683),(199,37,'Monsagro',80,68),(199,40,'Sotosalbos',59,59),(199,44,'Rubiales',30,23),(199,45,'Viso de San Juan, El',2283,1980),(199,46,'Pobla de Farnals, la',3912,3864),(199,47,'Villacid de Campos',51,35),(199,49,'Santa Colomba de las Monjas',140,141),(199,50,'Osera de Ebro',205,202),(200,5,'San Bartolomé de Corneja',29,25),(200,8,'Sant Boi de Llobregat',40327,41868),(200,9,'Mambrillas de Lara',27,21),(200,10,'Valdelacasa de Tajo',227,228),(200,17,'Tortellà',377,398),(200,19,'Olivar, El',54,35),(200,22,'Sahún',163,145),(200,25,'Sarroca de Lleida',213,174),(200,31,'Oteiza',490,438),(200,37,'Montejo',111,95),(200,40,'Tabanera la Luenga',22,26),(200,42,'Velamazán',55,30),(200,44,'Rubielos de la Cérida',22,19),(200,45,'Yébenes, Los',3138,2994),(200,46,'Pobla del Duc, la',1237,1319),(200,47,'Villaco',53,30),(200,49,'Santa Cristina de la Polvorosa',561,544),(200,50,'Paniza',367,324),(201,5,'San Bartolomé de Pinares',317,280),(201,8,'Sant Boi de Lluçanès',264,280),(201,9,'Mamolar',22,9),(201,10,'Valdemorales',99,99),(201,17,'Toses',92,63),(201,19,'Olmeda de Cobeta',40,33),(201,22,'Salas Altas',159,154),(201,24,'Vegas del Condado',655,508),(201,25,'Sarroca de Bellera',79,46),(201,31,'Pamplona/Iruña',93134,102719),(201,34,'Vertavillo',111,97),(201,37,'Montemayor del Río',155,146),(201,40,'Tolocirio',25,28),(201,42,'Velilla de la Sierra',15,10),(201,44,'Rubielos de Mora',343,318),(201,45,'Yeles',2698,2340),(201,46,'Puebla de San Miguel',42,30),(201,49,'Santa Croya de Tera',166,160),(201,50,'Paracuellos de Jiloca',305,285),(202,8,'Sant Celoni',8582,8735),(202,9,'Manciles',12,7),(202,10,'Valdeobispo',340,361),(202,16,'Talayuelas',498,446),(202,17,'Tossa de Mar',2857,2766),(202,19,'Olmeda de Jadraque, La',9,7),(202,22,'Salas Bajas',80,88),(202,24,'Villablino',4672,4837),(202,25,'Senterada',80,53),(202,31,'Peralta/Azkoien',2950,2913),(202,34,'Villabasta de Valdavia',16,15),(202,37,'Monterrubio de Armuña',708,616),(202,40,'Torreadrada',32,40),(202,42,'Velilla de los Ajos',15,10),(202,45,'Yepes',2585,2470),(202,46,'Pobla de Vallbona, la',11626,11368),(202,49,'Santa Eufemia del Barco',111,86),(202,50,'Paracuellos de la Ribera',87,81),(203,8,'Sant Cebrià de Vallalta',1734,1592),(203,10,'Valencia de Alcántara',2811,2888),(203,16,'Tarancón',7447,7475),(203,17,'Ultramort',111,89),(203,19,'Ordial, El',17,14),(203,22,'Salillas',53,48),(203,24,'Villabraz',62,51),(203,25,'Seu d\'Urgell, La',5896,6353),(203,31,'Petilla de Aragón',21,13),(203,37,'Monterrubio de la Sierra',100,82),(203,40,'Torrecaballeros',642,646),(203,44,'Salcedillo',10,3),(203,45,'Yuncler',1824,1770),(203,46,'Pobla Llarga, la',2278,2258),(203,47,'Villafrades de Campos',37,35),(203,49,'Santa María de la Vega',181,171),(203,50,'Pastriz',616,664),(204,5,'Sanchidrián',391,377),(204,8,'Sant Climent de Llobregat',2011,2002),(204,10,'Valverde de la Vera',266,263),(204,16,'Tébar',159,144),(204,17,'Ullà',593,475),(204,19,'Orea',123,80),(204,22,'Sallent de Gállego',720,721),(204,25,'Seròs',1025,861),(204,31,'Piedramillera',26,13),(204,34,'Villacidaler',29,19),(204,37,'Morasverdes',149,139),(204,40,'Torrecilla del Pinar',117,102),(204,42,'Viana de Duero',43,16),(204,44,'Saldón',17,10),(204,45,'Yunclillos',466,412),(204,46,'Puig de Santa Maria, el',4271,4573),(204,47,'Villafranca de Duero',159,148),(204,49,'Santa María de Valverde',26,39),(204,50,'Pedrola',1850,1710),(205,5,'Sanchorreja',45,46),(205,8,'Sant Cugat del Vallès',42743,45087),(205,10,'Valverde del Fresno',1227,1195),(205,16,'Tejadillos',62,67),(205,17,'Ullastret',144,151),(205,22,'San Esteban de Litera',258,240),(205,24,'Villadangos del Páramo',571,532),(205,25,'Sidamon',379,353),(205,31,'Pitillas',248,263),(205,34,'Villaconancio',37,26),(205,37,'Morille',132,120),(205,40,'Torreiglesias',170,158),(205,42,'Villaciervos',61,34),(205,44,'Samper de Calanda',422,432),(205,45,'Yuncos',5491,5116),(205,46,'Puçol',9569,9788),(205,47,'Villafrechós',262,229),(205,49,'Santibáñez de Tera',209,202),(205,50,'Pedrosas, Las',52,55),(206,5,'San Esteban de los Patos',19,15),(206,8,'Sant Cugat Sesgarrigues',482,496),(206,9,'Mazuela',34,29),(206,10,'Viandar de la Vera',132,123),(206,16,'Tinajas',111,110),(206,17,'Urús',83,93),(206,22,'Sangarrén',121,114),(206,24,'Toral de los Vados',993,1031),(206,25,'Soleràs, El',176,166),(206,31,'Puente la Reina/Gares',1446,1372),(206,34,'Villada',520,516),(206,37,'Moríñigo',55,47),(206,40,'Torre Val de San Pedro',100,96),(206,42,'Villanueva de Gormaz',5,3),(206,44,'San Agustín',89,52),(206,46,'Quesa',355,335),(206,47,'Villafuerte',60,45),(206,49,'Santibáñez de Vidriales',529,515),(206,50,'Perdiguera',314,283),(207,5,'San Esteban del Valle',426,374),(207,8,'Sant Esteve de Palautordera',1272,1296),(207,10,'Villa del Campo',250,265),(207,17,'Vall d\'en Bas, La',1480,1486),(207,22,'San Juan de Plan',83,65),(207,24,'Villademor de la Vega',186,163),(207,25,'Solsona',4505,4499),(207,31,'Pueyo',183,157),(207,37,'Moriscos',196,158),(207,40,'Trescasas',520,487),(207,42,'Villar del Ala',25,26),(207,44,'San Martín del Río',89,85),(207,46,'Rafelbunyol',4400,4483),(207,47,'Villagarcía de Campos',193,141),(207,49,'Santovenia',139,142),(207,50,'Piedratajada',60,54),(208,5,'San Esteban de Zapardiel',25,16),(208,8,'Sant Esteve Sesrovires',3805,3808),(208,9,'Mecerreyes',134,125),(208,10,'Villa del Rey',66,64),(208,17,'Vall de Bianya, La',661,636),(208,19,'Pálmaces de Jadraque',25,22),(208,22,'Santa Cilia',108,99),(208,25,'Soriguera',206,179),(208,31,'Ribaforada',1889,1803),(208,34,'Villaeles de Valdavia',34,26),(208,37,'Moronta',50,34),(208,40,'Turégano',521,518),(208,42,'Villar del Campo',14,8),(208,44,'Santa Cruz de Nogueras',20,19),(208,46,'Rafelcofer',674,736),(208,47,'Villagómez la Nueva',37,34),(208,49,'San Vicente de la Cabeza',225,202),(208,50,'Pina de Ebro',1304,1231),(209,5,'San García de Ingelmos',48,34),(209,8,'Sant Fost de Campsentelles',4298,4305),(209,9,'Medina de Pomar',3040,2943),(209,10,'Villamesías',141,148),(209,16,'Torralba',75,52),(209,17,'Vall-llobrega',458,457),(209,19,'Pardos',26,17),(209,22,'Santa Cruz de la Serós',106,80),(209,24,'Villafranca del Bierzo',1521,1639),(209,25,'Sort',1089,1110),(209,31,'Romanzado',90,83),(209,37,'Mozárbez',269,243),(209,42,'Villar del Río',103,56),(209,44,'Santa Eulalia',542,539),(209,46,'Rafelguaraf',1203,1219),(209,47,'Villalán de Campos',29,17),(209,49,'San Vitero',313,250),(209,50,'Pinseque',1891,1715),(210,5,'San Juan de la Encinilla',46,44),(210,8,'Sant Feliu de Codines',2977,2931),(210,10,'Villamiel',262,256),(210,17,'Ventalló',429,401),(210,19,'Paredes de Sigüenza',12,10),(210,24,'Villagatón',325,292),(210,25,'Soses',899,829),(210,31,'Roncal/Erronkari',121,106),(210,34,'Villahán',52,52),(210,40,'Urueñas',62,42),(210,44,'Sarrión',624,543),(210,46,'Ráfol de Salem',203,220),(210,47,'Villalar de los Comuneros',214,223),(210,49,'Sanzoles',280,276),(210,50,'Pintanos, Los',26,18),(211,5,'San Juan de la Nava',268,250),(211,8,'Sant Feliu de Llobregat',21259,22541),(211,9,'Melgar de Fernamental',952,792),(211,10,'Villanueva de la Sierra',228,232),(211,16,'Torrejoncillo del Rey',222,211),(211,17,'Verges',578,619),(211,19,'Pareja',267,201),(211,24,'Villamandos',172,138),(211,25,'Sudanell',473,374),(211,31,'Orreaga/Roncesvalles',16,16),(211,34,'Villaherreros',102,106),(211,37,'Narros de Matalayegua',131,110),(211,40,'Valdeprados',46,34),(211,42,'Villares de Soria, Los',52,39),(211,44,'Segura de los Baños',25,15),(211,46,'Real de Gandía',1115,1171),(211,47,'Villalba de la Loma',31,31),(211,50,'Plasencia de Jalón',187,155),(212,5,'San Juan del Molinillo',131,96),(212,8,'Sant Feliu Sasserra',330,298),(212,10,'Villanueva de la Vera',1079,1043),(212,16,'Torrubia del Campo',140,145),(212,17,'Vidrà',89,84),(212,19,'Pastrana',506,472),(212,22,'Santaliestra y San Quílez',53,51),(212,24,'Villamañán',575,619),(212,25,'Sunyer',180,145),(212,31,'Sada',87,76),(212,37,'Navacarros',66,54),(212,40,'Valdevacas de Montejo',15,17),(212,42,'Villasayas',52,26),(212,44,'Seno',21,22),(212,46,'Real',1193,1098),(212,47,'Villalba de los Alcores',227,193),(212,50,'Pleitas',21,24),(213,5,'San Juan del Olmo',68,44),(213,8,'Sant Fruitós de Bages',4165,4186),(213,9,'Merindad de Cuesta-Urria',195,171),(213,10,'Villar del Pedroso',331,305),(213,16,'Torrubia del Castillo',25,15),(213,17,'Vidreres',4006,3735),(213,19,'Pedregal, El',52,31),(213,22,'Sariñena',2179,2044),(213,24,'Villamartín de Don Sancho',86,78),(213,31,'Saldías',68,48),(213,34,'Villalaco',33,32),(213,37,'Nava de Béjar',52,46),(213,40,'Valdevacas y Guijar',53,54),(213,42,'Villaseca de Arciel',20,18),(213,44,'Singra',45,35),(213,46,'Requena',10316,10305),(213,47,'Villalbarba',68,62),(213,50,'Plenas',62,49),(214,5,'San Lorenzo de Tormes',23,19),(214,8,'Vilassar de Dalt',4406,4558),(214,9,'Merindad de Montija',474,329),(214,10,'Villar de Plasencia',116,107),(214,17,'Vilabertran',460,442),(214,19,'Peñalén',48,34),(214,22,'Secastilla',65,79),(214,24,'Villamejil',392,354),(214,31,'Salinas de Oro/Jaitz',66,51),(214,34,'Villalba de Guardo',110,94),(214,37,'Nava de Francia',73,65),(214,40,'Valseca',147,117),(214,46,'Riba-roja de Túria',10866,10525),(214,47,'Villalón de Campos',842,874),(214,49,'Tábara',430,402),(214,50,'Pomer',21,11),(215,5,'San Martín de la Vega del Alberche',111,70),(215,8,'Sant Hipòlit de Voltregà',1697,1732),(215,9,'Merindad de Sotoscueva',244,192),(215,10,'Villasbuenas de Gata',200,188),(215,16,'Tragacete',159,129),(215,17,'Vilablareix',1256,1303),(215,19,'Peñalver',116,71),(215,22,'Seira',81,66),(215,24,'Villamol',87,86),(215,25,'Talarn',363,219),(215,31,'San Adrián',3069,3127),(215,34,'Villalcázar de Sirga',83,75),(215,37,'Nava de Sotrobal',95,75),(215,40,'Valtiendas',54,37),(215,42,'Vinuesa',506,432),(215,44,'Terriente',104,74),(215,46,'Riola',932,906),(215,47,'Villamuriel de Campos',28,30),(215,50,'Pozuel de Ariza',15,9),(216,5,'San Martín del Pimpollar',107,78),(216,8,'Sant Jaume de Frontanyà',16,10),(216,9,'Merindad de Valdeporres',229,211),(216,10,'Zarza de Granadilla',950,893),(216,16,'Tresjuncos',185,158),(216,17,'Viladasens',114,107),(216,19,'Peralejos de las Truchas',84,69),(216,24,'Villamontán de la Valduerna',418,386),(216,25,'Talavera',146,116),(216,31,'Sangüesa/Zangoza',2545,2475),(216,34,'Villalcón',40,31),(216,37,'Navales',183,158),(216,40,'Valverde del Majano',535,528),(216,42,'Vizmanos',20,7),(216,44,'Teruel',17054,18536),(216,46,'Rocafort',3359,3470),(216,47,'Villán de Tordesillas',70,52),(216,49,'Tapioles',97,69),(216,50,'Pozuelo de Aragón',154,134),(217,5,'San Miguel de Corneja',33,29),(217,8,'Sant Joan Despí',16264,17000),(217,9,'Merindad de Valdivielso',230,170),(217,10,'Zarza de Montánchez',295,299),(217,16,'Tribaldos',48,47),(217,17,'Viladamat',229,212),(217,19,'Peralveche',45,25),(217,22,'Sena',281,234),(217,24,'Villamoratiel de las Matas',87,68),(217,25,'Tàrrega',8152,8292),(217,31,'San Martín de Unx',195,177),(217,34,'Villalobón',795,778),(217,37,'Navalmoral de Béjar',26,34),(217,42,'Vozmediano',24,13),(217,44,'Toril y Masegoso',25,5),(217,46,'Rotglà i Corberà',567,577),(217,47,'Villanubla',1345,1220),(217,50,'Pradilla de Ebro',300,260),(218,5,'San Miguel de Serrezuela',74,63),(218,8,'Sant Joan de Vilatorrada',5383,5385),(218,9,'Milagros',249,211),(218,10,'Zarza la Mayor',673,686),(218,16,'Uclés',124,110),(218,17,'Vilademuls',436,398),(218,19,'Pinilla de Jadraque',30,25),(218,22,'Senés de Alcubierre',23,26),(218,24,'Villanueva de las Manzanas',264,243),(218,25,'Tarrés',57,46),(218,34,'Villaluenga de la Vega',327,238),(218,37,'Navamorales',44,29),(218,40,'Valle de Tabladillo',59,43),(218,42,'Yanguas',68,39),(218,44,'Tormón',20,14),(218,46,'Rótova',667,618),(218,47,'Villanueva de Duero',618,575),(218,50,'Puebla de Albortón',77,47),(219,5,'San Pascual',28,15),(219,8,'Vilassar de Mar',9860,10587),(219,9,'Miranda de Ebro',17798,18375),(219,10,'Zorita',751,751),(219,16,'Uña',51,52),(219,19,'Pinilla de Molina',12,5),(219,24,'Villaobispo de Otero',325,279),(219,25,'Tarroja de Segarra',91,87),(219,31,'Sansol',53,47),(219,37,'Navarredonda de la Rinconada',100,94),(219,40,'Vallelado',385,333),(219,42,'Yelo',25,21),(219,44,'Tornos',123,112),(219,46,'Rugat',91,88),(219,47,'Villanueva de la Condesa',34,35),(219,49,'Toro',4493,4721),(219,50,'Puebla de Alfindén, La',3062,2886),(220,5,'San Pedro del Arroyo',240,215),(220,8,'Sant Julià de Vilatorta',1518,1586),(220,9,'Miraveche',52,27),(220,17,'Viladrau',527,508),(220,19,'Pioz',1893,1651),(220,22,'Sesa',106,84),(220,25,'Térmens',767,764),(220,31,'Santacara',462,429),(220,34,'Villamartín de Campos',102,79),(220,40,'Valleruela de Pedraza',37,36),(220,44,'Torralba de los Sisones',86,71),(220,46,'Sagunto/Sagunt',31919,33025),(220,47,'Villanueva de los Caballeros',96,92),(220,49,'Torre del Valle, La',82,73),(220,50,'Puendeluna',27,24),(221,5,'Santa Cruz del Valle',198,187),(221,8,'Sant Just Desvern',7918,8713),(221,9,'Modúbar de la Emparedada',335,262),(221,17,'Vilafant',2720,2823),(221,19,'Piqueras',37,19),(221,22,'Sesué',64,55),(221,24,'Villaquejida',458,454),(221,25,'Tírvia',76,77),(221,31,'Doneztebe/Santesteban',846,812),(221,34,'Villamediana',102,83),(221,37,'Navasfrías',251,224),(221,40,'Valleruela de Sepúlveda',26,28),(221,44,'Torrecilla de Alcañiz',215,192),(221,46,'Salem',215,217),(221,47,'Villanueva de los Infantes',69,44),(221,49,'Torregamones',158,146),(221,50,'Purujosa',25,12),(222,5,'Santa Cruz de Pinares',87,70),(222,8,'Sant Llorenç d\'Hortons',1284,1273),(222,17,'Vilaür',80,79),(222,19,'Pobo de Dueñas, El',69,65),(222,22,'Siétamo',368,304),(222,24,'Villaquilambre',9263,9352),(222,25,'Tiurana',35,37),(222,31,'Sarriés/Sartze',40,23),(222,34,'Villameriel',72,55),(222,37,'Negrilla de Palencia',56,42),(222,40,'Veganzones',146,118),(222,44,'Torrecilla del Rebollar',88,56),(222,46,'Sant Joanet',238,238),(222,47,'Villanueva de San Mancio',46,40),(222,49,'Torres del Carrizal',218,213),(222,50,'Quinto',1031,989),(223,8,'Sant Llorenç Savall',1208,1172),(223,9,'Monasterio de la Sierra',32,16),(223,17,'Vilajuïga',577,592),(223,19,'Poveda de la Sierra',67,64),(223,22,'Sopeira',54,45),(223,24,'Villarejo de Órbigo',1536,1576),(223,25,'Torà',613,619),(223,31,'Sartaguda',717,655),(223,34,'Villamoronta',150,112),(223,37,'Olmedo de Camaces',62,53),(223,40,'Vegas de Matute',166,119),(223,44,'Torre de Arcas',38,43),(223,46,'Sedaví',4941,5239),(223,47,'Villardefrades',102,81),(223,49,'Trabazos',534,468),(223,50,'Remolinos',595,548),(224,5,'Santa María del Arroyo',59,55),(224,8,'Sant Martí de Centelles',562,541),(224,9,'Monasterio de Rodilla',98,83),(224,16,'Valdemeca',48,43),(224,17,'Vilallonga de Ter',205,193),(224,19,'Pozo de Almoguera',61,48),(224,24,'Villares de Órbigo',360,325),(224,25,'Torms, Els',82,65),(224,31,'Sesma',607,576),(224,34,'Villamuera de la Cueza',31,20),(224,37,'Orbada, La',119,106),(224,40,'Ventosilla y Tejadilla',17,9),(224,44,'Torre de las Arcas',14,15),(224,46,'Segart',86,84),(224,47,'Villarmentero de Esgueva',56,48),(224,49,'Trefacio',96,96),(224,50,'Retascón',48,31),(225,5,'Santa María del Berrocal',205,186),(225,8,'Sant Martí d\'Albars',54,56),(225,9,'Moncalvillo',51,35),(225,16,'Valdemorillo de la Sierra',48,35),(225,17,'Vilamacolum',150,144),(225,19,'Pozo de Guadalajara',666,583),(225,22,'Tamarite de Litera',1809,1729),(225,24,'Villasabariego',622,553),(225,25,'Tornabous',467,418),(225,31,'Sorlada',35,26),(225,34,'Villamuriel de Cerrato',3288,3082),(225,37,'Pajares de la Laguna',64,55),(225,40,'Villacastín',787,734),(225,44,'Torre del Compte',69,68),(225,46,'Sellent',209,192),(225,47,'Villasexmir',48,34),(225,49,'Uña de Quintana',80,77),(225,50,'Ricla',1635,1487),(226,5,'Santa María de los Caballeros',46,33),(226,8,'Sant Martí de Tous',599,587),(226,9,'Monterrubio de la Demanda',36,28),(226,17,'Vilamalla',581,552),(226,19,'Prádena de Atienza',35,16),(226,22,'Tardienta',501,484),(226,24,'Villaselán',120,90),(226,25,'Torrebesses',151,135),(226,31,'Sunbilla',343,305),(226,37,'Palacios del Arzobispo',86,84),(226,44,'Torrelacárcel',96,88),(226,46,'Sempere',24,28),(226,47,'Villavaquerín',104,77),(226,49,'Vadillo de la Guareña',152,133),(227,5,'Santa María del Tiétar',274,252),(227,8,'Sant Martí Sarroca',1509,1583),(227,9,'Montorio',86,76),(227,16,'Valdemoro-Sierra',68,51),(227,17,'Vilamaniscle',97,82),(227,19,'Prados Redondos',47,27),(227,22,'Tella-Sin',141,108),(227,24,'Villaturiel',1019,928),(227,25,'Torre de Cabdella, La',390,372),(227,31,'Tafalla',5336,5473),(227,34,'Villanueva del Rebollar',38,40),(227,44,'Torre los Negros',49,41),(227,46,'Senyera',573,602),(227,47,'Villavellid',40,28),(227,49,'Valcabado',183,178),(227,50,'Romanos',62,49),(228,5,'Santiago del Collado',115,68),(228,8,'Sant Martí Sesgueioles',189,189),(228,9,'Moradillo de Roa',100,92),(228,16,'Valdeolivas',126,82),(228,17,'Vilanant',198,201),(228,19,'Puebla de Beleña',24,22),(228,22,'Tierz',362,380),(228,24,'Villazala',399,350),(228,25,'Torrefarrera',2333,2278),(228,31,'Tiebas-Muruarte de Reta',315,302),(228,34,'Villanuño de Valdavia',53,41),(228,37,'Palaciosrubios',210,183),(228,40,'Villaverde de Íscar',331,292),(228,44,'Torremocha de Jiloca',63,47),(228,46,'Serra',1639,1503),(228,47,'Villaverde de Medina',290,237),(228,49,'Valdefinjas',35,22),(228,50,'Rueda de Jalón',180,152),(229,5,'Santo Domingo de las Posadas',41,37),(229,8,'Sant Mateu de Bages',314,306),(229,9,'Nava de Roa',113,108),(229,19,'Puebla de Valles',40,34),(229,22,'Tolva',82,55),(229,24,'Villazanzo de Valderaduey',269,206),(229,31,'Tirapu',32,19),(229,34,'Villaprovedo',46,23),(229,37,'Palencia de Negrilla',92,80),(229,40,'Villaverde de Montejo',22,18),(229,44,'Torres de Albarracín',98,83),(229,46,'Siete Aguas',698,584),(229,47,'Villavicencio de los Caballeros',119,124),(229,49,'Valdescorriel',74,74),(229,50,'Ruesca',37,36),(230,5,'Santo Tomé de Zabarcos',39,32),(230,8,'Premià de Dalt',5231,5161),(230,9,'Navas de Bureba',15,20),(230,17,'Vila-sacra',319,351),(230,19,'Quer',399,348),(230,22,'Torla-Ordesa',158,148),(230,24,'Zotes del Páramo',257,197),(230,25,'Torregrossa',1143,1112),(230,31,'Torralba del Río',63,55),(230,34,'Villarmentero de Campos',11,10),(230,37,'Parada de Arriba',137,128),(230,40,'Villeguillo',71,46),(230,44,'Torrevelilla',96,104),(230,46,'Silla',9237,9333),(230,47,'Wamba',180,163),(230,49,'Vallesa de la Guareña',58,48),(230,50,'Sádaba',718,686),(231,5,'San Vicente de Arévalo',106,84),(231,8,'Sant Pere de Ribes',14906,14760),(231,9,'Nebreda',49,21),(231,16,'Valhermoso de la Fuente',28,27),(231,19,'Rebollosa de Jadraque',10,4),(231,25,'Torrelameu',400,306),(231,31,'Torres del Río',60,69),(231,34,'Villarrabé',116,102),(231,37,'Parada de Rubiales',144,137),(231,40,'Yanguas de Eresma',68,69),(231,44,'Torrijas',21,24),(231,46,'Simat de la Valldigna',1715,1647),(231,47,'Zaratán',3164,2960),(231,49,'Vega de Tera',188,197),(231,50,'Salillas de Jalón',164,160),(232,5,'Serrada, La',58,52),(232,8,'Sant Pere de Riudebitlles',1191,1183),(232,9,'Neila',100,73),(232,17,'Vilopriu',107,92),(232,19,'Recuenco, El',44,30),(232,22,'Torralba de Aragón',59,55),(232,25,'Torres de Segre',1172,1099),(232,31,'Tudela',17436,17952),(232,34,'Villarramiel',458,402),(232,37,'Paradinas de San Juan',239,182),(232,44,'Torrijo del Campo',254,235),(232,46,'Sinarcas',595,573),(232,47,'Zarza, La',64,51),(232,49,'Vega de Villalobos',55,57),(232,50,'Salvatierra de Esca',107,108),(233,5,'Serranillos',142,120),(233,8,'Sant Pere de Torelló',1255,1178),(233,17,'Vilobí d\'Onyar',1647,1519),(233,19,'Renera',62,49),(233,22,'Torre la Ribera',55,49),(233,25,'Torre-serona',190,189),(233,31,'Tulebras',51,67),(233,34,'Villasarracino',81,61),(233,37,'Pastores',32,26),(233,40,'Zarzuela del Monte',280,268),(233,46,'Sollana',2429,2512),(233,49,'Vegalatrave',52,41),(233,50,'Samper del Salz',72,51),(234,5,'Sigeres',27,26),(234,8,'Sant Pere de Vilamajor',2134,2147),(234,16,'Valsalobre',19,13),(234,17,'Biure',129,113),(234,19,'Retiendas',27,26),(234,22,'Torrente de Cinca',598,589),(234,25,'Tremp',3062,3113),(234,31,'Ucar',106,76),(234,34,'Villasila de Valdavia',53,24),(234,37,'Payo, El',197,207),(234,40,'Zarzuela del Pinar',247,226),(234,44,'Tramacastiel',43,32),(234,46,'Sot de Chera',213,211),(234,49,'Venialbo',262,218),(234,50,'San Martín de la Virgen de Moncayo',158,121),(235,5,'Sinlabajos',66,61),(235,8,'Sant Pol de Mar',2486,2526),(235,9,'Olmedillo de Roa',116,83),(235,19,'Riba de Saelices',62,49),(235,22,'Torres de Alcanadre',62,45),(235,31,'Ujué',104,83),(235,37,'Pedraza de Alba',129,120),(235,44,'Tramacastilla',50,57),(235,46,'Sueca',13994,14258),(235,49,'Vezdemarbán',227,214),(235,50,'San Mateo de Gállego',1574,1477),(236,5,'Solana de Ávila',76,62),(236,8,'Sant Quintí de Mediona',1074,1042),(236,9,'Olmillos de Muñó',22,16),(236,16,'Valverde de Júcar',590,582),(236,22,'Torres de Barbués',139,144),(236,31,'Ultzama',867,799),(236,34,'Villaturde',88,79),(236,37,'Pedrosillo de Alba',84,68),(236,44,'Tronchón',38,30),(236,46,'Sumacàrcer',577,591),(236,49,'Vidayanes',48,44),(236,50,'Santa Cruz de Grío',74,61),(237,5,'Solana de Rioalmar',104,81),(237,8,'Sant Quirze de Besora',1050,1082),(237,16,'Valverdejo',54,47),(237,19,'Rillo de Gallo',32,24),(237,31,'Unciti',128,91),(237,34,'Villaumbrales',350,336),(237,37,'Pedrosillo de los Aires',214,171),(237,44,'Urrea de Gaén',243,245),(237,46,'Tavernes Blanques',4516,4728),(237,49,'Videmala',95,85),(237,50,'Santa Cruz de Moncayo',72,64),(238,5,'Solosancho',482,423),(238,8,'Sant Quirze del Vallès',9619,9983),(238,9,'Oña',568,520),(238,16,'Vara de Rey',294,267),(238,19,'Riofrío del Llano',27,19),(238,25,'Vallbona de les Monges',136,120),(238,31,'Unzué/Untzue',71,53),(238,34,'Villaviudas',187,208),(238,37,'Pedrosillo el Ralo',74,69),(238,44,'Utrillas',1609,1501),(238,46,'Tavernes de la Valldigna',8939,8795),(238,49,'Villabrázaro',128,110),(238,50,'Santa Eulalia de Gállego',57,53),(239,5,'Sotalbo',114,104),(239,8,'Sant Quirze Safaja',332,290),(239,9,'Oquillas',35,24),(239,16,'Vega del Codorno',92,61),(239,19,'Robledillo de Mohernando',56,53),(239,22,'Tramaced',66,44),(239,25,'Valls de Valira, Les',428,417),(239,31,'Urdazubi/Urdax',193,209),(239,37,'Pedroso de la Armuña, El',127,125),(239,44,'Valacloche',16,11),(239,46,'Teresa de Cofrentes',345,330),(239,49,'Villabuena del Puente',405,381),(239,50,'Santed',42,24),(240,5,'Sotillo de la Adrada',2308,2344),(240,8,'Sant Sadurní d\'Anoia',6234,6455),(240,16,'Vellisca',61,51),(240,19,'Robledo de Corpes',30,25),(240,25,'Vallfogona de Balaguer',925,955),(240,31,'Urdiain',354,327),(240,34,'Villerías de Campos',54,40),(240,37,'Pelabravo',596,530),(240,44,'Valbona',105,88),(240,46,'Terrateig',159,141),(240,49,'Villadepera',130,112),(240,50,'Sástago',620,597),(241,5,'Tiemblo, El',2164,2067),(241,8,'Sant Sadurní d\'Osormort',50,36),(241,9,'Orbaneja Riopico',128,115),(241,19,'Romanillos de Atienza',33,21),(241,31,'Urraul Alto',90,62),(241,34,'Villodre',11,5),(241,37,'Pelarrodríguez',105,68),(241,44,'Valdealgorfa',332,332),(241,46,'Titaguas',244,229),(241,49,'Villaescusa',149,127),(241,50,'Sabiñán',397,346),(242,5,'Tiñosillos',403,387),(242,8,'Marganell',132,148),(242,9,'Padilla de Abajo',52,37),(242,16,'Villaconejos de Trabaque',190,182),(242,19,'Romanones',61,56),(242,22,'Valfarta',42,30),(242,25,'Verdú',452,495),(242,31,'Urraul Bajo',130,164),(242,34,'Villodrigo',68,54),(242,37,'Pelayos',63,42),(242,46,'Torrebaja',222,213),(242,49,'Villafáfila',260,246),(242,50,'Sediles',63,42),(243,5,'Tolbaños',52,43),(243,8,'Santa Cecília de Voltregà',94,85),(243,9,'Padilla de Arriba',49,29),(243,16,'Villaescusa de Haro',264,265),(243,19,'Rueda de la Sierra',32,18),(243,22,'Valle de Bardají',22,15),(243,25,'Vielha e Mijaran',2767,2683),(243,31,'Urroz-Villa',214,194),(243,34,'Villoldo',199,165),(243,37,'Peña, La',52,58),(243,44,'Valdecuenca',26,14),(243,46,'Torrella',88,68),(243,49,'Villaferrueña',60,57),(243,50,'Sestrica',229,173),(244,5,'Tormellas',31,24),(244,8,'Santa Coloma de Cervelló',3945,4077),(244,9,'Padrones de Bureba',25,27),(244,16,'Villagarcía del Llano',388,374),(244,19,'Sacecorbo',52,41),(244,22,'Valle de Lierp',29,25),(244,25,'Vilagrassa',270,252),(244,31,'Urroz',102,84),(244,37,'Peñacaballera',69,75),(244,44,'Valdelinares',52,33),(244,46,'Torrent',39608,40499),(244,49,'Villageriz',30,20),(244,50,'Sierra de Luna',143,124),(245,5,'Tornadizos de Ávila',217,215),(245,8,'Santa Coloma de Gramenet',58265,58685),(245,16,'Villalba de la Sierra',250,259),(245,19,'Sacedón',841,764),(245,22,'Velilla de Cinca',226,216),(245,25,'Vilaller',303,263),(245,31,'Urzainqui/Urzainki',54,41),(245,34,'Villota del Páramo',189,137),(245,37,'Peñaparda',189,186),(245,44,'Valdeltormo',154,158),(245,46,'Torres Torres',350,292),(245,49,'Villalazán',140,147),(245,50,'Sigüés',56,47),(246,5,'Tórtoles',34,30),(246,8,'Santa Eugènia de Berga',1131,1073),(246,9,'Palacios de la Sierra',372,372),(246,16,'Villalba del Rey',312,254),(246,19,'Saelices de la Sal',31,23),(246,22,'Beranuy',53,39),(246,31,'Uterga',100,74),(246,34,'Villovieco',40,30),(246,37,'Peñaranda de Bracamonte',3214,3343),(246,44,'Valderrobres',1192,1150),(246,46,'Tous',635,630),(246,49,'Villalba de la Lampreana',142,115),(246,50,'Sisamón',24,12),(247,5,'Torre, La',149,124),(247,8,'Santa Eulàlia de Riuprimer',645,639),(247,9,'Palacios de Riopisuerga',14,14),(247,16,'Villalgordo del Marquesado',54,45),(247,19,'Salmerón',97,80),(247,22,'Viacamp y Litera',24,18),(247,25,'Vilamòs',92,72),(247,31,'Uztárroz/Uztarroze',76,78),(247,37,'Peñarandilla',112,102),(247,44,'Valjunquera',184,174),(247,46,'Tuéjar',619,539),(247,49,'Villalcampo',236,240),(247,50,'Sobradiel',527,550),(248,8,'Santa Eulàlia de Ronçana',3560,3520),(248,9,'Palazuelos de la Sierra',45,34),(248,16,'Villalpardo',476,494),(248,19,'San Andrés del Congosto',51,40),(248,22,'Vicién',73,53),(248,25,'Vilanova de Bellpuig',604,571),(248,31,'Luzaide/Valcarlos',216,161),(248,37,'Peralejos de Abajo',85,84),(248,46,'Turís',3421,3107),(248,49,'Villalobos',130,131),(248,50,'Sos del Rey Católico',314,300),(249,5,'Umbrías',60,57),(249,8,'Santa Fe del Penedès',190,188),(249,9,'Palazuelos de Muñó',29,25),(249,16,'Villamayor de Santiago',1342,1275),(249,19,'San Andrés del Rey',15,19),(249,22,'Villanova',80,77),(249,25,'Vilanova de l\'Aguda',108,110),(249,31,'Valtierra',1205,1238),(249,37,'Peralejos de Arriba',26,19),(249,44,'Vallecillo, El',34,26),(249,46,'Utiel',5986,5929),(249,49,'Villalonso',54,47),(249,50,'Tabuenca',201,151),(250,8,'Santa Margarida de Montbui',4822,4826),(250,9,'Pampliega',176,156),(250,16,'Villanueva de Guadamejud',48,32),(250,19,'Santiuste',12,7),(250,22,'Villanúa',238,197),(250,25,'Vilanova de Meià',233,191),(250,31,'Bera',1885,1883),(250,37,'Pereña de la Ribera',202,189),(250,44,'Veguillas de la Sierra',14,8),(250,46,'Valencia',375291,410898),(250,49,'Villalpando',754,769),(250,50,'Talamantes',26,32),(251,5,'Vadillo de la Sierra',42,28),(251,8,'Santa Margarida i els Monjos',3732,3600),(251,9,'Pancorbo',251,202),(251,16,'Villanueva de la Jara',1161,1143),(251,19,'Saúca',32,26),(251,22,'Villanueva de Sigena',218,224),(251,25,'Vilanova de Segrià',497,443),(251,31,'Viana',2076,1972),(251,37,'Peromingo',64,71),(251,44,'Villafranca del Campo',156,143),(251,46,'Vallada',1581,1540),(251,49,'Villalube',92,82),(251,50,'Tarazona',5331,5428),(252,5,'Valdecasa',45,32),(252,8,'Barberà del Vallès',16091,16454),(252,19,'Sayatón',51,38),(252,22,'Yebra de Basa',83,59),(252,25,'Vila-sana',359,359),(252,31,'Vidángoz/Bidankoze',51,43),(252,37,'Pinedas',63,49),(252,44,'Villahermosa del Campo',67,36),(252,46,'Vallanca',81,68),(252,49,'Villamayor de Campos',171,166),(252,50,'Tauste',3445,3496),(253,5,'Vega de Santa María',47,47),(253,8,'Santa Maria de Besora',79,79),(253,9,'Pardilla',72,54),(253,16,'Villar de Cañas',238,209),(253,22,'Yésero',35,23),(253,25,'Vilosell, El',91,96),(253,31,'Bidaurreta',89,71),(253,37,'Pino de Tormes, El',86,72),(253,46,'Vallés',76,69),(253,50,'Terrer',281,239),(254,5,'Velayos',116,118),(254,8,'Esquirol, L\'',1077,1073),(254,16,'Villar de Domingo García',114,104),(254,19,'Selas',27,36),(254,22,'Zaidín',951,901),(254,25,'Vilanova de la Barca',546,553),(254,31,'Villafranca',1414,1391),(254,37,'Pitiegua',114,84),(254,46,'Venta del Moro',729,647),(254,50,'Tierga',110,90),(255,8,'Santa Maria de Merlès',91,94),(255,9,'Partido de la Sierra en Tobalina',50,34),(255,16,'Villar de la Encina',85,79),(255,19,'Setiles',49,35),(255,25,'Vinaixa',268,258),(255,31,'Villamayor de Monjardín',67,61),(255,37,'Pizarral',30,26),(255,46,'Vilallonga/Villalonga',2173,2179),(255,49,'Villamor de los Escuderos',224,198),(255,50,'Tobed',129,114),(256,5,'Villaflor',64,62),(256,8,'Santa Maria de Martorelles',425,428),(256,9,'Pedrosa de Duero',251,204),(256,19,'Sienes',33,22),(256,31,'Hiriberri/Villanueva de Aezkoa',66,53),(256,37,'Poveda de las Cintas',142,109),(256,44,'Villanueva del Rebollar de la Sierra',29,22),(256,46,'Vilamarxant',4761,4447),(256,49,'Villanázar',152,147),(256,50,'Torralba de los Frailes',46,40),(257,5,'Villafranca de la Sierra',76,58),(257,8,'Santa Maria de Miralles',68,62),(257,9,'Pedrosa del Páramo',60,43),(257,19,'Sigüenza',2307,2341),(257,31,'Villatuerta',573,564),(257,37,'Pozos de Hinojo',29,24),(257,44,'Villar del Cobo',105,84),(257,46,'Villanueva de Castellón',3593,3677),(257,49,'Villanueva de Azoague',170,159),(257,50,'Torralba de Ribota',106,80),(258,5,'Villanueva de Gómez',81,61),(258,8,'Santa Maria d\'Oló',548,515),(258,9,'Pedrosa del Príncipe',92,83),(258,16,'Villar del Humo',133,102),(258,19,'Solanillos del Extremo',60,44),(258,31,'Villava/Atarrabia',5031,5234),(258,37,'Puebla de Azaba',115,95),(258,44,'Villar del Salz',44,30),(258,46,'Villar del Arzobispo',1811,1786),(258,49,'Villanueva de Campeán',66,56),(258,50,'Torralbilla',36,27),(259,5,'Villanueva del Aceral',69,70),(259,8,'Santa Maria de Palautordera',4584,4519),(259,9,'Pedrosa de Río Úrbel',151,98),(259,16,'Villar del Infantado',26,16),(259,19,'Somolinos',16,17),(259,31,'Igantzi',324,294),(259,37,'Puebla de San Medel',26,19),(259,46,'Villargordo del Cabriel',345,305),(259,49,'Villanueva de las Peras',54,42),(259,50,'Torrehermosa',38,31),(260,5,'Villanueva del Campillo',60,40),(260,8,'Santa Perpètua de Mogoda',12899,12567),(260,19,'Sotillo, El',26,22),(260,31,'Valle de Yerri/Deierri',763,734),(260,37,'Puebla de Yeltes',85,68),(260,44,'Villarluengo',114,75),(260,46,'Vinalesa',1609,1675),(260,49,'Villanueva del Campo',453,461),(260,50,'Torrelapaja',21,14),(261,5,'Villar de Corneja',24,17),(261,8,'Santa Susanna',1662,1613),(261,9,'Peñaranda de Duero',286,266),(261,19,'Sotodosos',17,24),(261,31,'Yesa',159,126),(261,37,'Puente del Congosto',132,108),(261,44,'Villarquemado',452,417),(261,46,'Yátova',1094,1023),(261,49,'Villaralbo',958,935),(261,50,'Torrellas',142,127),(262,5,'Villarejo del Valle',200,180),(262,8,'Sant Vicenç de Castellet',4584,4662),(262,9,'Peral de Arlanza',87,76),(262,19,'Tamajón',75,73),(262,31,'Zabalza/Zabaltza',141,135),(262,37,'Puertas',45,39),(262,44,'Villarroya de los Pinares',85,78),(262,46,'Yesa, La',136,116),(262,49,'Villardeciervos',223,241),(262,50,'Torres de Berrellén',777,714),(263,5,'Villatoro',104,80),(263,8,'Sant Vicenç dels Horts',13952,14031),(263,16,'Villar de Olalla',673,563),(263,19,'Taragudo',23,28),(263,31,'Zubieta',173,150),(263,37,'Puerto de Béjar',193,192),(263,44,'Villastar',267,259),(263,46,'Zarra',252,211),(263,49,'Villar de Fallaves',28,23),(263,50,'Torrijo de la Cañada',141,104),(264,5,'Viñegra de Moraña',26,23),(264,8,'Sant Vicenç de Montalt',3053,2996),(264,16,'Villarejo de Fuentes',246,242),(264,19,'Taravilla',26,15),(264,31,'Zugarramurdi',113,114),(264,37,'Puerto Seguro',34,32),(264,44,'Villel',199,143),(264,49,'Villar del Buey',339,314),(264,50,'Tosos',113,92),(265,5,'Vita',48,36),(265,8,'Sant Vicenç de Torelló',988,1013),(265,9,'Piérnigas',25,15),(265,16,'Villarejo de la Peñuela',7,14),(265,19,'Tartanedo',87,63),(265,31,'Zúñiga',74,42),(265,37,'Rágama',124,118),(265,44,'Vinaceite',138,124),(265,49,'Villardiegua de la Ribera',67,67),(265,50,'Trasmoz',42,37),(266,5,'Zapardiel de la Cañada',54,50),(266,8,'Cerdanyola del Vallès',28124,29289),(266,9,'Pineda de la Sierra',62,39),(266,16,'Villarejo-Periesteban',165,159),(266,19,'Tendilla',186,153),(266,37,'Redonda, La',54,40),(266,44,'Visiedo',61,72),(266,49,'Villárdiga',46,41),(266,50,'Trasobares',79,49),(267,5,'Zapardiel de la Ribera',58,53),(267,8,'Sentmenat',4387,4265),(267,9,'Pineda Trasmonte',79,47),(267,19,'Terzaga',13,7),(267,37,'Retortillo',123,104),(267,44,'Vivel del Río Martín',46,37),(267,49,'Villardondiego',57,42),(267,50,'Uncastillo',328,356),(268,8,'Cercs',602,607),(268,9,'Pinilla de los Barruecos',65,46),(268,19,'Tierzo',24,14),(268,37,'Rinconada de la Sierra, La',64,56),(268,44,'Zoma, La',7,11),(268,49,'Villarrín de Campos',243,207),(268,50,'Undués de Lerda',38,23),(269,8,'Seva',1750,1684),(269,9,'Pinilla de los Moros',26,16),(269,16,'Villares del Saz',257,260),(269,19,'Toba, La',57,48),(269,37,'Robleda',280,246),(269,49,'Villaseco del Pan',124,132),(269,50,'Urrea de Jalón',212,186),(270,8,'Sitges',14082,14187),(270,9,'Pinilla Trasmonte',100,76),(270,16,'Villarrubio',115,96),(270,19,'Tordelrábano',12,9),(270,37,'Robliza de Cojos',108,103),(270,49,'Villavendimio',98,65),(270,50,'Urriés',21,16),(271,8,'Sobremunt',35,47),(271,16,'Villarta',468,449),(271,19,'Tordellego',31,25),(271,37,'Rollán',203,173),(271,49,'Villaveza del Agua',115,103),(271,50,'Used',159,129),(272,8,'Sora',104,80),(272,9,'Poza de la Sal',175,162),(272,16,'Villas de la Ventosa',152,128),(272,19,'Tordesilos',64,44),(272,37,'Saelices el Chico',79,76),(272,49,'Villaveza de Valverde',45,44),(272,50,'Utebo',9211,9219),(273,8,'Subirats',1543,1445),(273,9,'Prádanos de Bureba',35,23),(273,16,'Villaverde y Pasaconsol',185,167),(273,37,'Sagrada, La',64,52),(273,49,'Viñas',107,104),(273,50,'Valdehorna',15,15),(274,8,'Súria',2858,3069),(274,9,'Pradoluengo',638,644),(274,16,'Víllora',75,66),(274,19,'Torija',763,690),(274,37,'Salamanca',66858,79580),(274,50,'Val de San Martín',41,29),(275,8,'Tavèrnoles',165,154),(275,9,'Presencio',114,81),(275,16,'Vindel',7,5),(275,37,'Saldeana',69,56),(275,49,'Zamora',29908,33923),(275,50,'Valmadrid',82,46),(276,8,'Tagamanent',170,149),(276,9,'Puebla de Arganzón, La',283,236),(276,16,'Yémeda',17,6),(276,37,'Salmoral',99,59),(276,50,'Valpalmas',67,75),(277,8,'Talamanca',108,81),(277,9,'Puentedura',86,43),(277,16,'Zafra de Záncara',73,64),(277,19,'Torrecuadrada de Molina',13,10),(277,37,'Salvatierra de Tormes',30,33),(277,50,'Valtorres',32,34),(278,8,'Taradell',3126,3136),(278,16,'Zafrilla',38,37),(278,19,'Torrecuadradilla',18,13),(278,37,'San Cristóbal de la Cuesta',545,472),(278,50,'Velilla de Ebro',137,113),(279,8,'Terrassa',106067,109147),(279,9,'Quemada',152,107),(279,16,'Zarza de Tajo',153,143),(279,19,'Torre del Burgo',120,108),(279,37,'Sancti-Spíritus',470,410),(279,50,'Velilla de Jiloca',61,59),(280,8,'Tavertet',70,54),(280,9,'Quintanabureba',18,12),(280,16,'Zarzuela',109,95),(280,19,'Torrejón del Rey',2624,2440),(280,37,'Sanchón de la Ribera',48,34),(280,50,'Vera de Moncayo',199,189),(281,8,'Teià',3078,3160),(281,9,'Quintana del Pidio',81,83),(281,19,'Torremocha de Jadraque',18,9),(281,37,'Sanchón de la Sagrada',24,16),(281,50,'Vierlas',51,45),(282,8,'Tiana',4035,4376),(282,19,'Torremocha del Campo',114,86),(282,37,'Sanchotello',124,114),(282,50,'Vilueña, La',57,54),(283,8,'Tona',3961,4060),(283,9,'Quintanaélez',27,25),(283,19,'Torremocha del Pinar',15,25),(283,37,'Sando',82,54),(283,50,'Villadoz',56,34),(284,8,'Tordera',8325,8108),(284,19,'Torremochuela',6,5),(284,37,'San Esteban de la Sierra',184,162),(284,50,'Villafeliche',102,93),(285,8,'Torelló',6816,7065),(285,19,'Torrubia',15,10),(285,37,'San Felices de los Gallegos',229,222),(285,50,'Villafranca de Ebro',414,422),(286,8,'Torre de Claramunt, La',1925,1842),(286,19,'Tórtola de Henares',536,454),(286,37,'San Martín del Castañar',132,111),(286,50,'Villalba de Perejil',49,49),(287,8,'Torrelavit',741,660),(287,9,'Quintanaortuño',153,128),(287,19,'Tortuera',108,99),(287,37,'San Miguel de Valero',178,177),(287,50,'Villalengua',184,164),(288,8,'Torrelles de Foix',1184,1062),(288,9,'Quintanapalla',63,47),(288,19,'Tortuero',12,8),(288,37,'San Morales',159,129),(288,50,'Villanueva de Gállego',2330,2284),(289,8,'Torrelles de Llobregat',2902,2981),(289,9,'Quintanar de la Sierra',973,872),(289,19,'Traíd',18,11),(289,37,'San Muñoz',142,135),(289,50,'Villanueva de Jiloca',28,29),(290,8,'Ullastrell',1023,1020),(290,19,'Trijueque',659,597),(290,37,'San Pedro del Valle',84,68),(290,50,'Villanueva de Huerva',257,234),(291,8,'Vacarisses',3175,2968),(291,19,'Trillo',754,682),(291,37,'San Pedro de Rozados',166,141),(291,50,'Villar de los Navarros',62,51),(292,8,'Vallbona d\'Anoia',732,685),(292,9,'Quintanavides',57,39),(292,37,'San Pelayo de Guareña',50,46),(292,50,'Villarreal de Huerva',129,118),(293,8,'Vallcebre',146,109),(293,19,'Uceda',1358,1244),(293,37,'Santa María de Sando',62,62),(293,50,'Villarroya de la Sierra',269,234),(294,8,'Vallgorguina',1409,1340),(294,9,'Quintanilla de la Mata',79,51),(294,19,'Ujados',16,12),(294,37,'Santa Marta de Tormes',7368,7602),(294,50,'Villarroya del Campo',45,35),(295,8,'Vallirana',7307,7326),(295,9,'Quintanilla del Coco',29,32),(295,50,'Vistabella',29,16),(296,8,'Vallromanes',1295,1248),(296,19,'Utande',25,10),(296,37,'Santiago de la Puebla',189,177),(296,50,'Zaida, La',233,240),(297,8,'Veciana',97,78),(297,9,'Quintanillas, Las',222,169),(297,19,'Valdarachas',18,18),(297,37,'Santibáñez de Béjar',250,238),(297,50,'Zaragoza',319795,345158),(298,8,'Vic',21146,21352),(298,9,'Quintanilla San García',48,40),(298,19,'Valdearenas',60,34),(298,37,'Santibáñez de la Sierra',106,85),(298,50,'Zuera',4028,3792),(299,8,'Vilada',227,200),(299,19,'Valdeavellano',55,47),(299,37,'Santiz',127,127),(300,8,'Viladecavalls',3685,3680),(300,19,'Valdeaveruelo',533,515),(300,37,'Santos, Los',327,318),(301,8,'Viladecans',32541,33008),(301,9,'Quintanilla Vivar',408,358),(301,19,'Valdeconcha',24,17),(301,37,'Sardón de los Frailes',50,34),(302,8,'Vilanova del Camí',6250,6202),(302,9,'Rabanera del Pinar',72,49),(302,19,'Valdegrudas',42,24),(302,37,'Saucelle',170,154),(303,8,'Vilanova de Sau',157,155),(303,9,'Rábanos',56,40),(303,19,'Valdelcubo',36,22),(303,37,'Sahugo, El',100,88),(304,8,'Vilobí del Penedès',564,521),(304,9,'Rabé de las Calzadas',119,109),(304,19,'Valdenuño Fernández',156,114),(304,37,'Sepulcro-Hilario',106,80),(305,8,'Vilafranca del Penedès',19282,19942),(305,19,'Valdepeñas de la Sierra',114,78),(305,37,'Sequeros',117,122),(306,8,'Vilalba Sasserra',352,357),(306,9,'Rebolledo de la Torre',64,58),(306,19,'Valderrebollo',15,16),(306,37,'Serradilla del Arroyo',157,129),(307,8,'Vilanova i la Geltrú',31821,33863),(307,9,'Redecilla del Camino',81,55),(307,19,'Valdesotos',14,11),(307,37,'Serradilla del Llano',85,86),(308,8,'Viver i Serrateix',90,78),(308,9,'Redecilla del Campo',42,29),(308,19,'Valfermoso de Tajuña',41,24),(309,9,'Regumiel de la Sierra',187,180),(309,19,'Valhermoso',27,17),(309,37,'Sierpe, La',26,24),(310,9,'Reinoso',8,3),(310,19,'Valtablado del Río',9,3),(310,37,'Sieteiglesias de Tormes',110,104),(311,9,'Retuerta',40,25),(311,19,'Valverde de los Arroyos',48,42),(311,37,'Sobradillo',119,124),(312,9,'Revilla y Ahedo, La',63,51),(312,37,'Sorihuela',137,133),(313,37,'Sotoserrano',323,283),(314,9,'Revilla del Campo',64,32),(314,19,'Viana de Jadraque',37,17),(314,37,'Tabera de Abajo',64,51),(315,9,'Revillarruz',266,246),(315,37,'Tala, La',52,44),(316,9,'Revilla Vallejera',76,39),(316,37,'Tamames',429,409),(317,9,'Rezmondo',6,9),(317,19,'Villanueva de Alcorón',100,93),(317,37,'Tarazona de Guareña',178,156),(318,9,'Riocavado de la Sierra',36,23),(318,19,'Villanueva de Argecilla',21,10),(318,37,'Tardáguila',135,93),(319,19,'Villanueva de la Torre',3253,3190),(319,37,'Tejado, El',67,60),(320,37,'Tejeda y Segoyuela',56,44),(321,9,'Roa',1221,1152),(321,19,'Villares de Jadraque',35,19),(321,37,'Tenebrón',81,82),(322,19,'Villaseca de Henares',17,16),(322,37,'Terradillos',1619,1533),(323,9,'Rojas',47,25),(323,19,'Villaseca de Uceda',25,23),(323,37,'Topas',298,254),(324,19,'Villel de Mesa',111,96),(324,37,'Tordillos',212,183),(325,9,'Royuela de Río Franco',126,86),(325,19,'Viñuelas',83,68),(325,37,'Tornadizo, El',51,43),(326,9,'Rubena',103,73),(326,19,'Yebes',1440,1301),(327,9,'Rublacedo de Abajo',21,16),(327,19,'Yebra',283,256),(327,37,'Torresmenudas',99,96),(328,9,'Rucandio',38,39),(328,37,'Trabanca',114,114),(329,9,'Salas de Bureba',81,52),(329,19,'Yélamos de Abajo',34,30),(329,37,'Tremedal de Tormes',19,21),(330,9,'Salas de los Infantes',1074,1017),(330,19,'Yélamos de Arriba',55,39),(330,37,'Valdecarros',187,177),(331,19,'Yunquera de Henares',1932,1823),(331,37,'Valdefuentes de Sangusín',129,102),(332,9,'Saldaña de Burgos',111,92),(332,19,'Yunta, La',57,43),(332,37,'Valdehijaderos',46,40),(333,19,'Zaorejas',88,51),(333,37,'Valdelacasa',139,97),(334,9,'Salinillas de Bureba',37,11),(334,19,'Zarzuela de Jadraque',22,13),(334,37,'Valdelageve',45,41),(335,9,'San Adrián de Juarros',55,38),(335,19,'Zorita de los Canes',35,37),(335,37,'Valdelosa',223,231),(336,37,'Valdemierque',35,22),(337,9,'San Juan del Monte',81,58),(337,37,'Valderrodrigo',75,78),(338,9,'San Mamés de Burgos',161,125),(338,37,'Valdunciel',46,47),(339,9,'San Martín de Rubiales',80,62),(339,37,'Valero',166,143),(340,9,'San Millán de Lara',54,24),(340,37,'Valsalabroso',87,62),(341,37,'Valverde de Valdelacasa',50,35),(342,37,'Valverdón',145,137),(343,9,'Santa Cecilia',63,42),(343,37,'Vallejera de Riofrío',35,35),(344,37,'Vecinos',139,134),(345,9,'Santa Cruz de la Salceda',88,64),(345,37,'Vega de Tirados',94,87),(346,9,'Santa Cruz del Valle Urbión',63,40),(346,37,'Veguillas, Las',134,154),(347,9,'Santa Gadea del Cid',84,71),(347,37,'Vellés, La',306,255),(348,9,'Santa Inés',78,77),(348,37,'Ventosa del Río Almar',67,51),(349,37,'Vídola, La',55,66),(350,9,'Santa María del Campo',324,271),(350,37,'Vilvestre',218,229),(351,9,'Santa María del Invierno',44,19),(351,37,'Villaflores',148,145),(352,9,'Santa María del Mercadillo',68,46),(352,37,'Villagonzalo de Tormes',125,91),(353,9,'Santa María Rivarredonda',58,36),(353,37,'Villalba de los Llanos',80,62),(354,9,'Santa Olalla de Bureba',24,9),(354,37,'Villamayor',3486,3476),(355,9,'Santibáñez de Esgueva',54,45),(355,37,'Villanueva del Conde',95,88),(356,9,'Santibáñez del Val',30,20),(356,37,'Villar de Argañán',49,41),(357,37,'Villar de Ciervo',157,141),(358,9,'Santo Domingo de Silos',175,112),(358,37,'Villar de Gallimazo',122,76),(359,37,'Villar de la Yegua',106,96),(360,9,'San Vicente del Valle',19,10),(360,37,'Villar de Peralonso',124,135),(361,9,'Sargentes de la Lora',73,56),(361,37,'Villar de Samaniego',50,39),(362,9,'Sarracín',140,106),(362,37,'Villares de la Reina',3092,3096),(363,9,'Sasamón',602,471),(363,37,'Villares de Yeltes',63,68),(364,37,'Villarino de los Aires',461,431),(365,9,'Sequera de Haza, La',22,12),(365,37,'Villarmayor',106,94),(366,9,'Solarana',48,45),(366,37,'Villarmuerto',27,14),(367,37,'Villasbuenas',114,95),(368,9,'Sordillos',15,9),(368,37,'Villasdardo',6,11),(369,9,'Sotillo de la Ribera',274,246),(369,37,'Villaseco de los Gamitos',88,64),(370,37,'Villaseco de los Reyes',211,161),(371,37,'Villasrubias',163,136),(372,9,'Sotragero',154,132),(372,37,'Villaverde de Guareña',84,71),(373,9,'Sotresgudo',276,206),(373,37,'Villavieja de Yeltes',447,414),(374,9,'Susinos del Páramo',67,36),(374,37,'Villoria',722,707),(375,9,'Tamarón',20,18),(375,37,'Villoruela',422,414),(376,37,'Vitigudino',1326,1374),(377,9,'Tardajos',417,386),(377,37,'Yecla de Yeltes',145,131),(378,9,'Tejada',20,8),(378,37,'Zamarra',60,48),(379,37,'Zamayón',110,84),(380,9,'Terradillos de Esgueva',39,47),(380,37,'Zarapicos',26,25),(381,9,'Tinieblas de la Sierra',21,16),(381,37,'Zarza de Pumareda, La',81,63),(382,9,'Tobar',16,11),(382,37,'Zorita de la Frontera',99,95),(384,9,'Tordómar',190,153),(386,9,'Torrecilla del Monte',38,31),(387,9,'Torregalindo',84,52),(388,9,'Torrelara',20,17),(389,9,'Torrepadre',45,33),(390,9,'Torresandino',373,318),(391,9,'Tórtoles de Esgueva',260,238),(392,9,'Tosantos',32,24),(394,9,'Trespaderne',462,415),(395,9,'Tubilla del Agua',96,58),(396,9,'Tubilla del Lago',83,67),(398,9,'Úrbel del Castillo',53,26),(400,9,'Vadocondes',210,172),(403,9,'Valdeande',66,34),(405,9,'Valdezate',74,66),(406,9,'Valdorros',186,146),(407,9,'Valmala',15,13),(408,9,'Vallarta de Bureba',28,17),(409,9,'Valle de Manzanedo',71,61),(410,9,'Valle de Mena',1955,1871),(411,9,'Valle de Oca',99,60),(412,9,'Valle de Tobalina',559,467),(413,9,'Valle de Valdebezana',270,236),(414,9,'Valle de Valdelaguna',122,91),(415,9,'Valle de Valdelucio',163,146),(416,9,'Valle de Zamanzas',35,33),(417,9,'Vallejera',25,17),(418,9,'Valles de Palenzuela',45,44),(419,9,'Valluércanes',51,26),(421,9,'Vid y Barrios, La',155,119),(422,9,'Vid de Bureba, La',9,11),(423,9,'Vileña',18,11),(424,9,'Viloria de Rioja',23,16),(425,9,'Vilviestre del Pinar',337,279),(427,9,'Villadiego',870,723),(428,9,'Villaescusa de Roa',63,50),(429,9,'Villaescusa la Sombría',49,20),(430,9,'Villaespasa',15,11),(431,9,'Villafranca Montes de Oca',78,51),(432,9,'Villafruela',118,91),(433,9,'Villagalijo',43,23),(434,9,'Villagonzalo Pedernales',930,844),(437,9,'Villahoz',174,146),(438,9,'Villalba de Duero',358,325),(439,9,'Villalbilla de Burgos',675,604),(440,9,'Villalbilla de Gumiel',56,37),(441,9,'Villaldemiro',39,29),(442,9,'Villalmanzo',243,207),(443,9,'Villamayor de los Montes',101,101),(444,9,'Villamayor de Treviño',37,39),(445,9,'Villambistia',32,14),(446,9,'Villamedianilla',7,5),(447,9,'Villamiel de la Sierra',24,16),(448,9,'Villangómez',147,92),(449,9,'Villanueva de Argaño',65,41),(450,9,'Villanueva de Carazo',21,11),(451,9,'Villanueva de Gumiel',143,141),(454,9,'Villanueva de Teba',30,18),(455,9,'Villaquirán de la Puebla',27,20),(456,9,'Villaquirán de los Infantes',77,69),(458,9,'Villariezo',340,272),(460,9,'Villasandino',115,77),(463,9,'Villasur de Herreros',151,114),(464,9,'Villatuelda',24,19),(466,9,'Villaverde del Monte',76,58),(467,9,'Villaverde-Mogina',57,29),(471,9,'Villayerno Morquillas',110,97),(472,9,'Villazopeque',36,21),(473,9,'Villegas',51,39),(476,9,'Villoruebo',53,32),(478,9,'Vizcaínos',31,18),(480,9,'Zael',59,56),(482,9,'Zarzosa de Río Pisuerga',19,12),(483,9,'Zazuar',128,114),(485,9,'Zuñeda',35,22),(901,1,'Iruña Oka/Iruña de Oca',1648,1524),(901,2,'Pozo Cañada',1409,1402),(901,3,'Poblets, els',1602,1701),(901,4,'Tres Villas, Las',321,294),(901,5,'San Juan de Gredos',160,131),(901,6,'Valdelacalzada',1428,1356),(901,7,'Ariany',460,411),(901,8,'Rupit i Pruit',145,136),(901,9,'Quintanilla del Agua y Tordueles',216,203),(901,10,'Rosalejo',787,708),(901,11,'Benalup-Casas Viejas',3560,3440),(901,12,'Alquerías del Niño Perdido',2231,2272),(901,13,'Robledo, El',659,569),(901,15,'Cariño',2065,2102),(901,16,'Campos del Paraíso',431,414),(901,17,'Cruïlles, Monells i Sant Sadurní de l\'Heura',664,640),(901,18,'Taha, La',334,309),(901,19,'Semillas',25,16),(901,20,'Mendaro',1026,1000),(901,22,'Valle de Hecho',458,422),(901,23,'Cárcheles',740,685),(901,24,'Villamanín',534,495),(901,25,'Vall de Cardós',196,172),(901,27,'Baralla',1408,1316),(901,28,'Lozoyuela-Navas-Sieteiglesias',623,580),(901,29,'Torremolinos',33717,33775),(901,30,'Santomera',8157,7855),(901,31,'Barañain',9938,10537),(901,34,'Osorno la Mayor',683,615),(901,36,'Illa de Arousa, A',2459,2497),(901,38,'Pinar de El Hierro, El',931,860),(901,40,'Ortigosa del Monte',295,252),(901,41,'Cañada Rosal',1634,1671),(901,43,'Deltebre',5901,5775),(901,45,'Santo Domingo-Caudilla',540,481),(901,48,'Derio',2936,3086),(901,50,'Biel',86,62),(902,1,'Lantarón',506,387),(902,3,'Pilar de la Horadada',11148,10481),(902,4,'Ejido, El',45335,40626),(902,5,'Santa María del Cubillo',193,144),(902,6,'Pueblonuevo del Guadiana',1041,1005),(902,7,'Migjorn Gran, Es',708,721),(902,8,'Vilanova del Vallès',2661,2580),(902,9,'Valle de Santibáñez',281,224),(902,10,'Vegaviana',446,417),(902,11,'San José del Valle',2261,2166),(902,12,'Sant Joan de Moró',1593,1458),(902,13,'Ruidera',306,302),(902,15,'Oza-Cesuras',2654,2599),(902,16,'Valdetórtola',82,72),(902,17,'Forallac',832,873),(902,18,'Valle, El',496,517),(902,20,'Lasarte-Oria',8835,9258),(902,22,'Puente la Reina de Jaca',134,127),(902,23,'Bedmar y Garcíez',1421,1450),(902,24,'Villaornate y Castro',187,190),(902,25,'Sant Martí de Riucorb',368,321),(902,27,'Burela',4752,4828),(902,28,'Puentes Viejas',361,283),(902,29,'Villanueva de la Concepción',1631,1710),(902,30,'Alcázares, Los',7930,7675),(902,31,'Berrioplano/Berriobeiti',3320,3207),(902,34,'Valle del Retortillo',106,79),(902,40,'Cozuelos de Fuentidueña',75,59),(902,41,'Isla Mayor',2977,2961),(902,43,'Sant Jaume d\'Enveja',1801,1737),(902,46,'Gátova',172,192),(902,48,'Erandio',11873,12361),(902,50,'Marracos',52,42),(903,3,'Montesinos, Los',2497,2424),(903,4,'Mojonera, La',4938,4025),(903,5,'Diego del Carpio',90,71),(903,6,'Guadiana del Caudillo',1256,1271),(903,8,'Sant Julià de Cerdanyola',134,108),(903,9,'Villarcayo de Merindad de Castilla la Vieja',2259,2113),(903,10,'Alagón del Río',468,455),(903,13,'Arenales de San Gregorio',351,321),(903,16,'Valeras, Las',858,774),(903,17,'Sant Julià del Llor i Bonmatí',654,618),(903,18,'Nevada',574,549),(903,20,'Astigarraga',2916,2772),(903,22,'San Miguel del Cinca',424,433),(903,23,'Villatorres',2240,2172),(903,25,'Guingueta d\'Àneu, La',169,146),(903,28,'Tres Cantos',20957,22352),(903,31,'Berriozar',4896,4729),(903,34,'Loma de Ucieza',135,97),(903,40,'Marazoleja',70,44),(903,41,'Cuervo de Sevilla, El',4439,4255),(903,43,'Camarles',1780,1696),(903,46,'San Antonio de Benagéber',3937,4044),(903,48,'Loiu',1175,1217),(903,50,'Villamayor de Gállego',1411,1382),(904,3,'San Isidro',961,913),(904,5,'Santiago del Tormes',82,64),(904,8,'Badia del Vallès',6571,6931),(904,9,'Valle de las Navas',309,224),(904,10,'Tiétar',493,447),(904,13,'Llanos del Caudillo',375,364),(904,16,'Fuentenava de Jábaga',306,262),(904,18,'Alpujarra de la Sierra',559,482),(904,20,'Baliarrain',81,66),(904,22,'Sotonera, La',514,476),(904,23,'Santiago-Pontones',1717,1621),(904,25,'Castell de Mur',101,87),(904,31,'Irurtzun',1133,1061),(904,34,'Pernía, La',205,144),(904,40,'Navas de Riofrío',198,223),(904,43,'Aldea, L\'',2239,2006),(904,46,'Benicull de Xúquer',511,482),(904,48,'Sondika',2186,2349),(905,5,'Villanueva de Ávila',121,118),(905,8,'Palma de Cervelló, La',1492,1474),(905,9,'Valle de Sedano',273,199),(905,16,'Arcas',812,793),(905,18,'Gabias, Las',10017,9586),(905,20,'Orendain',101,92),(905,22,'Lupiñén-Ortilla',181,183),(905,23,'Arroyo del Ojanco',1203,1170),(905,25,'Ribera d\'Ondara',225,204),(905,31,'Beriáin',1903,1986),(905,40,'Cuevas de Provanco',75,65),(905,43,'Salou',13863,12596),(905,48,'Zamudio',1586,1658),(906,9,'Merindad de Río Ubierna',800,656),(906,16,'Valdecolmenas, Los',50,34),(906,18,'Guajares, Los',572,515),(906,20,'Altzaga',87,89),(906,22,'Santa María de Dulcis',117,104),(906,25,'Valls d\'Aguilar, Les',164,138),(906,31,'Orkoien',1906,1864),(906,40,'San Cristóbal de Segovia',1501,1463),(906,43,'Ampolla, L\'',1766,1707),(906,48,'Forua',475,472),(907,9,'Alfoz de Quintanadueñas',1089,930),(907,18,'Valle del Zalabí',1134,1095),(907,20,'Gaztelu',94,70),(907,22,'Aínsa-Sobrarbe',1141,1079),(907,25,'Torrefeta i Florejacs',319,285),(907,31,'Zizur Mayor/Zizur Nagusia',7145,7348),(907,43,'Canonja, La',2891,2948),(907,48,'Kortezubi',230,237),(908,9,'Valle de Losa',319,219),(908,16,'Pozorrubielos de la Mancha',104,107),(908,18,'Villamena',510,506),(908,22,'Hoz y Costean',131,99),(908,25,'Fígols i Alinyà',147,114),(908,31,'Lekunberri',733,750),(908,48,'Murueta',163,147),(909,16,'Sotorribas',409,393),(909,18,'Morelábor',373,320),(909,22,'Vencillón',213,198),(909,25,'Vansa i Fórnols, La',111,99),(909,48,'Nabarniz',121,116),(910,16,'Villar y Velasco',57,47),(910,18,'Pinar, El',516,480),(910,25,'Josa i Tuixén',74,55),(910,48,'Iurreta',1858,1895),(911,18,'Vegas del Genil',5327,5096),(911,25,'Plans de Sió, Els',281,247),(911,48,'Ajangiz',236,223),(912,18,'Cuevas del Campo',942,940),(912,25,'Gimenells i el Pla de la Font',589,562),(912,48,'Alonsotegi',1402,1454),(913,18,'Zagra',460,439),(913,25,'Riu de Cerdanya',60,44),(913,48,'Zierbena',793,700),(914,18,'Valderrubio',1040,1071),(914,48,'Arratzu',200,206),(915,48,'Ziortza-Bolibar',233,201);
/*!40000 ALTER TABLE `municipio` ENABLE KEYS */;
UNLOCK TABLES;

--
-- Table structure for table `prerrequisito`
--

DROP TABLE IF EXISTS `prerrequisito`;
/*!40101 SET @saved_cs_client     = @@character_set_client */;
 SET character_set_client = utf8mb4 ;
CREATE TABLE `prerrequisito` (
  `COD_PRE` int(3) NOT NULL,
  `COD_ASIG` int(3) NOT NULL,
  PRIMARY KEY (`COD_PRE`,`COD_ASIG`),
  KEY `FK_ASIG_COD_PRE2_idx` (`COD_ASIG`),
  CONSTRAINT `FK_ASIG_COD_PRE` FOREIGN KEY (`COD_PRE`) REFERENCES `asignaturas` (`codigo`),
  CONSTRAINT `FK_ASIG_COD_PRE2` FOREIGN KEY (`COD_ASIG`) REFERENCES `asignaturas` (`codigo`)
) ENGINE=InnoDB DEFAULT CHARSET=utf8;
/*!40101 SET character_set_client = @saved_cs_client */;

--
-- Dumping data for table `prerrequisito`
--

LOCK TABLES `prerrequisito` WRITE;
/*!40000 ALTER TABLE `prerrequisito` DISABLE KEYS */;
INSERT INTO `prerrequisito` VALUES (115,112),(144,113),(123,114),(112,116),(113,116),(114,122),(116,133),(122,134);
/*!40000 ALTER TABLE `prerrequisito` ENABLE KEYS */;
UNLOCK TABLES;

--
-- Table structure for table `profesores`
--

DROP TABLE IF EXISTS `profesores`;
/*!40101 SET @saved_cs_client     = @@character_set_client */;
 SET character_set_client = utf8mb4 ;
CREATE TABLE `profesores` (
  `ID` varchar(20) NOT NULL,
  `NOMBRE` varchar(20) NOT NULL,
  `APELLIDO1` varchar(20) NOT NULL,
  `APELLIDO2` varchar(20) DEFAULT NULL,
  `DEPARTAMENTO` int(3) DEFAULT NULL,
  `TELEFONO` varchar(4) DEFAULT NULL,
  `EMAIL` varchar(100) DEFAULT NULL,
  `DESPACHO` varchar(10) DEFAULT NULL,
  `FECHA_NACIMIENTO` date DEFAULT NULL,
  `ANTIGÜEDAD` date DEFAULT NULL,
  `DIRECTOR_TESIS` varchar(20) DEFAULT NULL,
  PRIMARY KEY (`ID`),
  KEY `FK_DEPT_COD_idx` (`DEPARTAMENTO`),
  KEY `FK_PROF_ID_idx` (`DIRECTOR_TESIS`),
  CONSTRAINT `FK_DEPT_COD` FOREIGN KEY (`DEPARTAMENTO`) REFERENCES `departamentos` (`codigo`),
  CONSTRAINT `FK_PROF_ID` FOREIGN KEY (`DIRECTOR_TESIS`) REFERENCES `profesores` (`id`)
) ENGINE=InnoDB DEFAULT CHARSET=utf8;
/*!40101 SET character_set_client = @saved_cs_client */;

--
-- Dumping data for table `profesores`
--

LOCK TABLES `profesores` WRITE;
/*!40000 ALTER TABLE `profesores` DISABLE KEYS */;
INSERT INTO `profesores` VALUES ('A-34-CEU-01','Carlos','Fernández','Croquet',3,'2755','rossi@ctima.uma.es','2-2-43-A','1931-08-01','1992-09-01',NULL),('A-89-CEU-99','Manuel','Enciso','Garcia-Oliveros',1,'3309','enciso_lcc@uma.es','3-2-30','1968-01-01','1991-11-01','C-34-TU-00'),('C-34-TU-00','Enrique','Soler','Castillo',2,'2789','esc@gisum.lcc.uma.es','3-2-43','1972-12-24','1992-10-01',NULL),('C-67-CEU-98','Miguel','Ortiz',NULL,1,'2875',NULL,'3-2-21','1949-08-01','1989-03-01','A-89-CEU-99'),('D-92-PC-92','Maria del Mar','Roldán','García',2,'2875','mar@ctima.uma.es','2-2-A17','1980-12-21','2002-09-01','A-89-CEU-99'),('F-12-AY-02','Sergio','Gálvez','Rojas',1,'7151','cesar.lcc.uma.es@uma.es','3-2-33','1974-04-03','1985-04-04','C-34-TU-00'),('G-34-TEU-96','Ana','Jiménez','Santos',3,NULL,'rqg@lccuma.es',NULL,NULL,'1989-03-01',NULL),('H-32-TU-99','Miguel','Hermoso','Gala',4,NULL,NULL,'4-1-1',NULL,'2011-01-14','K-92-CU'),('H-77-TU-99','Juana','Hernandez','Lopez',4,NULL,NULL,'4-2-1','1992-09-14','2012-01-14','H-32-TU-99'),('J-98766','Michael','Brown',NULL,4,NULL,NULL,NULL,'1942-01-24','1976-01-24','A-34-CEU-01'),('K-92-CU','Antonio','Villanueva','Pedraza',4,'2755',NULL,'2-2-43-A','1970-09-16','2010-09-17',NULL);
/*!40000 ALTER TABLE `profesores` ENABLE KEYS */;
UNLOCK TABLES;

--
-- Table structure for table `provincia`
--

DROP TABLE IF EXISTS `provincia`;
/*!40101 SET @saved_cs_client     = @@character_set_client */;
 SET character_set_client = utf8mb4 ;
CREATE TABLE `provincia` (
  `CODIGO` int(2) NOT NULL,
  `NOMBRE` varchar(30) NOT NULL,
  PRIMARY KEY (`CODIGO`)
) ENGINE=InnoDB DEFAULT CHARSET=utf8;
/*!40101 SET character_set_client = @saved_cs_client */;

--
-- Dumping data for table `provincia`
--

LOCK TABLES `provincia` WRITE;
/*!40000 ALTER TABLE `provincia` DISABLE KEYS */;
INSERT INTO `provincia` VALUES (1,'Araba/Álava'),(2,'Albacete'),(3,'Alicante/Alacant'),(4,'Almería'),(5,'Ávila'),(6,'Badajoz'),(7,'Balears, Illes'),(8,'Barcelona'),(9,'Burgos'),(10,'Cáceres'),(11,'Cádiz'),(12,'Castellón/Castelló'),(13,'Ciudad Real'),(14,'Córdoba'),(15,'Coruña, A'),(16,'Cuenca'),(17,'Girona'),(18,'Granada'),(19,'Guadalajara'),(20,'Gipuzkoa'),(21,'Huelva'),(22,'Huesca'),(23,'Jaén'),(24,'León'),(25,'Lleida'),(26,'Rioja, La'),(27,'Lugo'),(28,'Madrid'),(29,'Málaga'),(30,'Murcia'),(31,'Navarra'),(32,'Ourense'),(33,'Asturias'),(34,'Palencia'),(35,'Palmas, Las'),(36,'Pontevedra'),(37,'Salamanca'),(38,'Santa Cruz de Tenerife'),(39,'Cantabria'),(40,'Segovia'),(41,'Sevilla'),(42,'Soria'),(43,'Tarragona'),(44,'Teruel'),(45,'Toledo'),(46,'Valencia/València'),(47,'Valladolid'),(48,'Bizkaia'),(49,'Zamora'),(50,'Zaragoza'),(51,'Ceuta'),(52,'Melilla');
/*!40000 ALTER TABLE `provincia` ENABLE KEYS */;
UNLOCK TABLES;

--
-- Table structure for table `sol_5_1`
--

DROP TABLE IF EXISTS `sol_5_1`;
/*!40101 SET @saved_cs_client     = @@character_set_client */;
 SET character_set_client = utf8mb4 ;
CREATE TABLE `sol_5_1` (
  `id` varchar(20) NOT NULL,
  `nombre` varchar(20) NOT NULL,
  `apellido1` varchar(20) NOT NULL,
  `apellido2` varchar(20) DEFAULT NULL,
  `codigo` int(3) NOT NULL,
  `asignatura` varchar(50) NOT NULL
) ENGINE=InnoDB DEFAULT CHARSET=utf8;
/*!40101 SET character_set_client = @saved_cs_client */;

--
-- Dumping data for table `sol_5_1`
--

LOCK TABLES `sol_5_1` WRITE;
/*!40000 ALTER TABLE `sol_5_1` DISABLE KEYS */;
INSERT INTO `sol_5_1` VALUES ('F-12-AY-02','Sergio','Gálvez','Rojas',101,'Programación Orientada a Objetos'),('F-12-AY-02','Sergio','Gálvez','Rojas',101,'Programación Orientada a Objetos'),('A-89-CEU-99','Manuel','Enciso','Garcia-Oliveros',112,'Bases de Datos'),('C-34-TU-00','Enrique','Soler','Castillo',112,'Bases de Datos'),('G-34-TEU-96','Ana','Jiménez','Santos',112,'Bases de Datos'),('D-92-PC-92','Maria del Mar','Roldán','García',113,'Calculo Numerico'),('D-92-PC-92','Maria del Mar','Roldán','García',113,'Calculo Numerico'),('C-34-TU-00','Enrique','Soler','Castillo',114,'Teoria de Automatas'),('D-92-PC-92','Maria del Mar','Roldán','García',114,'Teoria de Automatas'),('H-32-TU-99','Miguel','Hermoso','Gala',114,'Teoria de Automatas'),('C-67-CEU-98','Miguel','Ortiz',NULL,116,'Logica Computacional'),('H-32-TU-99','Miguel','Hermoso','Gala',123,'Computación Altas Prestaciones'),('H-77-TU-99','Juana','Hernandez','Lopez',123,'Computación Altas Prestaciones'),('F-12-AY-02','Sergio','Gálvez','Rojas',133,'Ingeniería Web'),('F-12-AY-02','Sergio','Gálvez','Rojas',133,'Ingeniería Web'),('A-89-CEU-99','Manuel','Enciso','Garcia-Oliveros',140,'Prácticas en empresa'),('C-34-TU-00','Enrique','Soler','Castillo',140,'Prácticas en empresa'),('C-34-TU-00','Enrique','Soler','Castillo',140,'Prácticas en empresa'),('C-34-TU-00','Enrique','Soler','Castillo',140,'Prácticas en empresa'),('G-34-TEU-96','Ana','Jiménez','Santos',140,'Prácticas en empresa');
/*!40000 ALTER TABLE `sol_5_1` ENABLE KEYS */;
UNLOCK TABLES;

--
-- Table structure for table `sol_5_10`
--

DROP TABLE IF EXISTS `sol_5_10`;
/*!40101 SET @saved_cs_client     = @@character_set_client */;
 SET character_set_client = utf8mb4 ;
CREATE TABLE `sol_5_10` (
  `nombre` varchar(20) NOT NULL,
  `apellido1` varchar(20) DEFAULT NULL,
  `apellido2` varchar(20) DEFAULT NULL,
  `NOMBRE2` varchar(20) DEFAULT NULL,
  `APELLIDO2_1` varchar(20) DEFAULT NULL,
  `APELLIDO2_2` varchar(20) DEFAULT NULL
) ENGINE=InnoDB DEFAULT CHARSET=utf8;
/*!40101 SET character_set_client = @saved_cs_client */;

--
-- Dumping data for table `sol_5_10`
--

LOCK TABLES `sol_5_10` WRITE;
/*!40000 ALTER TABLE `sol_5_10` DISABLE KEYS */;
INSERT INTO `sol_5_10` VALUES ('Carlos Alberto','Acosta','Castilla',NULL,NULL,NULL),('Raziz','Afilal',NULL,'Jaime','Villanueva','Arenas'),('David','Alarcon','Garcia y Muntaner','Carlos Alberto','Acosta','Castilla'),('David','Alarcon','Garcia y Muntaner','Nicolas','Bersabe','Alba'),('David','Alarcon','Garcia y Muntaner','Isidro','Villanueva','Fernandez'),('Ana','Alcala','Lopez','MIGUEL ANGEL','ROBLES','DOMINGUEZ'),('Ana','Alcala','Lopez','Hannae','Tourug',NULL),('Arcadio','Armada','Pedrosa',NULL,NULL,NULL),('Nicolas','Bersabe','Alba','Carlos Alberto','Acosta','Castilla'),('Nicolas','Bersabe','Alba','Isidro','Villanueva','Fernandez'),('Salvador','Castillo','Heredia',NULL,NULL,NULL),('Rodrigo','Castro','Picon',NULL,NULL,NULL),('Esther','de Diego','Blasco','Laura','Espinosa','Fuente'),('Esther','de Diego','Blasco','Carlos','Garzon','Trujillano'),('Esther','de Diego','Blasco','Maximo','Leon','Pi'),('Esther','de Diego','Blasco','Sergio','Rivas','Trevijano'),('Laura','Espinosa','Fuente','Sergio','Rivas','Trevijano'),('Manuel','Fernandez','Ortega',NULL,NULL,NULL),('Carlos','Garzon','Trujillano','Laura','Espinosa','Fuente'),('Carlos','Garzon','Trujillano','Maximo','Leon','Pi'),('Carlos','Garzon','Trujillano','Sergio','Rivas','Trevijano'),('Jose','Gil','Hilo','Maria Jose','Lillo','Gamez'),('Jose','Gil','Hilo','Rafael','Villanueva','Galvez'),('MANUEL','GUERRERO','FERNANDEZ',NULL,NULL,NULL),('ALEJANDRO','HINDLEY','FERNANDEZ',NULL,NULL,NULL),('Justo','Iglesias','Aramillo','Manuel','Fernandez','Ortega'),('Gema','Jimenez','Larios','Salvador','Castillo','Heredia'),('Maximo','Leon','Pi','Laura','Espinosa','Fuente'),('Maximo','Leon','Pi','Sergio','Rivas','Trevijano'),('Maria Jose','Lillo','Gamez','Rafael','Villanueva','Galvez'),('IKER','LUQUE','ROBLES',NULL,NULL,NULL),('Samir','Makluofi',NULL,'Salvador','Castillo','Heredia'),('Samir','Makluofi',NULL,'Gema','Jimenez','Larios'),('Samir','Makluofi',NULL,'Elena','Romero','Torao'),('Stephan','Marckus',NULL,'Ana','Alcala','Lopez'),('Stephan','Marckus',NULL,'MIGUEL ANGEL','ROBLES','DOMINGUEZ'),('Stephan','Marckus',NULL,'Hannae','Tourug',NULL),('FRANCISCO JOSE','MARQUEZ','ROCHE',NULL,NULL,NULL),('JOAQUIN','MARQUEZ','RODRIGUEZ',NULL,NULL,NULL),('VICTOR HUGO','MARTIN','FLORIDO',NULL,NULL,NULL),('CARLOS','MARTIN','RUIZ',NULL,NULL,NULL),('PEDRO','MARTIN','RUIZ',NULL,NULL,NULL),('REMEDIOS MARIA','MARTIN','RUIZ',NULL,NULL,NULL),('CARLOS EDUARDO','MARTINEZ','RUIZ',NULL,NULL,NULL),('Victoria','Mayordomo','Toro','Jose','Gil','Hilo'),('Victoria','Mayordomo','Toro','Maria Jose','Lillo','Gamez'),('Victoria','Mayordomo','Toro','Rafael','Villanueva','Galvez'),('TATIANA','MAZGELIS','PEREZ',NULL,NULL,NULL),('AHMED','MEDINA','SALIDO',NULL,NULL,NULL),('Pedro','Melendez','Contado',NULL,NULL,NULL),('Marlon','Mesa','Jimenez','Manuel','Fernandez','Ortega'),('Marlon','Mesa','Jimenez','Justo','Iglesias','Aramillo'),('Marlon','Mesa','Jimenez','Alejandra','Oliveira','Jimenes'),('JORGE','MESTANZA','GARCIA',NULL,NULL,NULL),('CRISTIAN','MIÑAMBRES','SANCHEZ',NULL,NULL,NULL),('Angel','Montero','Puig de Casamayor',NULL,NULL,NULL),('ADRIÁN','MONTIEL',NULL,NULL,NULL,NULL),('FERNANDO','MORALES',NULL,NULL,NULL,NULL),('EDUARDO','MORENO','GARCIA',NULL,NULL,NULL),('JAIRO','MUÑOZ',NULL,NULL,NULL,NULL),('ALVARO','MUÑOZ','GARCIA-FAURE',NULL,NULL,NULL),('Jesus','Neira','Cintado',NULL,NULL,NULL),('IKER','NIETO','SANCHEZ',NULL,NULL,NULL),('Alejandra','Oliveira','Jimenes','Manuel','Fernandez','Ortega'),('Alejandra','Oliveira','Jimenes','Justo','Iglesias','Aramillo'),('CRISTINA','ORTIZ','GOMEZ',NULL,NULL,NULL),('Maria Elena','Ortiz','Montoya','Salvador','Castillo','Heredia'),('Maria Elena','Ortiz','Montoya','Gema','Jimenez','Larios'),('Maria Elena','Ortiz','Montoya','Samir','Makluofi',NULL),('Maria Elena','Ortiz','Montoya','Elena','Romero','Torao'),('ANTONIO','OUAHABI',NULL,NULL,NULL,NULL),('JOSE CARLOS','PALOMINO','ARGUILEA',NULL,NULL,NULL),('CAROLINA','PEREZ','AGUAVIVA',NULL,NULL,NULL),('Zinovia','Petrova',NULL,'Manuel','Fernandez','Ortega'),('Zinovia','Petrova',NULL,'Justo','Iglesias','Aramillo'),('Zinovia','Petrova',NULL,'Marlon','Mesa','Jimenez'),('Zinovia','Petrova',NULL,'Alejandra','Oliveira','Jimenes'),('PABLO','PINTO','ANDRES',NULL,NULL,NULL),('SAMUEL','PRANDI','ARIZA',NULL,NULL,NULL),('CARLOS','RAISSOUNI',NULL,NULL,NULL,NULL),('LUKAS','RAMIRO','CABALLERO',NULL,NULL,NULL),('AITOR','RAMOS','ARAGÓN',NULL,NULL,NULL),('MARIA ARACELI','RANEA','BURGUEÑO',NULL,NULL,NULL),('George','Rice',NULL,NULL,NULL,NULL),('JOSE DAVID','RIOS','CADENA',NULL,NULL,NULL),('Sergio','Rivas','Trevijano',NULL,NULL,NULL),('PABLO','RIVERO','CORTECERO',NULL,NULL,NULL),('MIGUEL ANGEL','ROBLES','DOMINGUEZ','Hannae','Tourug',NULL),('ADRIAN','ROCHE','ECHEVARRI',NULL,NULL,NULL),('ANTONIO','RODRIGUEZ','CANTOS',NULL,NULL,NULL),('DANIEL','RODRIGUEZ','ESCRIBANO',NULL,NULL,NULL),('ANGEL JESUS','ROMERO','CAÑETE',NULL,NULL,NULL),('DANIEL','ROMERO','CARRASCO',NULL,NULL,NULL),('MARIA DE LOS ANGELES','ROMERO','CARRILLO',NULL,NULL,NULL),('Elena','Romero','Torao','Salvador','Castillo','Heredia'),('Elena','Romero','Torao','Gema','Jimenez','Larios'),('ALBERTO JESUS','RUIZ','CARRION',NULL,NULL,NULL),('ALFONSO','RUIZ','ESCUDERO',NULL,NULL,NULL),('SERGIO','RUIZ','ESTEPA',NULL,NULL,NULL),('JUAN','RUIZ','FERNANDEZ',NULL,NULL,NULL),('ADRIAN','RUIZ','FUERTES',NULL,NULL,NULL),('Benjamín','Ruiz','Palacio','Rodrigo','Castro','Picon'),('ALBERTO','SAEZ','CAZORLA','SAMUEL','PRANDI','ARIZA'),('BRIAN','SALIDO','GARCIA',NULL,NULL,NULL),('ISABEL','SANCHEZ','GOMEZ',NULL,NULL,NULL),('MIGUEL ANGEL','SANCHEZ','GOMEZ',NULL,NULL,NULL),('ELOY','SANCHEZ','GONZALEZ',NULL,NULL,NULL),('RUBEN','SANTIAGO','GONZALEZ',NULL,NULL,NULL),('GONZALO','SANTOS','CHICA',NULL,NULL,NULL),('IVAN','SAUZA','CORBACHO',NULL,NULL,NULL),('Enrique','Silva','Cervantes','Salvador','Castillo','Heredia'),('Enrique','Silva','Cervantes','Gema','Jimenez','Larios'),('Enrique','Silva','Cervantes','Samir','Makluofi',NULL),('Enrique','Silva','Cervantes','Maria Elena','Ortiz','Montoya'),('Enrique','Silva','Cervantes','Elena','Romero','Torao'),('BORJA','SILVA','DELGADO',NULL,NULL,NULL),('JOSE ANTONIO','SUAREZ','DIAZ',NULL,NULL,NULL),('RAFAEL','SUAREZ','GONZALEZ',NULL,NULL,NULL),('RUBEN','TORRALVO','HARO',NULL,NULL,NULL),('ASMAE','TORRES',NULL,NULL,NULL,NULL),('Hannae','Tourug',NULL,NULL,NULL,NULL),('FELIPE','TRILLO','JIMENEZ',NULL,NULL,NULL),('ANTONIO JESUS','VALENCIA','JIMENEZ',NULL,NULL,NULL),('MANUEL','VALVERDE','ESTEPA',NULL,NULL,NULL),('CRISTIAN','VAZQUEZ','LEIVA',NULL,NULL,NULL),('ADRIÁN','VELASCO','LLORET',NULL,NULL,NULL),('JUAN DE DIOS','VILLA','ESTRELLA',NULL,NULL,NULL),('Jaime','Villanueva','Arenas',NULL,NULL,NULL),('Isidro','Villanueva','Fernandez','Carlos Alberto','Acosta','Castilla'),('Rafael','Villanueva','Galvez',NULL,NULL,NULL),('Guillermo','Villanueva','Pedraza','Manuel','Fernandez','Ortega'),('Guillermo','Villanueva','Pedraza','Justo','Iglesias','Aramillo'),('Guillermo','Villanueva','Pedraza','Marlon','Mesa','Jimenez'),('Guillermo','Villanueva','Pedraza','Alejandra','Oliveira','Jimenes'),('Guillermo','Villanueva','Pedraza','Zinovia','Petrova',NULL),('ENRIQUE','ZAHTI',NULL,NULL,NULL,NULL);
/*!40000 ALTER TABLE `sol_5_10` ENABLE KEYS */;
UNLOCK TABLES;

--
-- Table structure for table `sol_5_2`
--

DROP TABLE IF EXISTS `sol_5_2`;
/*!40101 SET @saved_cs_client     = @@character_set_client */;
 SET character_set_client = utf8mb4 ;
CREATE TABLE `sol_5_2` (
  `nombre` varchar(20) NOT NULL,
  `ifnull(director_tesis, 'no tiene')` varchar(20) NOT NULL DEFAULT ''
) ENGINE=InnoDB DEFAULT CHARSET=utf8;
/*!40101 SET character_set_client = @saved_cs_client */;

--
-- Dumping data for table `sol_5_2`
--

LOCK TABLES `sol_5_2` WRITE;
/*!40000 ALTER TABLE `sol_5_2` DISABLE KEYS */;
INSERT INTO `sol_5_2` VALUES ('Carlos','no tiene'),('Manuel','C-34-TU-00'),('Enrique','no tiene'),('Miguel','A-89-CEU-99'),('Maria del Mar','A-89-CEU-99'),('Sergio','C-34-TU-00'),('Ana','no tiene'),('Miguel','H-32-TU-99'),('Juana','no tiene'),('Michael','A-34-CEU-01'),('Antonio','no tiene');
/*!40000 ALTER TABLE `sol_5_2` ENABLE KEYS */;
UNLOCK TABLES;

--
-- Table structure for table `sol_5_3`
--

DROP TABLE IF EXISTS `sol_5_3`;
/*!40101 SET @saved_cs_client     = @@character_set_client */;
 SET character_set_client = utf8mb4 ;
CREATE TABLE `sol_5_3` (
  `nombrep1` varchar(20) NOT NULL,
  `apellido1p1` varchar(20) NOT NULL,
  `apellido2p1` varchar(20) DEFAULT NULL,
  `Antiguedad1` decimal(22,0) DEFAULT NULL,
  `nombrep2` varchar(20) NOT NULL,
  `apellido1p2` varchar(20) NOT NULL,
  `apellido2p2` varchar(20) DEFAULT NULL,
  `Antiguedad2` decimal(22,0) DEFAULT NULL
) ENGINE=InnoDB DEFAULT CHARSET=utf8;
/*!40101 SET character_set_client = @saved_cs_client */;

--
-- Dumping data for table `sol_5_3`
--

LOCK TABLES `sol_5_3` WRITE;
/*!40000 ALTER TABLE `sol_5_3` DISABLE KEYS */;
INSERT INTO `sol_5_3` VALUES ('Miguel','Hermoso','Gala',8,'Juana','Hernandez','Lopez',7),('Miguel','Hermoso','Gala',8,'Antonio','Villanueva','Pedraza',9),('Juana','Hernandez','Lopez',7,'Antonio','Villanueva','Pedraza',9);
/*!40000 ALTER TABLE `sol_5_3` ENABLE KEYS */;
UNLOCK TABLES;

--
-- Table structure for table `sol_5_4`
--

DROP TABLE IF EXISTS `sol_5_4`;
/*!40101 SET @saved_cs_client     = @@character_set_client */;
 SET character_set_client = utf8mb4 ;
CREATE TABLE `sol_5_4` (
  `Asignatura 1` varchar(50) NOT NULL,
  `Asignatura 2` varchar(50) NOT NULL,
  `Asignatura 3` varchar(50) NOT NULL,
  `Materia` int(2) DEFAULT NULL
) ENGINE=InnoDB DEFAULT CHARSET=utf8;
/*!40101 SET character_set_client = @saved_cs_client */;

--
-- Dumping data for table `sol_5_4`
--

LOCK TABLES `sol_5_4` WRITE;
/*!40000 ALTER TABLE `sol_5_4` DISABLE KEYS */;
INSERT INTO `sol_5_4` VALUES ('Programación Orientada a Objetos','Bases de Datos','Administración de Bases de Datos',1),('Programación Orientada a Objetos','Bases de Datos','Ingeniería Web',1),('Programación Orientada a Objetos','Administración de Bases de Datos','Ingeniería Web',1),('Estadistica','Calculo Numerico','Logica Computacional',4),('Estadistica','Calculo Numerico','Matemática Discreta',4),('Estadistica','Logica Computacional','Matemática Discreta',4),('Bases de Datos','Administración de Bases de Datos','Ingeniería Web',1),('Calculo Numerico','Logica Computacional','Matemática Discreta',4),('Estructura de Computadores','Computación Altas Prestaciones','Dispositivos Electronicos',2);
/*!40000 ALTER TABLE `sol_5_4` ENABLE KEYS */;
UNLOCK TABLES;

--
-- Table structure for table `sol_5_5`
--

DROP TABLE IF EXISTS `sol_5_5`;
/*!40101 SET @saved_cs_client     = @@character_set_client */;
 SET character_set_client = utf8mb4 ;
CREATE TABLE `sol_5_5` (
  `NOMBRE` varchar(20) NOT NULL,
  `APELLIDO1` varchar(20) DEFAULT NULL,
  `APELLIDO2` varchar(20) DEFAULT NULL
) ENGINE=InnoDB DEFAULT CHARSET=utf8;
/*!40101 SET character_set_client = @saved_cs_client */;

--
-- Dumping data for table `sol_5_5`
--

LOCK TABLES `sol_5_5` WRITE;
/*!40000 ALTER TABLE `sol_5_5` DISABLE KEYS */;
INSERT INTO `sol_5_5` VALUES ('Carlos Alberto','Acosta','Castilla'),('Arcadio','Armada','Pedrosa'),('Carlos','Garzon','Trujillano'),('Maximo','Leon','Pi'),('Stephan','Marckus',NULL),('Maria Elena','Ortiz','Montoya'),('Sergio','Rivas','Trevijano'),('Isidro','Villanueva','Fernandez'),('Rafael','Villanueva','Galvez'),('Guillermo','Villanueva','Pedraza');
/*!40000 ALTER TABLE `sol_5_5` ENABLE KEYS */;
UNLOCK TABLES;

--
-- Table structure for table `sol_5_6`
--

DROP TABLE IF EXISTS `sol_5_6`;
/*!40101 SET @saved_cs_client     = @@character_set_client */;
 SET character_set_client = utf8mb4 ;
CREATE TABLE `sol_5_6` (
  `Asignatura` varchar(50) NOT NULL,
  `Materia` varchar(40) NOT NULL,
  `Profesor` varchar(62) DEFAULT NULL,
  `carga_creditos` decimal(3,1) DEFAULT NULL
) ENGINE=InnoDB DEFAULT CHARSET=utf8;
/*!40101 SET character_set_client = @saved_cs_client */;

--
-- Dumping data for table `sol_5_6`
--

LOCK TABLES `sol_5_6` WRITE;
/*!40000 ALTER TABLE `sol_5_6` DISABLE KEYS */;
INSERT INTO `sol_5_6` VALUES ('Programación Orientada a Objetos','Ingeniería del Software','Sergio Gálvez Rojas',7.0),('Programación Orientada a Objetos','Ingeniería del Software','Sergio Gálvez Rojas',7.0),('Ingeniería Web','Ingeniería del Software','Sergio Gálvez Rojas',6.0),('Ingeniería Web','Ingeniería del Software','Sergio Gálvez Rojas',6.0),('Bases de Datos','Ingeniería del Software','Manuel Enciso Garcia-Oliveros',7.0),('Bases de Datos','Ingeniería del Software','Enrique Soler Castillo',7.0),('Computación Altas Prestaciones','Dispositivos hardware','Miguel Hermoso Gala',4.0),('Computación Altas Prestaciones','Dispositivos hardware','Juana Hernandez Lopez',4.0),('Prácticas en empresa','Complementos de formación','Enrique Soler Castillo',9.0),('Prácticas en empresa','Complementos de formación','Enrique Soler Castillo',4.0),('Prácticas en empresa','Complementos de formación','Enrique Soler Castillo',9.0),('Logica Computacional','Fundamentos de la Informática','Miguel Ortiz ',6.0),('Calculo Numerico','Fundamentos de la Informática','Maria del Mar Roldán García',6.0),('Calculo Numerico','Fundamentos de la Informática','Maria del Mar Roldán García',3.0);
/*!40000 ALTER TABLE `sol_5_6` ENABLE KEYS */;
UNLOCK TABLES;

--
-- Table structure for table `sol_5_7`
--

DROP TABLE IF EXISTS `sol_5_7`;
/*!40101 SET @saved_cs_client     = @@character_set_client */;
 SET character_set_client = utf8mb4 ;
CREATE TABLE `sol_5_7` (
  `Asignatura` varchar(50) NOT NULL,
  `Departamento` varchar(40) NOT NULL,
  `creditos` decimal(3,1) DEFAULT NULL,
  `%Prácticos` decimal(9,2) DEFAULT NULL
) ENGINE=InnoDB DEFAULT CHARSET=utf8;
/*!40101 SET character_set_client = @saved_cs_client */;

--
-- Dumping data for table `sol_5_7`
--

LOCK TABLES `sol_5_7` WRITE;
/*!40000 ALTER TABLE `sol_5_7` DISABLE KEYS */;
INSERT INTO `sol_5_7` VALUES ('Prácticas en empresa','Lenguajes y Ciencias de la Computacion',9.0,100.00),('Estadistica','Matematica Aplicada',4.0,75.00),('Ingeniería Web','Lenguajes y Ciencias de la Computacion',6.0,66.67),('Sistemas Operativos','Lenguajes y Ciencias de la Computacion',6.0,50.00),('Calculo Numerico','Matematica Aplicada',6.0,50.00),('Logica Computacional','Matematica Aplicada',6.0,50.00),('Estructura de Computadores','Arquitectura de Computadores',6.0,50.00),('Computación Altas Prestaciones','Arquitectura de Computadores',4.0,50.00),('Dispositivos Electronicos','Arquitectura de Computadores',6.0,50.00),('Teoria de la señal','Ingenieria de Comunicaciones',6.0,50.00),('Bases de Datos','Lenguajes y Ciencias de la Computacion',7.0,42.86),('Teoria de Automatas','Lenguajes y Ciencias de la Computacion',6.0,33.33),('Modelos Computacionales','Lenguajes y Ciencias de la Computacion',6.0,16.67),('Matemática Discreta','Matematica Aplicada',6.0,16.67);
/*!40000 ALTER TABLE `sol_5_7` ENABLE KEYS */;
UNLOCK TABLES;

--
-- Table structure for table `sol_5_8`
--

DROP TABLE IF EXISTS `sol_5_8`;
/*!40101 SET @saved_cs_client     = @@character_set_client */;
 SET character_set_client = utf8mb4 ;
CREATE TABLE `sol_5_8` (
  `APELLIDOS` varchar(20) DEFAULT NULL
) ENGINE=InnoDB DEFAULT CHARSET=utf8;
/*!40101 SET character_set_client = @saved_cs_client */;

--
-- Dumping data for table `sol_5_8`
--

LOCK TABLES `sol_5_8` WRITE;
/*!40000 ALTER TABLE `sol_5_8` DISABLE KEYS */;
INSERT INTO `sol_5_8` VALUES ('Villanueva'),('Castillo'),('VILLA'),('TRILLO'),('Lillo'),('ESTRELLA'),('CABALLERO'),('CARRILLO'),('LLORET'),('Trujillano'),('Aramillo'),('Castilla');
/*!40000 ALTER TABLE `sol_5_8` ENABLE KEYS */;
UNLOCK TABLES;

--
-- Table structure for table `sol_5_9`
--

DROP TABLE IF EXISTS `sol_5_9`;
/*!40101 SET @saved_cs_client     = @@character_set_client */;
 SET character_set_client = utf8mb4 ;
CREATE TABLE `sol_5_9` (
  `TESIS` varchar(143) DEFAULT NULL,
  `Tramos` bigint(11) NOT NULL DEFAULT '0'
) ENGINE=InnoDB DEFAULT CHARSET=utf8;
/*!40101 SET character_set_client = @saved_cs_client */;

--
-- Dumping data for table `sol_5_9`
--

LOCK TABLES `sol_5_9` WRITE;
/*!40000 ALTER TABLE `sol_5_9` DISABLE KEYS */;
INSERT INTO `sol_5_9` VALUES ('El director de Miguel Ortiz  es Manuel Enciso Garcia-Oliveros',3),('El director de Maria del Mar Roldán García es Manuel Enciso Garcia-Oliveros',3),('El director de Manuel Enciso Garcia-Oliveros es Enrique Soler Castillo',2),('El director de Sergio Gálvez Rojas es Enrique Soler Castillo',2),('El director de Juana Hernandez Lopez es Miguel Hermoso Gala',3),('El director de Miguel Hermoso Gala es Antonio Villanueva Pedraza',0),('El director de Michael Brown  es Carlos Fernández Croquet',0);
/*!40000 ALTER TABLE `sol_5_9` ENABLE KEYS */;
UNLOCK TABLES;

--
-- Table structure for table `sol_6_1`
--

DROP TABLE IF EXISTS `sol_6_1`;
/*!40101 SET @saved_cs_client     = @@character_set_client */;
 SET character_set_client = utf8mb4 ;
CREATE TABLE `sol_6_1` (
  `Codigo Asignatura` int(3) NOT NULL
) ENGINE=InnoDB DEFAULT CHARSET=utf8;
/*!40101 SET character_set_client = @saved_cs_client */;

--
-- Dumping data for table `sol_6_1`
--

LOCK TABLES `sol_6_1` WRITE;
/*!40000 ALTER TABLE `sol_6_1` DISABLE KEYS */;
INSERT INTO `sol_6_1` VALUES (112),(140);
/*!40000 ALTER TABLE `sol_6_1` ENABLE KEYS */;
UNLOCK TABLES;

--
-- Table structure for table `sol_6_10`
--

DROP TABLE IF EXISTS `sol_6_10`;
/*!40101 SET @saved_cs_client     = @@character_set_client */;
 SET character_set_client = utf8mb4 ;
CREATE TABLE `sol_6_10` (
  `profesor1` varchar(62) DEFAULT NULL,
  `profesor2` varchar(62) DEFAULT NULL
) ENGINE=InnoDB DEFAULT CHARSET=utf8;
/*!40101 SET character_set_client = @saved_cs_client */;

--
-- Dumping data for table `sol_6_10`
--

LOCK TABLES `sol_6_10` WRITE;
/*!40000 ALTER TABLE `sol_6_10` DISABLE KEYS */;
INSERT INTO `sol_6_10` VALUES ('Carlos Fernández Croquet','Manuel Enciso Garcia-Oliveros'),('Carlos Fernández Croquet','Enrique Soler Castillo'),('Carlos Fernández Croquet','Miguel Ortiz '),('Carlos Fernández Croquet','Maria del Mar Roldán García'),('Carlos Fernández Croquet','Sergio Gálvez Rojas'),('Carlos Fernández Croquet','Ana Jiménez Santos'),('Carlos Fernández Croquet','Miguel Hermoso Gala'),('Carlos Fernández Croquet','Juana Hernandez Lopez'),('Carlos Fernández Croquet','Michael Brown '),('Carlos Fernández Croquet','Antonio Villanueva Pedraza'),('Manuel Enciso Garcia-Oliveros','Enrique Soler Castillo'),('Manuel Enciso Garcia-Oliveros','Miguel Ortiz '),('Manuel Enciso Garcia-Oliveros','Sergio Gálvez Rojas'),('Manuel Enciso Garcia-Oliveros','Ana Jiménez Santos'),('Manuel Enciso Garcia-Oliveros','Miguel Hermoso Gala'),('Manuel Enciso Garcia-Oliveros','Juana Hernandez Lopez'),('Manuel Enciso Garcia-Oliveros','Michael Brown '),('Manuel Enciso Garcia-Oliveros','Antonio Villanueva Pedraza'),('Enrique Soler Castillo','Maria del Mar Roldán García'),('Enrique Soler Castillo','Sergio Gálvez Rojas'),('Enrique Soler Castillo','Miguel Hermoso Gala'),('Enrique Soler Castillo','Juana Hernandez Lopez'),('Enrique Soler Castillo','Michael Brown '),('Enrique Soler Castillo','Antonio Villanueva Pedraza'),('Miguel Ortiz ','Sergio Gálvez Rojas'),('Miguel Ortiz ','Miguel Hermoso Gala'),('Miguel Ortiz ','Juana Hernandez Lopez'),('Miguel Ortiz ','Michael Brown '),('Miguel Ortiz ','Antonio Villanueva Pedraza'),('Maria del Mar Roldán García','Sergio Gálvez Rojas'),('Maria del Mar Roldán García','Ana Jiménez Santos'),('Maria del Mar Roldán García','Miguel Hermoso Gala'),('Maria del Mar Roldán García','Juana Hernandez Lopez'),('Maria del Mar Roldán García','Michael Brown '),('Maria del Mar Roldán García','Antonio Villanueva Pedraza'),('Sergio Gálvez Rojas','Ana Jiménez Santos'),('Sergio Gálvez Rojas','Miguel Hermoso Gala'),('Sergio Gálvez Rojas','Juana Hernandez Lopez'),('Sergio Gálvez Rojas','Michael Brown '),('Sergio Gálvez Rojas','Antonio Villanueva Pedraza'),('Ana Jiménez Santos','Miguel Hermoso Gala'),('Ana Jiménez Santos','Juana Hernandez Lopez'),('Ana Jiménez Santos','Michael Brown '),('Ana Jiménez Santos','Antonio Villanueva Pedraza'),('Miguel Hermoso Gala','Juana Hernandez Lopez'),('Miguel Hermoso Gala','Michael Brown '),('Miguel Hermoso Gala','Antonio Villanueva Pedraza'),('Juana Hernandez Lopez','Michael Brown '),('Juana Hernandez Lopez','Antonio Villanueva Pedraza'),('Michael Brown ','Antonio Villanueva Pedraza');
/*!40000 ALTER TABLE `sol_6_10` ENABLE KEYS */;
UNLOCK TABLES;

--
-- Table structure for table `sol_6_2`
--

DROP TABLE IF EXISTS `sol_6_2`;
/*!40101 SET @saved_cs_client     = @@character_set_client */;
 SET character_set_client = utf8mb4 ;
CREATE TABLE `sol_6_2` (
  `Codigo Alumno` int(9) NOT NULL
) ENGINE=InnoDB DEFAULT CHARSET=utf8;
/*!40101 SET character_set_client = @saved_cs_client */;

--
-- Dumping data for table `sol_6_2`
--

LOCK TABLES `sol_6_2` WRITE;
/*!40000 ALTER TABLE `sol_6_2` DISABLE KEYS */;
INSERT INTO `sol_6_2` VALUES (12312342),(25748955),(34558955),(34567567),(45645221),(54354355),(67867888),(73635423),(97800676),(97896753);
/*!40000 ALTER TABLE `sol_6_2` ENABLE KEYS */;
UNLOCK TABLES;

--
-- Table structure for table `sol_6_3`
--

DROP TABLE IF EXISTS `sol_6_3`;
/*!40101 SET @saved_cs_client     = @@character_set_client */;
 SET character_set_client = utf8mb4 ;
CREATE TABLE `sol_6_3` (
  `DEPARTAMENTO` varchar(40) NOT NULL,
  `NUMERO CREDITOS` decimal(25,1) DEFAULT NULL
) ENGINE=InnoDB DEFAULT CHARSET=utf8;
/*!40101 SET character_set_client = @saved_cs_client */;

--
-- Dumping data for table `sol_6_3`
--

LOCK TABLES `sol_6_3` WRITE;
/*!40000 ALTER TABLE `sol_6_3` DISABLE KEYS */;
INSERT INTO `sol_6_3` VALUES ('Lenguajes y Ciencias de la Computacion',47.0),('Matematica Aplicada',22.0),('Arquitectura de Computadores',16.0),('Ingenieria de Comunicaciones',6.0);
/*!40000 ALTER TABLE `sol_6_3` ENABLE KEYS */;
UNLOCK TABLES;

--
-- Table structure for table `sol_6_4`
--

DROP TABLE IF EXISTS `sol_6_4`;
/*!40101 SET @saved_cs_client     = @@character_set_client */;
 SET character_set_client = utf8mb4 ;
CREATE TABLE `sol_6_4` (
  `DESPACHO` varchar(10) DEFAULT NULL,
  `TOTAL CREDITOS` decimal(25,1) DEFAULT NULL
) ENGINE=InnoDB DEFAULT CHARSET=utf8;
/*!40101 SET character_set_client = @saved_cs_client */;

--
-- Dumping data for table `sol_6_4`
--

LOCK TABLES `sol_6_4` WRITE;
/*!40000 ALTER TABLE `sol_6_4` DISABLE KEYS */;
INSERT INTO `sol_6_4` VALUES ('3-2-30',7.0),('3-2-43',35.0),('3-2-21',6.0),('2-2-A17',9.0),('3-2-33',26.0),('4-1-1',10.0),('4-2-1',4.0);
/*!40000 ALTER TABLE `sol_6_4` ENABLE KEYS */;
UNLOCK TABLES;

--
-- Table structure for table `sol_6_5`
--

DROP TABLE IF EXISTS `sol_6_5`;
/*!40101 SET @saved_cs_client     = @@character_set_client */;
 SET character_set_client = utf8mb4 ;
CREATE TABLE `sol_6_5` (
  `ALUMNO` varchar(62) DEFAULT NULL,
  `ASIGNATURA` varchar(50) NOT NULL
) ENGINE=InnoDB DEFAULT CHARSET=utf8;
/*!40101 SET character_set_client = @saved_cs_client */;

--
-- Dumping data for table `sol_6_5`
--

LOCK TABLES `sol_6_5` WRITE;
/*!40000 ALTER TABLE `sol_6_5` DISABLE KEYS */;
INSERT INTO `sol_6_5` VALUES ('Victoria Mayordomo Toro','Sistemas Operativos'),('Nicolas Bersabe Alba','Sistemas Operativos'),('Maria Jose Lillo Gamez','Sistemas Operativos'),('Justo Iglesias Aramillo','Sistemas Operativos'),('FERNANDO MORALES  ','Estadistica'),('CARLOS EDUARDO MARTINEZ RUIZ','Estadistica'),('ENRIQUE ZAHTI  ','Estadistica'),('PEDRO MARTIN RUIZ','Estadistica'),('JOAQUIN MARQUEZ RODRIGUEZ','Estadistica'),('AHMED MEDINA SALIDO','Estadistica'),('CRISTIAN MIÑAMBRES SANCHEZ','Estadistica'),('JAIRO MUÑOZ  ','Estadistica'),('IKER NIETO SANCHEZ','Estadistica'),('REMEDIOS MARIA MARTIN RUIZ','Estadistica'),('FRANCISCO JOSE MARQUEZ ROCHE','Estadistica'),('IKER LUQUE ROBLES','Estadistica'),('CARLOS MARTIN RUIZ','Estadistica'),('ADRIÁN MONTIEL  ','Estadistica'),('CRISTIAN VAZQUEZ LEIVA','Bases de Datos'),('Stephan Marckus  ','Bases de Datos'),('ALFONSO RUIZ ESCUDERO','Bases de Datos'),('Benjamín Ruiz Palacio','Bases de Datos'),('David Alarcon Garcia y Muntaner','Bases de Datos'),('Guillermo Villanueva Pedraza','Bases de Datos'),('ANTONIO JESUS VALENCIA JIMENEZ','Bases de Datos'),('ADRIAN RUIZ FUERTES','Bases de Datos'),('Zinovia Petrova  ','Bases de Datos'),('Ana Alcala Lopez','Bases de Datos'),('Maria Elena Ortiz Montoya','Bases de Datos'),('Carlos Garzon Trujillano','Bases de Datos'),('RAFAEL SUAREZ GONZALEZ','Bases de Datos'),('Maximo Leon Pi','Bases de Datos'),('Rodrigo Castro Picon','Bases de Datos'),('SERGIO RUIZ ESTEPA','Bases de Datos'),('Arcadio Armada Pedrosa','Bases de Datos'),('DANIEL RODRIGUEZ ESCRIBANO','Bases de Datos'),('Jose Gil Hilo','Bases de Datos'),('Isidro Villanueva Fernandez','Bases de Datos'),('Rafael Villanueva Galvez','Bases de Datos'),('Jaime Villanueva Arenas','Bases de Datos'),('Manuel Fernandez Ortega','Bases de Datos'),('Carlos Alberto Acosta Castilla','Bases de Datos'),('Sergio Rivas Trevijano','Bases de Datos'),('CARLOS RAISSOUNI  ','Calculo Numerico'),('MIGUEL ANGEL SANCHEZ GOMEZ','Calculo Numerico'),('FELIPE TRILLO JIMENEZ','Calculo Numerico'),('Victoria Mayordomo Toro','Calculo Numerico'),('Pedro Melendez Contado','Calculo Numerico'),('Enrique Silva Cervantes','Calculo Numerico'),('ADRIÁN VELASCO LLORET','Calculo Numerico'),('Esther de Diego Blasco','Calculo Numerico'),('CRISTINA ORTIZ GOMEZ','Calculo Numerico'),('Samir Makluofi  ','Calculo Numerico'),('George Rice  ','Calculo Numerico'),('JORGE MESTANZA GARCIA','Calculo Numerico'),('ALEJANDRO HINDLEY FERNANDEZ','Calculo Numerico'),('RUBEN TORRALVO HARO','Calculo Numerico'),('JOSE CARLOS PALOMINO ARGUILEA','Calculo Numerico'),('Hannae Tourug  ','Calculo Numerico'),('Maria Jose Lillo Gamez','Calculo Numerico'),('Justo Iglesias Aramillo','Calculo Numerico'),('BRIAN SALIDO GARCIA','Teoria de Automatas'),('Victoria Mayordomo Toro','Teoria de Automatas'),('Enrique Silva Cervantes','Teoria de Automatas'),('Jesus Neira Cintado','Teoria de Automatas'),('ALVARO MUÑOZ GARCIA-FAURE','Teoria de Automatas'),('Esther de Diego Blasco','Teoria de Automatas'),('JUAN RUIZ FERNANDEZ','Teoria de Automatas'),('RUBEN SANTIAGO GONZALEZ','Teoria de Automatas'),('Angel Montero Puig de Casamayor','Teoria de Automatas'),('Elena Romero Torao','Teoria de Automatas'),('MIGUEL ANGEL ROBLES DOMINGUEZ','Teoria de Automatas'),('ELOY SANCHEZ GONZALEZ','Teoria de Automatas'),('ADRIAN ROCHE ECHEVARRI','Teoria de Automatas'),('Laura Espinosa Fuente','Teoria de Automatas'),('Justo Iglesias Aramillo','Teoria de Automatas'),('BRIAN SALIDO GARCIA','Logica Computacional'),('LUKAS RAMIRO CABALLERO','Logica Computacional'),('Pedro Melendez Contado','Logica Computacional'),('PABLO RIVERO CORTECERO','Logica Computacional'),('ADRIÁN VELASCO LLORET','Logica Computacional'),('TATIANA MAZGELIS PEREZ','Logica Computacional'),('JUAN RUIZ FERNANDEZ','Logica Computacional'),('Marlon Mesa Jimenez','Logica Computacional'),('Angel Montero Puig de Casamayor','Logica Computacional'),('Samir Makluofi  ','Logica Computacional'),('George Rice  ','Logica Computacional'),('Alejandra Oliveira Jimenes','Logica Computacional'),('ISABEL SANCHEZ GOMEZ','Logica Computacional'),('ELOY SANCHEZ GONZALEZ','Logica Computacional'),('Nicolas Bersabe Alba','Logica Computacional'),('SAMUEL PRANDI ARIZA','Logica Computacional'),('EDUARDO MORENO GARCIA','Logica Computacional'),('Maria Jose Lillo Gamez','Logica Computacional'),('Raziz Afilal  ','Logica Computacional'),('Salvador Castillo Heredia','Logica Computacional'),('Laura Espinosa Fuente','Logica Computacional'),('Enrique Silva Cervantes','Estructura de Computadores'),('Samir Makluofi  ','Estructura de Computadores'),('Elena Romero Torao','Estructura de Computadores'),('Gema Jimenez Larios','Estructura de Computadores'),('Salvador Castillo Heredia','Estructura de Computadores'),('Enrique Silva Cervantes','Ingeniería Web'),('Samir Makluofi  ','Ingeniería Web'),('Elena Romero Torao','Ingeniería Web'),('Gema Jimenez Larios','Ingeniería Web'),('Salvador Castillo Heredia','Ingeniería Web'),('Enrique Silva Cervantes','Dispositivos Electronicos'),('Samir Makluofi  ','Dispositivos Electronicos'),('Elena Romero Torao','Dispositivos Electronicos'),('Gema Jimenez Larios','Dispositivos Electronicos'),('Salvador Castillo Heredia','Dispositivos Electronicos'),('Pedro Melendez Contado','Modelos Computacionales'),('Enrique Silva Cervantes','Modelos Computacionales'),('Jesus Neira Cintado','Modelos Computacionales'),('Esther de Diego Blasco','Modelos Computacionales'),('Marlon Mesa Jimenez','Modelos Computacionales'),('Angel Montero Puig de Casamayor','Modelos Computacionales'),('Samir Makluofi  ','Modelos Computacionales'),('Elena Romero Torao','Modelos Computacionales'),('George Rice  ','Modelos Computacionales'),('Alejandra Oliveira Jimenes','Modelos Computacionales'),('Hannae Tourug  ','Modelos Computacionales'),('Raziz Afilal  ','Modelos Computacionales'),('Salvador Castillo Heredia','Modelos Computacionales'),('Laura Espinosa Fuente','Modelos Computacionales'),('CARLOS RAISSOUNI  ','Teoria de la señal'),('JUAN DE DIOS VILLA ESTRELLA','Teoria de la señal'),('BRIAN SALIDO GARCIA','Teoria de la señal'),('LUKAS RAMIRO CABALLERO','Teoria de la señal'),('MIGUEL ANGEL SANCHEZ GOMEZ','Teoria de la señal'),('ANTONIO OUAHABI  ','Teoria de la señal'),('ALBERTO SAEZ CAZORLA','Teoria de la señal'),('AITOR RAMOS ARAGÓN','Teoria de la señal'),('DANIEL ROMERO CARRASCO','Teoria de la señal'),('IVAN SAUZA CORBACHO','Teoria de la señal'),('FELIPE TRILLO JIMENEZ','Teoria de la señal'),('JOSE ANTONIO SUAREZ DIAZ','Teoria de la señal'),('Victoria Mayordomo Toro','Teoria de la señal'),('Pedro Melendez Contado','Teoria de la señal'),('Enrique Silva Cervantes','Teoria de la señal'),('Jesus Neira Cintado','Teoria de la señal'),('JOSE DAVID RIOS CADENA','Teoria de la señal'),('BORJA SILVA DELGADO','Teoria de la señal'),('ALVARO MUÑOZ GARCIA-FAURE','Teoria de la señal'),('CAROLINA PEREZ AGUAVIVA','Teoria de la señal'),('PABLO PINTO ANDRES','Teoria de la señal'),('MARIA DE LOS ANGELES ROMERO CARRILLO','Teoria de la señal'),('PABLO RIVERO CORTECERO','Teoria de la señal'),('ADRIÁN VELASCO LLORET','Teoria de la señal'),('Esther de Diego Blasco','Teoria de la señal'),('TATIANA MAZGELIS PEREZ','Teoria de la señal'),('JUAN RUIZ FERNANDEZ','Teoria de la señal'),('GONZALO SANTOS CHICA','Teoria de la señal'),('RUBEN SANTIAGO GONZALEZ','Teoria de la señal'),('Marlon Mesa Jimenez','Teoria de la señal'),('CRISTINA ORTIZ GOMEZ','Teoria de la señal'),('Angel Montero Puig de Casamayor','Teoria de la señal'),('Samir Makluofi  ','Teoria de la señal'),('Elena Romero Torao','Teoria de la señal'),('George Rice  ','Teoria de la señal'),('JORGE MESTANZA GARCIA','Teoria de la señal'),('MIGUEL ANGEL ROBLES DOMINGUEZ','Teoria de la señal'),('ALEJANDRO HINDLEY FERNANDEZ','Teoria de la señal'),('Alejandra Oliveira Jimenes','Teoria de la señal'),('Gema Jimenez Larios','Teoria de la señal'),('ISABEL SANCHEZ GOMEZ','Teoria de la señal'),('RUBEN TORRALVO HARO','Teoria de la señal'),('JOSE CARLOS PALOMINO ARGUILEA','Teoria de la señal'),('ASMAE TORRES  ','Teoria de la señal'),('ELOY SANCHEZ GONZALEZ','Teoria de la señal'),('VICTOR HUGO MARTIN FLORIDO','Teoria de la señal'),('ANTONIO RODRIGUEZ CANTOS','Teoria de la señal'),('ANGEL JESUS ROMERO CAÑETE','Teoria de la señal'),('Nicolas Bersabe Alba','Teoria de la señal'),('ALBERTO JESUS RUIZ CARRION','Teoria de la señal'),('SAMUEL PRANDI ARIZA','Teoria de la señal'),('Hannae Tourug  ','Teoria de la señal'),('ADRIAN ROCHE ECHEVARRI','Teoria de la señal'),('MANUEL GUERRERO FERNANDEZ','Teoria de la señal'),('EDUARDO MORENO GARCIA','Teoria de la señal'),('MARIA ARACELI RANEA BURGUEÑO','Teoria de la señal'),('Maria Jose Lillo Gamez','Teoria de la señal'),('MANUEL VALVERDE ESTEPA','Teoria de la señal'),('Raziz Afilal  ','Teoria de la señal'),('Salvador Castillo Heredia','Teoria de la señal'),('Laura Espinosa Fuente','Teoria de la señal'),('Justo Iglesias Aramillo','Teoria de la señal'),('Salvador Castillo Heredia','Matemática Discreta');
/*!40000 ALTER TABLE `sol_6_5` ENABLE KEYS */;
UNLOCK TABLES;

--
-- Table structure for table `sol_6_6`
--

DROP TABLE IF EXISTS `sol_6_6`;
/*!40101 SET @saved_cs_client     = @@character_set_client */;
 SET character_set_client = utf8mb4 ;
CREATE TABLE `sol_6_6` (
  `DEPARTAMENTO` varchar(40) NOT NULL,
  `ASIGNATURA` varchar(50) NOT NULL
) ENGINE=InnoDB DEFAULT CHARSET=utf8;
/*!40101 SET character_set_client = @saved_cs_client */;

--
-- Dumping data for table `sol_6_6`
--

LOCK TABLES `sol_6_6` WRITE;
/*!40000 ALTER TABLE `sol_6_6` DISABLE KEYS */;
INSERT INTO `sol_6_6` VALUES ('Lenguajes y Ciencias de la Computacion','Sistemas Operativos'),('Lenguajes y Ciencias de la Computacion','Teoria de Automatas'),('Lenguajes y Ciencias de la Computacion','Ingeniería Web'),('Lenguajes y Ciencias de la Computacion','Modelos Computacionales'),('Matematica Aplicada','Estadistica'),('Arquitectura de Computadores','Computación Altas Prestaciones'),('Ingenieria de Comunicaciones','Teoria de la señal');
/*!40000 ALTER TABLE `sol_6_6` ENABLE KEYS */;
UNLOCK TABLES;

--
-- Table structure for table `sol_6_7`
--

DROP TABLE IF EXISTS `sol_6_7`;
/*!40101 SET @saved_cs_client     = @@character_set_client */;
 SET character_set_client = utf8mb4 ;
CREATE TABLE `sol_6_7` (
  `DEPARTAMENTO` varchar(40) NOT NULL
) ENGINE=InnoDB DEFAULT CHARSET=utf8;
/*!40101 SET character_set_client = @saved_cs_client */;

--
-- Dumping data for table `sol_6_7`
--

LOCK TABLES `sol_6_7` WRITE;
/*!40000 ALTER TABLE `sol_6_7` DISABLE KEYS */;
INSERT INTO `sol_6_7` VALUES ('Lenguajes y Ciencias de la Computacion');
/*!40000 ALTER TABLE `sol_6_7` ENABLE KEYS */;
UNLOCK TABLES;

--
-- Table structure for table `sol_6_8`
--

DROP TABLE IF EXISTS `sol_6_8`;
/*!40101 SET @saved_cs_client     = @@character_set_client */;
 SET character_set_client = utf8mb4 ;
CREATE TABLE `sol_6_8` (
  `NOMBRE` varchar(20) NOT NULL,
  `APELLIDO1` varchar(20) NOT NULL,
  `APELLIDO2` varchar(20) DEFAULT NULL
) ENGINE=InnoDB DEFAULT CHARSET=utf8;
/*!40101 SET character_set_client = @saved_cs_client */;

--
-- Dumping data for table `sol_6_8`
--

LOCK TABLES `sol_6_8` WRITE;
/*!40000 ALTER TABLE `sol_6_8` DISABLE KEYS */;
INSERT INTO `sol_6_8` VALUES ('Enrique','Soler','Castillo'),('Sergio','Gálvez','Rojas');
/*!40000 ALTER TABLE `sol_6_8` ENABLE KEYS */;
UNLOCK TABLES;

--
-- Table structure for table `sol_6_9`
--

DROP TABLE IF EXISTS `sol_6_9`;
/*!40101 SET @saved_cs_client     = @@character_set_client */;
 SET character_set_client = utf8mb4 ;
CREATE TABLE `sol_6_9` (
  `NOMBRE` varchar(40) NOT NULL
) ENGINE=InnoDB DEFAULT CHARSET=utf8;
/*!40101 SET character_set_client = @saved_cs_client */;

--
-- Dumping data for table `sol_6_9`
--

LOCK TABLES `sol_6_9` WRITE;
/*!40000 ALTER TABLE `sol_6_9` DISABLE KEYS */;
INSERT INTO `sol_6_9` VALUES ('Matematica Aplicada'),('Arquitectura de Computadores'),('Ingenieria de Comunicaciones');
/*!40000 ALTER TABLE `sol_6_9` ENABLE KEYS */;
UNLOCK TABLES;

--
-- Dumping events for database 'database_ruben'
--

--
-- Dumping routines for database 'database_ruben'
--
/*!40103 SET TIME_ZONE=@OLD_TIME_ZONE */;

/*!40101 SET SQL_MODE=@OLD_SQL_MODE */;
/*!40014 SET FOREIGN_KEY_CHECKS=@OLD_FOREIGN_KEY_CHECKS */;
/*!40014 SET UNIQUE_CHECKS=@OLD_UNIQUE_CHECKS */;
/*!40101 SET CHARACTER_SET_CLIENT=@OLD_CHARACTER_SET_CLIENT */;
/*!40101 SET CHARACTER_SET_RESULTS=@OLD_CHARACTER_SET_RESULTS */;
/*!40101 SET COLLATION_CONNECTION=@OLD_COLLATION_CONNECTION */;
/*!40111 SET SQL_NOTES=@OLD_SQL_NOTES */;

-- Dump completed on 2019-11-19  0:00:50
